txn_id,customer_id,txn_date,amount,txn_type,channel,branch_id
1,940,2023-12-09,969.86,transfer,mobile,1
2,619,2025-05-28,3350.71,transfer,mobile,2
3,428,2025-06-14,3030.22,transfer,mobile,19
4,177,2023-11-08,2181.68,withdraw,online,12
5,691,2025-08-20,2318.43,withdraw,mobile,1
6,828,2024-01-03,1300.69,transfer,mobile,10
7,175,2025-06-27,2626.69,deposit,mobile,1
8,536,2024-04-12,1020.32,payment,atm,17
9,452,2024-06-06,733.54,deposit,online,19
10,723,2024-08-26,3270.18,payment,mobile,10
11,913,2025-05-08,2489.51,payment,online,9
12,355,2025-03-18,1850.03,transfer,online,18
13,768,2024-12-01,314.52,payment,atm,9
14,13,2025-05-08,300.2,withdraw,mobile,13
15,100,2024-05-10,1524.01,deposit,branch,11
16,822,2023-12-31,2579.03,payment,branch,1
17,100,2025-03-22,3165.13,withdraw,mobile,8
18,263,2025-08-19,3922.7,payment,branch,3
19,28,2024-09-11,1587.91,deposit,online,11
20,227,2024-01-10,4357.63,deposit,mobile,17
21,118,2024-04-07,2275.85,transfer,mobile,10
22,558,2025-04-22,3775.86,deposit,mobile,6
23,792,2024-08-20,2603.94,withdraw,branch,3
24,921,2025-01-09,2975.69,transfer,atm,6
25,17,2024-03-01,1694.12,deposit,atm,4
26,378,2025-02-23,2532.34,payment,branch,6
27,833,2024-12-09,3264.33,transfer,mobile,8
28,604,2024-09-03,1131.84,withdraw,online,10
29,699,2025-07-06,170.35,deposit,branch,7
30,992,2025-03-06,375.73,payment,mobile,1
31,55,2025-01-24,593.87,withdraw,online,16
32,720,2025-07-29,2306.69,transfer,mobile,4
33,973,2024-08-14,2804.26,payment,mobile,4
34,616,2024-05-22,2812.36,transfer,mobile,9
35,157,2024-02-23,1876.09,transfer,online,12
36,218,2024-04-30,28.17,payment,branch,8
37,393,2025-08-04,2225.36,payment,branch,11
38,143,2024-05-27,87.54,payment,online,9
39,529,2024-06-23,1205.44,withdraw,mobile,10
40,507,2025-04-24,1282.63,deposit,atm,11
41,461,2024-07-02,2597.87,transfer,atm,11
42,491,2024-09-16,3368.18,deposit,mobile,15
43,564,2025-01-29,3491.82,deposit,atm,9
44,686,2024-11-19,921.42,withdraw,branch,17
45,882,2024-09-17,693.1,withdraw,branch,2
46,15,2025-08-26,1813.01,payment,mobile,14
47,453,2025-09-06,2785.58,withdraw,branch,14
48,714,2025-05-23,2221.58,withdraw,mobile,3
49,990,2023-12-12,1930.87,deposit,atm,12
50,161,2024-02-26,3347.89,deposit,online,11
51,333,2023-12-24,850.8,payment,branch,9
52,272,2024-12-06,2717.9,payment,atm,16
53,696,2024-12-02,82.25,deposit,branch,19
54,983,2024-08-31,2554.61,transfer,branch,18
55,154,2024-08-19,1013.08,deposit,atm,11
56,245,2024-02-14,3580.35,payment,branch,2
57,247,2024-01-15,3259.98,withdraw,online,4
58,495,2024-01-02,1618.66,withdraw,mobile,11
59,39,2023-10-25,2674.78,payment,mobile,5
60,74,2023-12-29,2500.72,payment,mobile,10
61,255,2025-02-14,499.51,payment,online,2
62,567,2024-11-07,2725.42,payment,online,5
63,155,2024-04-22,1976.3,deposit,mobile,10
64,740,2024-04-08,1416.1,deposit,branch,2
65,499,2025-04-29,6195.05,transfer,mobile,3
66,980,2025-05-29,243.91,payment,mobile,3
67,611,2024-07-03,2120.62,withdraw,mobile,18
68,685,2023-11-08,2705.28,payment,mobile,18
69,324,2025-02-14,1035.23,deposit,mobile,2
70,749,2025-09-15,2895.31,deposit,mobile,4
71,709,2025-06-27,2590.16,deposit,atm,12
72,282,2024-11-05,4042.47,transfer,atm,13
73,700,2025-06-11,3055.01,withdraw,online,5
74,405,2025-07-27,1817.36,withdraw,online,10
75,84,2025-01-31,258.59,deposit,online,9
76,368,2024-09-14,1985.49,transfer,online,7
77,558,2025-01-22,1125.06,payment,atm,8
78,959,2024-06-10,2238.74,deposit,online,2
79,989,2024-04-15,2816.26,transfer,branch,17
80,471,2025-08-14,3431.01,deposit,online,13
81,581,2024-09-11,3143.63,deposit,mobile,6
82,357,2024-10-24,649.08,deposit,branch,8
83,391,2025-05-14,3193.98,withdraw,atm,4
84,988,2024-03-14,1804.97,payment,branch,19
85,511,2024-12-08,699.43,deposit,atm,18
86,542,2024-04-06,4176.01,withdraw,mobile,16
87,411,2025-08-31,1260.07,payment,atm,15
88,886,2024-07-02,1548.59,payment,atm,16
89,504,2025-05-11,2304.63,payment,mobile,16
90,571,2025-09-06,3882.72,transfer,atm,10
91,202,2024-05-20,98.06,payment,branch,17
92,836,2024-12-15,2159.71,payment,online,15
93,153,2024-10-22,2206.42,deposit,mobile,19
94,804,2024-05-13,728.82,deposit,mobile,2
95,104,2023-11-22,1670.67,withdraw,atm,17
96,418,2023-10-21,2264.46,transfer,mobile,9
97,141,2025-09-14,2770.18,deposit,atm,17
98,575,2024-09-16,663.38,deposit,online,16
99,175,2025-02-11,3960.96,deposit,atm,15
100,100,2023-12-19,572.04,payment,online,4
101,914,2024-09-01,2307.27,deposit,branch,2
102,701,2024-07-22,1612.11,transfer,online,19
103,902,2024-01-26,2600.8,transfer,mobile,1
104,453,2024-08-23,2059.73,transfer,online,6
105,1000,2025-03-15,2590.42,transfer,atm,12
106,592,2025-03-03,1368.76,transfer,atm,10
107,89,2024-01-17,1425.4,transfer,branch,19
108,313,2025-10-01,964.67,deposit,online,7
109,206,2024-12-19,3333.89,payment,atm,19
110,179,2024-02-27,4321.65,withdraw,online,16
111,840,2024-08-09,2083.7,withdraw,mobile,11
112,901,2024-08-31,1232.28,transfer,online,17
113,902,2024-07-17,3461.3,withdraw,mobile,1
114,318,2023-12-31,957.87,withdraw,online,9
115,19,2024-10-15,1387.6,withdraw,atm,7
116,452,2024-10-25,2254.1,deposit,mobile,7
117,591,2024-12-08,2316.61,payment,branch,18
118,831,2023-10-20,1567.55,withdraw,mobile,8
119,218,2024-06-17,2485.9,withdraw,branch,5
120,412,2024-07-05,1949.2,withdraw,mobile,5
121,82,2023-11-15,1228.69,transfer,mobile,12
122,583,2025-04-08,4041.83,transfer,atm,10
123,98,2025-02-12,96.94,payment,online,10
124,166,2023-11-19,1846.35,withdraw,branch,11
125,439,2024-08-18,1899.94,withdraw,online,12
126,403,2025-07-28,2222.83,payment,atm,15
127,834,2024-04-02,3427.89,payment,branch,9
128,443,2025-02-04,3216.41,payment,atm,2
129,413,2024-02-16,4586.4,transfer,branch,19
130,560,2024-07-18,826.93,deposit,atm,4
131,610,2024-12-14,1395.89,deposit,mobile,13
132,68,2024-08-16,1830.07,transfer,mobile,9
133,164,2024-02-11,2909.49,payment,online,6
134,176,2024-07-03,3750.93,withdraw,mobile,10
135,370,2025-09-06,998.76,payment,atm,15
136,271,2024-10-21,3405.71,payment,mobile,9
137,923,2024-04-22,2018.97,deposit,atm,9
138,170,2025-09-08,1895.89,withdraw,online,13
139,680,2025-01-05,3271.38,transfer,online,15
140,575,2024-06-23,2614.96,deposit,mobile,14
141,69,2023-10-09,832.26,withdraw,branch,1
142,331,2025-07-18,252.93,payment,branch,16
143,503,2025-03-11,2489.45,transfer,online,13
144,504,2024-05-02,2543.04,withdraw,atm,10
145,870,2025-02-15,3042.99,withdraw,online,19
146,494,2024-10-29,3064.75,withdraw,mobile,9
147,509,2023-10-16,3287.57,deposit,online,1
148,694,2024-09-28,4836.65,deposit,mobile,18
149,568,2024-07-11,1495.53,withdraw,atm,6
150,680,2025-01-30,3635.14,payment,branch,11
151,549,2025-09-13,1524.28,transfer,branch,11
152,698,2025-03-24,3675.95,deposit,mobile,4
153,214,2024-08-20,1171.54,withdraw,online,4
154,988,2025-09-10,2004.91,transfer,mobile,3
155,974,2024-04-17,1965.55,withdraw,branch,16
156,925,2024-07-16,1815.51,deposit,mobile,10
157,860,2024-12-10,2948.45,deposit,atm,19
158,803,2025-09-04,2408.06,payment,mobile,1
159,196,2025-01-02,1875.05,withdraw,atm,13
160,311,2025-09-10,2935.71,withdraw,online,5
161,548,2023-10-29,336.61,withdraw,atm,16
162,97,2025-08-29,3738.84,deposit,mobile,9
163,6,2024-09-30,2210.25,withdraw,mobile,5
164,426,2024-01-05,5582.31,transfer,mobile,12
165,471,2025-01-02,836.76,transfer,branch,9
166,285,2025-02-03,733.79,transfer,mobile,13
167,672,2024-12-04,755.58,transfer,mobile,17
168,247,2023-11-25,2892.58,payment,mobile,2
169,485,2024-04-02,2134.53,withdraw,branch,1
170,414,2024-08-17,4093.57,deposit,branch,11
171,416,2023-10-08,1662.78,withdraw,atm,19
172,932,2025-06-29,2509.96,withdraw,mobile,10
173,540,2025-08-03,922.05,transfer,branch,19
174,118,2025-02-18,1388.32,transfer,branch,8
175,363,2025-05-13,510.53,withdraw,mobile,19
176,195,2024-11-15,3695.4,withdraw,online,15
177,449,2024-05-17,1258.53,deposit,branch,1
178,930,2025-01-12,725.86,deposit,online,15
179,205,2024-02-17,1949.36,deposit,mobile,7
180,640,2024-12-25,4317.73,payment,branch,17
181,71,2025-01-10,2350.11,transfer,atm,17
182,103,2024-08-08,1490.02,deposit,mobile,17
183,574,2024-07-15,5144.95,deposit,atm,16
184,25,2024-09-22,665.64,withdraw,online,9
185,632,2025-01-30,1730.2,withdraw,online,9
186,499,2023-12-10,3950.56,payment,atm,9
187,199,2024-08-25,416.9,withdraw,mobile,13
188,783,2025-09-12,1756.42,transfer,atm,14
189,542,2024-11-20,923.54,payment,branch,6
190,716,2025-06-10,1192.34,transfer,mobile,8
191,292,2023-11-06,2185.53,deposit,mobile,18
192,834,2024-04-04,3416.05,deposit,mobile,15
193,532,2025-01-07,706.55,withdraw,branch,8
194,59,2024-03-04,1173.54,transfer,branch,4
195,507,2023-11-01,1456.93,transfer,atm,11
196,898,2024-12-05,1844.11,withdraw,online,17
197,905,2025-04-03,2322.24,deposit,online,8
198,201,2023-11-19,3815.61,withdraw,branch,5
199,368,2024-12-15,2901.36,withdraw,online,17
200,355,2024-10-18,2748.89,deposit,atm,12
201,541,2025-02-22,3893.65,transfer,online,6
202,925,2024-11-10,678.63,withdraw,mobile,16
203,727,2025-06-19,486.02,withdraw,online,10
204,485,2025-09-15,4387.77,deposit,branch,10
205,844,2023-12-13,4171.17,withdraw,online,8
206,616,2025-03-08,1738.34,transfer,mobile,8
207,237,2025-08-29,1555.39,payment,branch,12
208,395,2024-10-01,313.32,transfer,online,17
209,730,2025-02-12,910.69,withdraw,atm,18
210,318,2023-12-06,3823.14,payment,mobile,6
211,505,2025-02-05,2117.97,withdraw,mobile,1
212,990,2023-12-16,1936.61,deposit,online,14
213,781,2024-03-11,3247.27,withdraw,atm,15
214,207,2025-02-04,2596.0,payment,online,6
215,984,2025-03-09,2312.53,payment,mobile,8
216,769,2025-04-25,1353.39,deposit,atm,6
217,893,2025-03-24,1600.84,deposit,online,14
218,690,2025-01-16,2589.85,payment,branch,14
219,699,2025-06-17,4071.95,transfer,online,13
220,230,2024-03-27,2124.56,withdraw,branch,8
221,331,2024-11-17,2710.38,withdraw,online,12
222,299,2025-04-08,3074.01,deposit,atm,10
223,451,2025-07-02,1883.2,deposit,atm,11
224,699,2024-07-20,1395.45,deposit,atm,11
225,926,2025-01-15,3298.12,transfer,branch,6
226,415,2025-01-16,425.34,withdraw,online,18
227,433,2024-01-16,2464.17,transfer,atm,16
228,709,2025-03-28,3309.18,deposit,mobile,10
229,339,2025-03-26,2173.87,transfer,atm,11
230,450,2024-05-16,2028.68,withdraw,mobile,11
231,665,2024-03-09,2599.84,payment,atm,14
232,994,2025-08-30,320.83,transfer,online,5
233,191,2024-10-17,2750.61,deposit,branch,11
234,288,2024-08-26,3062.28,transfer,mobile,18
235,155,2024-10-08,729.31,transfer,atm,12
236,645,2025-06-11,3778.0,transfer,mobile,9
237,182,2024-05-10,1109.02,payment,atm,4
238,193,2024-01-22,1417.63,transfer,online,12
239,406,2024-10-19,4384.47,deposit,branch,14
240,434,2024-11-16,1362.83,payment,branch,16
241,929,2023-10-12,3864.99,payment,online,6
242,643,2024-06-23,3024.77,payment,online,13
243,973,2025-09-08,3421.01,withdraw,online,11
244,968,2025-08-22,2359.73,payment,online,11
245,150,2025-07-13,1544.18,withdraw,branch,17
246,640,2024-01-23,2213.09,payment,online,16
247,942,2023-11-28,643.26,deposit,atm,15
248,952,2025-06-22,2747.25,payment,atm,9
249,931,2024-02-28,1276.15,deposit,atm,8
250,207,2024-10-06,1236.17,transfer,mobile,14
251,276,2024-08-16,1015.85,payment,mobile,17
252,64,2024-04-01,322.92,withdraw,branch,19
253,494,2025-07-28,1200.46,payment,branch,2
254,763,2025-01-11,1786.77,payment,branch,6
255,728,2024-12-10,42.66,payment,atm,14
256,192,2025-03-20,1444.62,payment,mobile,10
257,39,2025-07-30,302.03,deposit,online,4
258,101,2023-11-03,440.13,withdraw,branch,4
259,223,2024-10-26,3021.28,withdraw,mobile,6
260,266,2024-09-28,3800.69,payment,online,14
261,920,2025-06-17,288.35,withdraw,atm,17
262,65,2025-09-06,2937.63,transfer,atm,10
263,825,2025-01-11,804.39,withdraw,mobile,13
264,89,2025-02-16,3179.74,payment,branch,19
265,972,2025-03-16,2578.48,transfer,atm,7
266,525,2025-01-10,2442.48,deposit,online,9
267,40,2025-01-01,578.77,withdraw,mobile,16
268,201,2024-10-31,1400.74,transfer,online,12
269,38,2023-11-05,1490.66,transfer,online,18
270,912,2023-10-27,3242.99,transfer,atm,4
271,187,2024-12-15,1410.13,deposit,mobile,17
272,229,2025-05-27,2413.93,withdraw,atm,13
273,188,2024-06-07,4662.54,payment,online,7
274,72,2024-02-21,1809.15,deposit,mobile,6
275,191,2024-08-18,450.17,withdraw,atm,3
276,237,2024-08-14,2349.02,withdraw,branch,16
277,406,2024-11-02,3658.14,transfer,online,6
278,206,2025-09-17,4247.62,payment,atm,10
279,387,2024-08-14,1634.24,transfer,atm,5
280,702,2025-03-29,2886.7,payment,mobile,9
281,287,2025-06-05,2490.33,transfer,atm,4
282,525,2024-07-28,1630.63,deposit,atm,10
283,626,2024-06-28,1823.24,deposit,branch,4
284,481,2024-11-23,1360.81,deposit,atm,13
285,273,2025-08-06,800.3,transfer,mobile,14
286,328,2024-01-02,1059.77,payment,atm,15
287,699,2025-10-03,2890.58,transfer,branch,18
288,511,2025-08-30,3198.58,deposit,branch,7
289,13,2025-09-09,1368.5,withdraw,branch,13
290,171,2024-11-07,3666.01,deposit,branch,16
291,567,2024-11-05,538.27,transfer,mobile,10
292,364,2024-08-23,2784.2,transfer,mobile,1
293,825,2025-09-16,3439.57,deposit,online,3
294,843,2024-05-05,1737.61,withdraw,online,9
295,800,2025-09-17,2299.01,payment,atm,12
296,321,2024-02-24,927.81,transfer,online,10
297,702,2024-05-25,2118.95,transfer,mobile,1
298,416,2023-12-09,1227.76,withdraw,mobile,8
299,407,2024-12-13,1761.63,withdraw,mobile,13
300,192,2025-02-16,2759.56,transfer,branch,8
301,233,2024-10-08,1261.72,payment,mobile,19
302,450,2025-07-26,30.5,transfer,online,19
303,871,2024-08-25,2834.02,transfer,online,6
304,28,2024-05-03,245.33,withdraw,branch,5
305,371,2025-01-06,633.1,deposit,atm,4
306,58,2025-09-29,2111.43,deposit,online,17
307,105,2025-06-07,1023.75,transfer,branch,3
308,750,2025-02-07,322.7,payment,online,1
309,938,2023-10-10,3195.88,transfer,online,8
310,472,2024-01-11,1440.21,payment,branch,4
311,934,2024-07-14,2388.87,payment,atm,14
312,749,2024-09-25,622.77,deposit,atm,2
313,579,2025-07-27,1775.72,withdraw,mobile,8
314,10,2023-10-07,43.43,transfer,atm,5
315,195,2024-11-14,861.3,withdraw,atm,18
316,852,2024-08-19,4096.84,payment,atm,4
317,87,2024-01-21,1245.94,withdraw,mobile,2
318,670,2025-09-21,1614.0,transfer,branch,17
319,628,2025-04-28,2423.01,deposit,online,6
320,765,2024-10-25,1315.58,transfer,branch,14
321,948,2025-04-07,2930.92,payment,mobile,5
322,70,2025-01-01,3646.47,deposit,atm,16
323,364,2025-10-01,3022.61,withdraw,mobile,3
324,726,2024-04-08,3501.75,payment,atm,3
325,552,2025-03-21,14.14,deposit,online,11
326,573,2025-07-18,847.94,payment,mobile,13
327,693,2025-02-22,766.28,deposit,branch,5
328,585,2025-04-11,1883.46,transfer,online,2
329,449,2024-09-15,3064.44,transfer,online,12
330,844,2024-04-01,3817.74,transfer,branch,13
331,891,2025-10-01,2471.12,deposit,branch,9
332,615,2023-12-03,3908.6,transfer,branch,15
333,674,2024-03-23,1503.67,payment,mobile,15
334,385,2023-12-21,4265.23,deposit,mobile,10
335,694,2025-06-04,2327.84,withdraw,branch,3
336,208,2025-04-12,2531.84,payment,branch,15
337,785,2023-11-25,706.33,deposit,branch,17
338,496,2025-03-07,1236.0,withdraw,mobile,6
339,163,2025-09-29,1333.32,deposit,atm,13
340,753,2024-11-02,438.39,transfer,mobile,3
341,60,2024-01-17,2403.29,withdraw,atm,5
342,986,2023-12-24,4348.61,payment,branch,6
343,571,2024-09-14,2192.69,deposit,mobile,14
344,462,2024-06-16,2063.97,deposit,atm,12
345,887,2023-12-08,3860.3,transfer,online,3
346,337,2024-11-23,2083.64,transfer,atm,4
347,675,2024-06-03,3390.89,payment,online,17
348,327,2025-06-28,1596.49,transfer,branch,1
349,355,2024-09-09,716.86,withdraw,online,14
350,933,2025-09-04,144.33,payment,atm,15
351,836,2025-02-24,1451.52,payment,branch,4
352,429,2024-03-29,2065.62,withdraw,online,13
353,194,2025-06-18,182.64,payment,atm,11
354,159,2024-05-04,2385.91,deposit,atm,13
355,962,2025-04-30,2270.32,deposit,online,3
356,798,2025-09-28,2831.27,withdraw,branch,18
357,882,2024-09-13,1120.36,payment,branch,11
358,382,2024-01-09,4181.67,deposit,atm,5
359,350,2025-08-09,3440.64,withdraw,online,4
360,93,2025-02-16,2168.43,transfer,branch,10
361,146,2025-05-15,2366.74,deposit,mobile,10
362,212,2025-08-25,64.81,withdraw,online,3
363,106,2025-03-27,1886.65,deposit,atm,5
364,416,2025-02-03,2503.53,withdraw,online,6
365,291,2024-01-27,1844.58,payment,atm,11
366,973,2025-01-16,2695.83,transfer,branch,3
367,393,2023-11-16,3979.38,deposit,branch,17
368,251,2024-03-29,3284.73,deposit,mobile,10
369,83,2025-01-04,1764.17,payment,online,2
370,237,2025-09-28,3139.01,payment,online,15
371,25,2024-12-17,2784.93,withdraw,branch,9
372,25,2023-12-05,3040.39,withdraw,atm,16
373,738,2024-03-22,1952.99,deposit,mobile,13
374,903,2025-03-10,1924.93,transfer,mobile,2
375,844,2025-01-04,1534.28,transfer,branch,3
376,187,2024-11-17,333.22,withdraw,online,6
377,953,2023-12-28,1188.0,payment,branch,12
378,700,2024-01-23,3205.51,deposit,online,7
379,758,2024-08-04,80.59,transfer,atm,8
380,263,2023-11-08,2409.14,transfer,atm,14
381,575,2025-04-02,1881.09,withdraw,atm,17
382,63,2023-11-18,1276.62,deposit,mobile,4
383,981,2023-12-17,269.79,transfer,online,14
384,970,2025-01-18,3028.8,transfer,mobile,5
385,797,2025-06-19,753.75,withdraw,online,19
386,461,2025-06-26,42.47,withdraw,mobile,5
387,27,2025-05-02,2119.91,deposit,branch,4
388,898,2024-07-07,3038.9,withdraw,online,16
389,146,2025-06-09,3881.36,deposit,atm,4
390,534,2024-03-15,968.6,payment,online,15
391,932,2023-12-17,3034.92,transfer,mobile,9
392,288,2025-02-19,2408.61,payment,branch,18
393,517,2025-08-22,2578.14,deposit,branch,4
394,989,2024-07-09,1164.97,payment,branch,13
395,810,2024-03-01,2295.08,payment,atm,10
396,478,2024-02-24,1543.69,transfer,online,3
397,441,2025-10-06,4718.86,transfer,mobile,2
398,187,2024-04-12,2139.64,payment,branch,2
399,194,2025-02-27,2855.25,payment,online,14
400,423,2023-12-01,259.78,deposit,atm,11
401,88,2024-12-05,2266.75,payment,atm,15
402,306,2025-09-29,3534.64,payment,atm,17
403,225,2023-11-29,313.7,transfer,online,10
404,711,2024-05-01,1957.05,withdraw,branch,4
405,108,2024-03-05,1834.34,withdraw,atm,11
406,493,2023-11-13,1657.23,transfer,online,3
407,490,2025-02-17,2820.41,deposit,mobile,9
408,374,2025-04-26,1933.46,withdraw,atm,5
409,246,2023-11-22,2340.5,payment,branch,11
410,283,2024-07-05,814.55,deposit,online,2
411,160,2025-06-30,2935.22,payment,mobile,12
412,858,2024-11-14,1953.18,deposit,branch,2
413,688,2023-12-04,2091.05,deposit,atm,4
414,408,2024-12-21,1672.77,withdraw,atm,2
415,671,2025-04-24,1495.57,transfer,online,5
416,156,2025-05-28,3509.23,payment,mobile,7
417,280,2024-08-02,2860.16,deposit,branch,14
418,674,2025-08-23,528.11,payment,branch,12
419,150,2025-04-13,2529.57,payment,branch,14
420,639,2025-01-15,1120.21,payment,mobile,4
421,440,2024-03-13,2766.39,payment,online,18
422,294,2024-09-19,3269.74,transfer,atm,13
423,123,2023-10-21,1037.36,transfer,atm,14
424,710,2023-12-09,1549.55,payment,online,17
425,599,2024-11-28,364.0,payment,atm,12
426,401,2024-10-23,2850.46,deposit,branch,15
427,556,2024-05-19,1087.77,payment,atm,8
428,768,2024-04-10,2344.56,transfer,branch,15
429,43,2024-10-20,442.99,withdraw,branch,8
430,909,2024-06-22,1090.57,transfer,online,3
431,645,2024-09-04,965.96,deposit,atm,2
432,941,2025-03-08,2036.04,deposit,online,8
433,247,2024-12-26,641.26,payment,atm,7
434,566,2025-01-17,1925.11,payment,atm,16
435,611,2024-03-11,1891.55,transfer,branch,15
436,129,2025-06-08,3172.78,deposit,branch,6
437,8,2025-08-06,1049.24,transfer,online,3
438,709,2024-05-12,1521.08,transfer,online,12
439,212,2024-03-28,3242.87,payment,atm,19
440,102,2024-02-05,2983.67,transfer,mobile,11
441,653,2024-09-22,3349.64,payment,online,15
442,949,2024-07-13,2876.39,deposit,branch,11
443,211,2023-12-12,2336.13,withdraw,online,19
444,26,2023-11-15,196.13,transfer,atm,13
445,924,2023-12-06,2807.13,payment,atm,19
446,780,2024-02-14,3442.69,transfer,atm,14
447,779,2024-10-22,3324.65,withdraw,branch,11
448,275,2025-01-03,2570.2,payment,branch,14
449,884,2025-09-19,3096.53,deposit,atm,8
450,328,2025-08-31,145.12,transfer,online,15
451,376,2024-02-09,1160.82,transfer,mobile,5
452,46,2024-07-03,3394.95,deposit,online,16
453,889,2024-06-23,2752.2,transfer,branch,11
454,348,2024-09-25,2223.79,withdraw,mobile,13
455,791,2025-08-09,2925.02,deposit,branch,19
456,865,2025-05-04,111.71,payment,branch,14
457,547,2024-05-11,477.95,deposit,mobile,15
458,622,2025-09-05,1176.8,payment,mobile,19
459,358,2025-06-16,3900.17,payment,branch,6
460,320,2024-07-19,658.67,transfer,mobile,10
461,519,2024-01-31,2480.58,deposit,branch,10
462,441,2025-06-01,2157.28,transfer,online,18
463,742,2025-04-18,1517.61,payment,mobile,2
464,516,2023-11-19,2876.43,deposit,online,11
465,502,2024-12-19,2096.95,withdraw,branch,9
466,189,2024-10-28,1182.73,transfer,online,19
467,292,2024-09-23,1020.54,transfer,online,14
468,377,2024-01-21,2093.77,withdraw,online,16
469,355,2025-09-19,1733.97,payment,mobile,17
470,551,2025-01-04,620.75,payment,branch,16
471,39,2024-03-02,280.47,withdraw,atm,2
472,108,2024-05-30,2014.31,payment,branch,4
473,530,2024-11-04,841.72,deposit,mobile,13
474,390,2023-12-21,1266.48,withdraw,online,8
475,664,2024-09-02,2523.17,transfer,branch,5
476,542,2025-01-29,1038.7,deposit,branch,1
477,970,2024-04-17,1190.08,transfer,branch,7
478,885,2023-11-15,1516.31,payment,branch,18
479,259,2024-10-27,1787.1,withdraw,mobile,1
480,364,2024-10-15,373.36,transfer,atm,11
481,580,2025-07-19,1231.52,withdraw,mobile,2
482,172,2024-01-09,1019.25,transfer,branch,10
483,25,2024-12-06,1636.12,transfer,online,14
484,679,2024-06-06,1959.06,payment,online,19
485,631,2025-05-27,1509.06,withdraw,online,5
486,727,2024-06-14,1977.79,deposit,branch,10
487,251,2025-01-29,1288.99,deposit,atm,15
488,387,2025-01-02,2281.97,transfer,branch,15
489,35,2025-02-10,1846.81,deposit,mobile,19
490,67,2025-08-05,1327.27,payment,online,15
491,900,2025-07-08,3266.65,transfer,online,9
492,828,2025-03-14,5300.87,withdraw,mobile,7
493,15,2025-06-03,2730.04,withdraw,online,17
494,997,2024-06-30,2629.19,payment,mobile,10
495,491,2025-01-05,612.42,deposit,mobile,18
496,12,2025-03-10,4707.53,deposit,mobile,14
497,368,2025-01-15,892.0,transfer,atm,6
498,965,2025-08-29,2599.11,transfer,mobile,18
499,190,2025-06-22,3173.38,withdraw,atm,19
500,56,2025-06-22,526.78,transfer,online,15
501,137,2024-06-14,1566.43,deposit,online,14
502,249,2024-02-20,1922.98,withdraw,online,3
503,922,2023-11-05,3836.23,payment,atm,13
504,269,2024-08-30,2797.91,deposit,mobile,18
505,367,2025-09-01,2484.87,deposit,branch,15
506,831,2024-10-08,384.36,payment,atm,13
507,114,2023-12-19,3759.75,transfer,atm,7
508,309,2025-01-17,3524.5,withdraw,branch,14
509,374,2023-11-03,1907.17,deposit,atm,11
510,887,2024-09-20,4110.1,withdraw,atm,19
511,850,2025-04-10,1274.41,payment,atm,1
512,915,2025-09-15,2990.87,payment,atm,17
513,37,2025-06-13,1045.33,transfer,online,16
514,294,2025-09-28,2509.27,deposit,branch,16
515,540,2025-05-20,841.2,withdraw,online,12
516,439,2025-06-14,3955.0,transfer,branch,8
517,85,2023-11-06,3641.72,transfer,atm,13
518,491,2024-07-18,597.51,withdraw,atm,15
519,225,2025-09-02,672.06,transfer,mobile,12
520,466,2023-11-21,2687.39,payment,atm,15
521,680,2025-04-01,1779.82,payment,online,6
522,347,2025-02-07,3.76,deposit,mobile,13
523,825,2023-10-22,2788.34,payment,mobile,13
524,177,2024-01-03,2993.68,transfer,online,5
525,758,2025-06-29,4171.42,deposit,branch,18
526,297,2024-07-17,230.92,withdraw,atm,6
527,902,2024-06-08,2077.0,payment,atm,3
528,225,2023-11-24,1567.87,payment,atm,18
529,960,2024-12-02,627.91,deposit,atm,1
530,996,2023-12-30,3433.51,deposit,mobile,17
531,508,2024-12-10,2273.52,payment,branch,19
532,919,2025-07-05,825.43,transfer,mobile,16
533,182,2023-10-23,2173.21,transfer,mobile,2
534,848,2023-10-23,2991.97,payment,online,18
535,546,2023-11-05,4414.19,deposit,branch,6
536,864,2025-02-19,357.04,deposit,online,11
537,551,2025-03-27,3099.18,deposit,online,18
538,956,2024-07-30,2899.24,payment,online,9
539,479,2024-09-30,3282.06,payment,mobile,16
540,143,2024-01-31,2724.95,transfer,mobile,5
541,247,2024-08-13,3277.38,transfer,branch,13
542,772,2024-05-13,2674.84,withdraw,mobile,10
543,189,2024-06-04,2779.4,payment,atm,14
544,768,2024-02-25,1563.3,deposit,branch,11
545,611,2025-02-18,1528.64,deposit,branch,9
546,308,2023-11-21,364.51,transfer,branch,7
547,808,2025-09-05,151.6,deposit,atm,18
548,788,2025-05-18,327.45,payment,atm,17
549,493,2024-07-30,3433.72,transfer,online,10
550,375,2023-12-22,3073.58,withdraw,atm,3
551,594,2024-12-26,1223.67,deposit,atm,19
552,894,2023-10-08,780.13,transfer,branch,16
553,384,2024-08-03,1716.84,deposit,online,3
554,183,2025-01-22,2893.02,withdraw,mobile,19
555,870,2025-07-12,1771.81,deposit,mobile,16
556,111,2025-08-23,2068.09,withdraw,online,19
557,584,2024-04-02,2218.01,transfer,branch,17
558,703,2024-03-25,1089.31,deposit,mobile,7
559,155,2023-11-10,1159.22,withdraw,online,18
560,215,2024-02-27,3059.18,withdraw,mobile,17
561,686,2025-06-06,2192.59,transfer,branch,2
562,284,2024-10-25,4655.04,transfer,atm,6
563,189,2025-07-18,3431.28,withdraw,atm,8
564,179,2025-01-18,490.56,payment,online,7
565,905,2024-11-30,2040.76,payment,online,4
566,35,2024-06-03,2202.71,transfer,atm,13
567,616,2024-12-10,1926.14,transfer,mobile,11
568,298,2024-02-13,1949.37,deposit,mobile,18
569,575,2024-10-17,2109.32,transfer,mobile,3
570,432,2023-10-27,4167.84,deposit,online,3
571,372,2024-02-27,1819.44,withdraw,atm,16
572,253,2024-02-23,2801.19,deposit,atm,17
573,892,2024-11-01,1313.9,withdraw,branch,14
574,498,2025-08-10,2399.13,transfer,atm,6
575,27,2025-06-09,3278.21,payment,atm,3
576,702,2023-10-18,3743.14,transfer,mobile,9
577,866,2025-06-16,1370.52,payment,online,17
578,781,2023-10-24,3622.64,deposit,branch,15
579,236,2024-04-15,455.89,withdraw,branch,7
580,477,2024-05-25,2129.6,transfer,atm,6
581,14,2023-12-25,2257.79,payment,branch,3
582,485,2025-02-12,1325.86,payment,branch,17
583,939,2025-09-06,13.56,withdraw,online,7
584,482,2025-04-17,1657.4,withdraw,branch,17
585,999,2024-07-15,1431.85,payment,online,19
586,617,2024-03-31,2816.92,deposit,online,9
587,709,2025-09-04,2834.63,withdraw,branch,2
588,439,2024-10-16,5461.08,deposit,branch,14
589,609,2024-10-19,2386.01,deposit,mobile,4
590,260,2023-11-01,2201.67,deposit,branch,11
591,59,2024-12-06,3746.7,deposit,atm,4
592,700,2023-10-08,2968.95,withdraw,branch,16
593,802,2024-02-01,1872.21,withdraw,branch,13
594,113,2025-09-21,1455.45,deposit,atm,7
595,189,2024-03-01,3366.1,transfer,branch,19
596,798,2024-10-25,2033.62,withdraw,branch,4
597,835,2024-10-12,1297.73,transfer,online,6
598,470,2024-04-05,3206.79,withdraw,mobile,4
599,494,2024-04-24,3229.4,deposit,mobile,14
600,521,2025-03-27,1656.65,transfer,atm,12
601,298,2025-09-21,2797.64,payment,online,6
602,840,2024-10-27,1336.49,deposit,branch,17
603,369,2024-06-22,2282.47,transfer,online,3
604,574,2025-10-03,409.05,withdraw,mobile,11
605,212,2024-02-06,2735.15,withdraw,branch,1
606,543,2025-01-17,2953.33,withdraw,online,18
607,759,2025-01-17,3090.75,payment,branch,3
608,568,2024-05-18,2551.27,transfer,atm,12
609,482,2025-02-26,2217.28,deposit,mobile,19
610,897,2025-09-01,3563.93,transfer,mobile,16
611,492,2024-02-07,1047.28,withdraw,online,1
612,612,2025-06-05,1329.44,withdraw,online,11
613,273,2024-03-05,1232.92,transfer,branch,14
614,452,2025-01-27,930.93,withdraw,branch,16
615,327,2025-08-24,3970.43,withdraw,mobile,17
616,485,2025-05-26,2904.35,payment,branch,9
617,340,2024-02-29,1049.16,withdraw,branch,19
618,914,2025-06-23,2406.87,withdraw,mobile,1
619,279,2025-03-29,3081.86,transfer,online,5
620,829,2025-04-23,3272.18,withdraw,atm,1
621,848,2025-09-13,1946.13,withdraw,mobile,3
622,79,2025-08-17,2219.0,transfer,atm,2
623,609,2025-02-21,2334.79,withdraw,atm,7
624,617,2024-04-21,3034.18,deposit,mobile,14
625,180,2025-03-28,317.71,transfer,branch,2
626,670,2025-08-18,3584.22,payment,mobile,17
627,97,2024-01-31,1262.81,withdraw,atm,12
628,56,2024-09-13,1148.25,payment,mobile,15
629,574,2023-11-01,1415.13,withdraw,atm,18
630,442,2025-09-17,2640.38,withdraw,atm,4
631,114,2025-06-22,1606.47,transfer,online,1
632,715,2025-05-19,2961.3,withdraw,mobile,5
633,176,2024-06-28,1275.0,deposit,online,8
634,366,2025-07-10,339.84,payment,mobile,17
635,728,2023-10-10,726.45,deposit,online,17
636,273,2025-04-20,1945.44,deposit,branch,16
637,94,2025-04-01,2795.27,deposit,branch,10
638,877,2025-04-28,1031.43,deposit,branch,10
639,496,2024-11-25,2967.9,deposit,mobile,14
640,433,2024-10-29,66.24,deposit,atm,4
641,338,2023-10-15,5213.57,transfer,atm,12
642,265,2024-11-20,2077.63,deposit,atm,15
643,988,2024-01-31,2892.68,payment,branch,14
644,92,2025-01-02,1000.75,deposit,branch,3
645,450,2025-08-24,2127.03,payment,mobile,12
646,177,2025-01-27,2989.6,payment,atm,3
647,875,2025-01-24,2607.92,payment,online,4
648,885,2024-03-08,2541.03,withdraw,atm,14
649,302,2023-11-07,1320.12,withdraw,branch,1
650,561,2025-04-14,2066.07,deposit,branch,16
651,144,2024-03-19,3937.73,payment,branch,16
652,148,2024-06-11,1613.57,payment,atm,9
653,334,2024-04-17,301.68,transfer,mobile,13
654,724,2024-04-05,2262.24,transfer,atm,4
655,765,2024-06-09,3916.54,payment,branch,17
656,140,2024-11-29,234.7,withdraw,online,1
657,781,2023-11-21,3839.8,payment,branch,16
658,996,2025-03-26,3204.56,payment,branch,10
659,457,2024-10-07,340.48,deposit,branch,16
660,380,2024-12-18,582.92,withdraw,online,14
661,899,2025-08-07,4289.37,payment,online,14
662,784,2024-02-19,1912.95,transfer,branch,12
663,509,2023-12-26,1231.12,payment,branch,18
664,524,2025-04-26,6389.24,payment,atm,19
665,1000,2024-02-28,3397.5,withdraw,online,11
666,357,2024-01-16,1895.29,payment,atm,5
667,523,2025-08-09,2943.92,deposit,atm,5
668,9,2024-01-15,1349.31,transfer,atm,6
669,529,2024-02-13,4000.47,deposit,atm,6
670,840,2024-04-02,2145.81,withdraw,online,3
671,631,2024-01-12,2059.17,withdraw,branch,9
672,522,2025-05-31,2922.61,withdraw,mobile,17
673,963,2024-04-06,2373.33,payment,atm,4
674,938,2024-12-13,267.58,deposit,branch,10
675,85,2025-08-24,2417.07,deposit,atm,2
676,12,2023-10-19,2104.04,deposit,branch,2
677,774,2025-06-15,2681.72,transfer,mobile,12
678,841,2024-08-07,740.41,withdraw,online,11
679,636,2024-11-10,305.25,payment,online,8
680,804,2024-12-13,2108.22,deposit,branch,12
681,253,2024-11-30,1087.65,deposit,branch,12
682,306,2025-05-28,4318.95,withdraw,atm,7
683,905,2024-11-17,3419.87,withdraw,mobile,12
684,86,2023-10-20,969.42,payment,branch,6
685,657,2025-09-16,1282.69,transfer,branch,8
686,917,2023-12-04,2202.8,payment,branch,7
687,984,2024-07-05,3797.83,payment,mobile,12
688,816,2025-07-02,1843.63,withdraw,atm,10
689,110,2024-07-07,1500.13,withdraw,branch,11
690,791,2023-12-23,3343.75,withdraw,mobile,8
691,894,2024-02-10,3770.19,transfer,online,1
692,213,2024-03-17,1053.66,withdraw,branch,15
693,929,2023-10-30,3900.05,transfer,branch,18
694,622,2024-01-13,262.32,withdraw,online,8
695,893,2024-08-04,1654.19,transfer,online,17
696,139,2023-10-13,2495.34,withdraw,branch,4
697,161,2024-09-25,3918.25,payment,branch,19
698,210,2024-11-07,2962.55,deposit,branch,19
699,954,2024-03-12,1028.74,deposit,online,2
700,821,2024-08-21,3148.04,deposit,online,18
701,57,2024-10-16,516.99,withdraw,mobile,19
702,797,2024-01-24,2209.25,transfer,branch,8
703,891,2025-07-07,2315.84,withdraw,atm,12
704,668,2025-07-21,1501.17,withdraw,mobile,5
705,982,2025-02-18,3280.06,payment,online,8
706,254,2025-03-08,1613.7,payment,mobile,15
707,997,2025-01-19,354.36,payment,mobile,9
708,693,2024-12-23,2199.48,withdraw,branch,15
709,362,2024-11-07,4459.49,payment,online,3
710,255,2023-12-21,1656.95,transfer,online,4
711,853,2024-02-08,517.56,payment,branch,5
712,663,2024-07-03,1352.94,deposit,mobile,16
713,237,2025-05-24,1533.98,payment,branch,4
714,616,2023-11-27,1633.26,payment,atm,10
715,409,2024-05-15,1067.58,payment,branch,3
716,197,2024-12-31,2169.73,withdraw,branch,2
717,845,2025-01-18,1246.53,withdraw,branch,11
718,42,2025-08-03,1470.2,withdraw,online,1
719,71,2023-12-23,3221.22,payment,atm,10
720,683,2024-05-25,2924.3,deposit,atm,6
721,399,2025-06-20,1806.13,transfer,branch,12
722,4,2025-07-23,1250.15,transfer,branch,16
723,1000,2024-03-24,792.98,withdraw,online,5
724,963,2023-12-15,51.17,deposit,mobile,18
725,939,2024-06-26,3375.24,payment,mobile,9
726,255,2025-06-19,1067.15,deposit,branch,15
727,28,2024-11-05,1708.76,transfer,online,17
728,368,2025-05-19,268.01,transfer,atm,3
729,686,2025-03-29,4021.22,withdraw,online,17
730,59,2024-10-14,3200.03,deposit,online,7
731,215,2024-12-26,1661.84,transfer,atm,8
732,560,2024-06-01,2118.2,transfer,atm,2
733,951,2024-06-04,2307.47,payment,mobile,15
734,461,2024-08-18,2580.13,transfer,atm,4
735,464,2024-12-31,828.8,payment,atm,17
736,854,2024-09-06,1382.06,withdraw,mobile,18
737,503,2023-10-20,858.97,deposit,online,4
738,863,2025-06-08,1785.37,payment,atm,15
739,151,2023-11-23,2015.39,transfer,mobile,18
740,37,2024-08-17,2575.79,deposit,atm,13
741,402,2025-06-24,2064.1,payment,online,19
742,365,2023-12-17,423.81,payment,atm,12
743,117,2023-11-17,2551.74,deposit,atm,10
744,992,2023-11-22,1790.22,withdraw,mobile,13
745,231,2024-10-09,1881.33,withdraw,atm,19
746,405,2023-11-02,3170.81,payment,mobile,17
747,743,2024-04-24,3534.35,deposit,mobile,17
748,69,2025-04-28,2784.35,withdraw,mobile,8
749,678,2024-05-01,165.42,withdraw,mobile,13
750,846,2024-12-30,1556.68,payment,mobile,11
751,945,2025-09-13,3075.54,transfer,branch,16
752,824,2024-04-17,2025.4,withdraw,atm,6
753,694,2024-06-22,1625.72,deposit,branch,15
754,710,2025-05-28,2615.88,deposit,mobile,19
755,384,2023-12-17,2825.48,withdraw,mobile,3
756,745,2024-02-27,3968.87,payment,atm,13
757,998,2023-10-08,4188.19,withdraw,atm,13
758,497,2023-10-30,1714.52,transfer,mobile,17
759,509,2025-02-24,2054.59,deposit,atm,15
760,258,2024-08-02,2670.0,transfer,branch,4
761,19,2025-05-02,2389.35,deposit,atm,4
762,424,2025-08-23,164.64,deposit,online,6
763,921,2025-04-14,1993.33,payment,mobile,9
764,196,2024-02-16,3414.22,transfer,online,14
765,837,2025-01-23,2331.9,payment,branch,17
766,798,2023-11-27,2010.27,payment,atm,3
767,279,2024-12-15,124.36,payment,mobile,15
768,924,2024-06-09,584.65,payment,online,3
769,726,2024-08-09,1280.15,payment,mobile,17
770,109,2025-02-11,3318.0,deposit,branch,15
771,379,2025-06-17,1485.36,withdraw,online,18
772,679,2023-10-26,2709.7,deposit,mobile,18
773,428,2023-10-17,2934.69,withdraw,atm,4
774,402,2024-03-10,1890.49,payment,branch,9
775,713,2025-09-14,2911.42,payment,online,12
776,194,2025-02-05,1649.89,transfer,branch,16
777,404,2024-01-15,1571.47,transfer,online,1
778,135,2025-06-08,1706.38,deposit,atm,12
779,618,2024-11-18,792.09,withdraw,online,12
780,871,2024-12-02,1296.37,withdraw,branch,10
781,463,2024-10-18,2347.58,payment,atm,9
782,479,2024-07-21,2055.05,transfer,online,7
783,119,2024-10-14,1995.2,deposit,branch,19
784,894,2024-03-22,1700.99,withdraw,online,15
785,78,2024-02-04,1600.81,payment,atm,3
786,214,2025-08-19,3521.17,withdraw,branch,19
787,579,2024-08-17,1964.84,deposit,atm,13
788,376,2024-06-20,1078.6,withdraw,online,10
789,231,2024-02-15,808.93,transfer,mobile,10
790,905,2024-10-22,3120.84,transfer,mobile,19
791,277,2025-05-12,2352.38,transfer,atm,3
792,324,2025-03-01,1919.32,deposit,mobile,8
793,688,2025-02-08,635.39,payment,mobile,8
794,461,2025-09-08,928.6,payment,branch,14
795,141,2025-01-13,3673.55,payment,mobile,3
796,849,2023-11-25,745.74,deposit,branch,13
797,180,2024-03-31,1258.28,transfer,branch,15
798,107,2024-05-02,1372.33,transfer,atm,3
799,444,2025-04-21,4039.32,payment,atm,7
800,13,2024-01-18,1517.85,deposit,mobile,13
801,268,2024-11-23,883.81,deposit,online,16
802,640,2025-09-29,4159.54,deposit,atm,3
803,888,2025-03-29,3032.87,transfer,mobile,10
804,874,2024-05-25,164.67,payment,branch,3
805,712,2025-07-01,1942.78,deposit,branch,6
806,809,2023-11-28,1466.6,transfer,online,2
807,946,2024-06-17,4330.63,transfer,mobile,13
808,395,2024-07-29,324.15,withdraw,mobile,14
809,70,2023-12-10,2725.62,payment,mobile,15
810,764,2024-07-30,1640.22,deposit,mobile,8
811,677,2024-02-01,1063.74,withdraw,atm,5
812,999,2025-04-15,3057.39,withdraw,branch,5
813,478,2023-11-15,275.71,transfer,branch,16
814,300,2025-08-02,1990.9,withdraw,atm,1
815,16,2025-07-01,2094.53,deposit,online,5
816,375,2024-05-15,3264.71,payment,mobile,7
817,301,2025-09-26,2925.34,withdraw,branch,13
818,923,2025-06-28,3566.75,withdraw,online,7
819,426,2025-09-30,3402.61,deposit,atm,16
820,351,2024-06-18,1505.14,transfer,mobile,19
821,39,2024-04-19,2385.05,deposit,branch,11
822,411,2024-01-26,1802.53,deposit,mobile,7
823,735,2023-10-10,2327.08,transfer,mobile,3
824,291,2024-10-30,1262.12,transfer,online,7
825,897,2024-10-11,1849.79,transfer,atm,19
826,898,2024-08-05,3016.26,withdraw,branch,12
827,509,2023-12-26,1197.99,withdraw,branch,6
828,189,2025-06-13,1926.71,transfer,branch,18
829,76,2023-11-26,2809.67,transfer,branch,16
830,689,2024-08-26,1808.52,transfer,branch,5
831,218,2024-04-05,3349.8,withdraw,atm,12
832,26,2025-05-14,3518.53,payment,mobile,15
833,123,2025-05-04,2514.96,deposit,online,16
834,311,2024-07-23,1139.95,transfer,mobile,2
835,438,2024-12-12,2009.11,withdraw,atm,6
836,174,2024-01-25,4074.66,deposit,atm,8
837,776,2025-03-19,4315.2,withdraw,mobile,8
838,371,2024-03-30,1273.71,withdraw,atm,8
839,58,2025-04-24,3949.81,deposit,online,9
840,271,2023-12-18,3563.54,withdraw,branch,10
841,797,2024-11-12,2769.09,deposit,branch,5
842,342,2024-03-07,2473.28,transfer,atm,9
843,744,2024-12-28,2086.71,payment,branch,14
844,373,2025-09-20,721.6,deposit,mobile,9
845,249,2024-10-17,138.19,withdraw,mobile,19
846,817,2024-06-11,2794.46,transfer,online,8
847,727,2024-09-11,2806.83,withdraw,online,9
848,283,2023-10-25,2383.68,withdraw,branch,2
849,537,2023-10-28,2753.25,transfer,branch,10
850,948,2025-06-20,3630.68,deposit,branch,3
851,6,2023-12-07,4240.67,withdraw,branch,18
852,599,2025-09-15,3491.88,withdraw,online,5
853,404,2025-03-18,1446.6,deposit,mobile,17
854,763,2025-08-02,2907.88,deposit,mobile,13
855,478,2024-02-19,2757.17,transfer,atm,12
856,813,2024-09-30,1239.8,withdraw,mobile,1
857,536,2024-08-26,2504.84,payment,online,16
858,1000,2023-11-18,1306.5,payment,atm,17
859,243,2025-02-08,1292.8,deposit,branch,11
860,705,2025-04-19,1449.63,transfer,branch,19
861,580,2024-03-20,603.61,withdraw,atm,18
862,482,2025-05-06,566.97,transfer,mobile,10
863,178,2025-05-09,99.69,transfer,online,7
864,49,2025-03-22,2495.6,withdraw,mobile,5
865,176,2024-07-26,2828.57,transfer,online,4
866,276,2025-04-24,2318.74,withdraw,mobile,4
867,800,2025-01-07,575.61,payment,atm,16
868,798,2025-02-17,3269.38,withdraw,online,16
869,826,2024-07-01,822.97,transfer,branch,11
870,109,2024-02-07,2039.74,payment,mobile,4
871,676,2025-09-17,1815.79,withdraw,branch,16
872,681,2024-10-20,1710.73,withdraw,branch,2
873,21,2024-02-20,1687.08,payment,atm,19
874,73,2023-10-30,513.72,transfer,branch,17
875,101,2025-08-05,4333.51,withdraw,atm,15
876,947,2024-03-10,1585.44,payment,branch,19
877,297,2024-02-18,2152.51,payment,online,12
878,541,2024-10-25,2104.36,transfer,branch,12
879,867,2025-04-23,937.41,payment,branch,11
880,849,2024-07-06,2194.27,deposit,mobile,10
881,649,2025-05-27,1425.22,withdraw,mobile,18
882,462,2024-10-16,4751.85,deposit,atm,6
883,632,2025-09-21,2776.79,payment,branch,18
884,441,2025-05-18,3253.47,deposit,online,7
885,720,2024-07-16,1798.93,withdraw,mobile,10
886,722,2025-01-23,2227.29,withdraw,atm,16
887,985,2024-10-23,4077.02,payment,mobile,8
888,812,2024-07-15,998.06,withdraw,online,5
889,374,2024-11-29,2088.34,transfer,branch,18
890,204,2024-11-20,1834.8,deposit,atm,9
891,922,2024-03-04,247.68,payment,mobile,19
892,141,2024-08-10,173.74,transfer,online,3
893,311,2024-02-14,2485.2,transfer,online,15
894,130,2023-10-13,905.25,payment,branch,13
895,622,2024-03-16,1120.97,withdraw,online,11
896,383,2024-09-19,1966.06,deposit,branch,5
897,286,2024-06-06,1763.61,transfer,atm,13
898,515,2025-06-09,1267.06,withdraw,mobile,6
899,811,2024-03-06,3053.78,payment,mobile,4
900,450,2024-09-03,1704.35,transfer,atm,2
901,986,2025-03-16,2457.4,payment,branch,12
902,278,2023-11-21,753.1,deposit,atm,18
903,491,2024-10-11,949.13,payment,branch,15
904,329,2025-07-30,3378.14,transfer,online,8
905,281,2025-09-01,528.72,payment,online,19
906,727,2023-10-25,3543.78,transfer,online,19
907,896,2023-11-30,2761.74,payment,mobile,1
908,979,2025-01-27,1086.77,deposit,atm,1
909,367,2024-10-09,1950.99,payment,online,8
910,645,2024-07-09,2201.85,withdraw,online,5
911,689,2025-02-13,146.08,deposit,online,1
912,619,2025-01-19,1352.83,transfer,mobile,11
913,18,2025-06-28,2627.87,payment,mobile,7
914,929,2024-12-21,535.62,withdraw,online,1
915,753,2025-03-14,2976.78,withdraw,branch,6
916,106,2024-03-23,2154.34,payment,branch,9
917,72,2024-12-13,1137.33,withdraw,mobile,6
918,974,2025-05-06,2244.88,withdraw,branch,6
919,538,2024-10-05,4658.65,withdraw,atm,16
920,455,2024-03-21,2668.08,payment,branch,13
921,725,2025-07-02,3778.35,transfer,mobile,15
922,52,2025-08-17,1660.14,withdraw,mobile,13
923,226,2024-10-31,1230.0,withdraw,atm,10
924,632,2025-03-28,3998.42,transfer,branch,16
925,704,2025-07-23,891.67,transfer,mobile,12
926,133,2023-10-12,2243.53,transfer,atm,4
927,965,2024-01-01,948.93,deposit,branch,5
928,173,2025-02-21,1770.28,payment,online,3
929,406,2024-11-10,3077.05,withdraw,mobile,3
930,496,2025-04-22,3356.26,withdraw,atm,10
931,299,2025-01-02,1040.01,payment,online,19
932,770,2023-12-30,1675.73,payment,atm,2
933,166,2025-03-02,1671.81,deposit,atm,14
934,768,2023-11-18,3276.73,deposit,online,1
935,437,2025-07-27,204.78,deposit,branch,1
936,405,2025-05-08,3151.33,transfer,branch,6
937,556,2025-05-29,3146.32,transfer,atm,8
938,506,2023-12-23,1953.51,payment,atm,12
939,231,2024-10-31,1269.98,withdraw,atm,5
940,393,2024-09-12,2711.04,deposit,atm,5
941,611,2024-03-05,372.49,transfer,mobile,7
942,606,2024-05-05,3300.96,withdraw,mobile,19
943,220,2023-10-25,2279.19,deposit,branch,8
944,617,2025-07-19,5871.36,transfer,atm,2
945,871,2025-08-07,16.45,payment,mobile,6
946,660,2025-01-07,3265.44,withdraw,mobile,2
947,633,2024-01-17,1894.25,deposit,atm,1
948,513,2024-08-16,3906.21,transfer,mobile,13
949,915,2025-03-02,699.12,transfer,atm,12
950,606,2025-01-22,2429.27,deposit,branch,7
951,205,2025-06-12,2739.47,deposit,online,8
952,758,2025-02-28,2208.18,deposit,online,18
953,212,2025-08-19,958.09,payment,mobile,13
954,551,2024-07-10,2117.38,deposit,branch,16
955,815,2025-06-27,885.83,transfer,online,18
956,589,2025-02-09,1853.08,payment,atm,18
957,527,2024-07-11,2793.32,withdraw,online,9
958,330,2024-07-25,482.28,payment,branch,17
959,146,2024-06-26,2313.41,payment,atm,16
960,227,2025-03-12,3227.84,payment,branch,18
961,541,2025-04-03,1514.91,deposit,mobile,17
962,279,2025-08-16,2318.56,deposit,atm,17
963,186,2025-01-02,784.38,transfer,mobile,7
964,440,2025-05-05,2939.16,deposit,branch,14
965,801,2024-09-18,1593.04,deposit,online,17
966,531,2025-09-15,3400.14,transfer,branch,3
967,632,2024-10-26,508.36,payment,branch,10
968,344,2025-02-12,1795.69,deposit,atm,16
969,218,2024-04-05,1759.12,deposit,online,7
970,272,2025-08-25,492.64,transfer,branch,16
971,424,2025-06-30,1715.21,deposit,branch,11
972,228,2023-12-31,1409.25,payment,mobile,9
973,134,2025-03-29,3899.07,withdraw,mobile,6
974,259,2025-03-22,1690.94,payment,branch,7
975,993,2023-11-06,2138.59,deposit,branch,15
976,463,2024-11-01,2069.33,deposit,branch,14
977,506,2024-06-10,1590.11,withdraw,atm,10
978,736,2025-03-10,3040.63,deposit,branch,8
979,420,2024-01-06,2816.26,withdraw,branch,18
980,37,2025-03-09,1761.38,withdraw,mobile,3
981,320,2024-01-30,287.99,payment,atm,11
982,959,2024-04-22,2161.3,transfer,atm,17
983,496,2024-11-24,3822.35,transfer,online,15
984,415,2024-04-10,2823.7,transfer,mobile,5
985,463,2025-01-18,1759.92,payment,branch,15
986,244,2025-04-30,2299.24,payment,branch,18
987,166,2025-06-05,3399.64,transfer,online,2
988,123,2024-04-16,2637.17,payment,mobile,11
989,229,2023-11-22,1582.18,withdraw,branch,10
990,995,2025-03-12,2264.82,deposit,atm,11
991,703,2024-10-31,832.71,transfer,branch,11
992,295,2025-08-22,2617.03,deposit,mobile,10
993,171,2025-03-21,2979.8,payment,branch,13
994,69,2024-12-15,1984.9,payment,online,14
995,968,2024-05-26,2229.1,deposit,mobile,18
996,865,2024-02-21,1956.4,payment,atm,17
997,512,2024-09-27,741.05,withdraw,branch,14
998,67,2025-03-17,1517.04,payment,online,12
999,237,2024-03-01,3461.16,deposit,mobile,7
1000,222,2024-05-29,897.26,payment,branch,12
1001,158,2024-11-29,2700.96,transfer,online,6
1002,283,2024-11-02,2736.64,withdraw,online,5
1003,888,2025-02-03,3447.34,transfer,atm,11
1004,214,2025-08-15,2731.01,withdraw,online,1
1005,274,2024-05-10,1490.33,payment,online,7
1006,919,2025-09-21,2599.96,deposit,branch,11
1007,470,2025-06-02,3039.7,withdraw,online,18
1008,206,2024-02-09,1076.8,withdraw,online,8
1009,618,2024-12-10,2401.35,payment,atm,4
1010,261,2025-07-07,2810.47,deposit,mobile,2
1011,286,2024-07-13,5231.31,withdraw,mobile,5
1012,738,2025-06-09,2992.59,transfer,atm,8
1013,92,2025-03-16,1441.92,transfer,branch,18
1014,486,2024-06-21,3430.24,payment,branch,18
1015,364,2024-05-20,3598.49,payment,mobile,3
1016,876,2025-08-30,233.25,transfer,atm,10
1017,250,2025-05-08,2505.16,transfer,online,3
1018,471,2024-03-18,3201.98,transfer,atm,7
1019,366,2023-11-29,2869.55,deposit,online,19
1020,210,2024-01-12,941.84,deposit,online,13
1021,234,2025-08-06,3147.12,transfer,online,8
1022,74,2025-09-01,2166.38,transfer,online,19
1023,147,2025-07-29,3841.38,transfer,branch,1
1024,752,2023-12-16,3346.85,withdraw,atm,3
1025,869,2024-08-16,2467.0,transfer,atm,8
1026,221,2025-01-27,2000.85,transfer,branch,2
1027,713,2025-06-13,1313.6,withdraw,branch,12
1028,183,2023-11-24,4388.81,payment,mobile,1
1029,623,2025-08-25,2166.56,deposit,atm,1
1030,235,2024-02-07,3412.68,payment,mobile,8
1031,800,2025-07-08,1765.16,deposit,branch,2
1032,137,2024-08-13,3272.11,payment,atm,3
1033,754,2025-06-13,1851.99,payment,branch,3
1034,764,2024-02-29,2370.86,withdraw,atm,14
1035,152,2025-03-19,1899.01,payment,online,7
1036,235,2025-04-19,1973.14,transfer,mobile,14
1037,38,2025-05-20,2203.56,payment,online,2
1038,864,2025-02-08,5412.74,transfer,online,17
1039,161,2024-09-09,4451.63,payment,mobile,9
1040,801,2025-01-10,2348.3,payment,mobile,13
1041,405,2023-12-19,1327.85,withdraw,online,19
1042,121,2023-11-17,1700.12,deposit,mobile,15
1043,302,2025-07-14,4306.32,deposit,atm,11
1044,12,2025-07-12,1211.52,withdraw,mobile,17
1045,177,2024-09-25,1930.6,payment,atm,14
1046,999,2025-02-14,2292.52,payment,online,1
1047,56,2025-07-30,2419.06,payment,online,3
1048,845,2025-01-07,2274.74,payment,atm,6
1049,235,2024-03-13,2588.79,transfer,branch,11
1050,440,2023-10-21,2553.52,deposit,branch,7
1051,396,2025-05-22,1654.87,withdraw,online,9
1052,233,2025-02-18,3789.12,withdraw,mobile,13
1053,439,2024-01-13,2572.55,payment,mobile,2
1054,141,2024-05-12,1521.99,transfer,mobile,18
1055,284,2025-04-12,2625.46,payment,atm,1
1056,276,2024-01-01,3423.98,withdraw,online,5
1057,713,2024-03-16,2514.94,withdraw,atm,13
1058,85,2025-01-08,512.53,deposit,atm,5
1059,240,2023-12-24,2640.01,transfer,atm,15
1060,999,2024-09-19,901.75,transfer,branch,3
1061,62,2024-07-09,951.45,withdraw,branch,8
1062,977,2025-05-19,3155.22,payment,atm,1
1063,337,2024-04-03,489.38,transfer,online,10
1064,381,2025-01-20,1973.56,deposit,online,18
1065,20,2025-09-17,2126.41,payment,online,8
1066,166,2024-08-24,2362.83,withdraw,mobile,9
1067,612,2025-05-20,1833.79,payment,atm,17
1068,79,2025-08-23,1491.33,deposit,atm,10
1069,688,2024-10-19,2892.38,withdraw,atm,6
1070,634,2025-01-13,1754.15,payment,atm,3
1071,226,2024-12-27,1475.35,withdraw,mobile,18
1072,656,2023-12-05,49.06,payment,mobile,11
1073,394,2025-02-05,2049.54,payment,branch,5
1074,791,2024-11-05,3244.59,deposit,branch,16
1075,438,2024-11-29,3147.55,transfer,branch,8
1076,161,2024-05-02,4789.61,transfer,atm,12
1077,34,2024-06-23,1998.89,payment,atm,3
1078,934,2023-12-24,1374.29,payment,branch,17
1079,44,2025-08-14,2845.58,transfer,branch,3
1080,852,2024-09-15,2421.71,payment,branch,13
1081,108,2023-11-23,425.75,deposit,online,10
1082,267,2024-02-03,1053.94,withdraw,branch,9
1083,702,2024-05-11,3502.03,deposit,online,8
1084,950,2024-03-09,2887.55,payment,mobile,8
1085,787,2025-03-31,273.3,payment,atm,15
1086,262,2023-12-20,3599.38,payment,online,16
1087,914,2025-05-07,3508.13,payment,mobile,17
1088,396,2024-11-24,1965.97,deposit,branch,7
1089,878,2025-02-07,1294.69,deposit,mobile,7
1090,639,2025-08-03,341.41,withdraw,mobile,7
1091,225,2024-01-03,2108.38,payment,online,13
1092,535,2025-08-26,1682.5,transfer,branch,5
1093,935,2024-04-18,2424.11,withdraw,atm,11
1094,671,2025-06-13,1667.44,deposit,online,13
1095,543,2024-06-01,1466.4,transfer,mobile,2
1096,16,2024-11-24,1330.3,transfer,mobile,5
1097,593,2025-08-14,3111.29,transfer,branch,8
1098,77,2024-01-10,3084.42,deposit,branch,9
1099,510,2025-05-07,1592.67,withdraw,atm,7
1100,979,2024-02-10,1099.36,withdraw,atm,11
1101,359,2025-09-23,3003.37,withdraw,mobile,5
1102,573,2025-01-08,3744.46,payment,branch,7
1103,969,2023-12-02,2143.59,transfer,branch,18
1104,10,2025-01-30,995.04,payment,atm,1
1105,449,2024-04-09,5061.41,payment,atm,18
1106,718,2024-03-11,2780.27,transfer,atm,17
1107,439,2025-09-26,2281.21,deposit,mobile,2
1108,503,2023-11-04,3145.31,withdraw,mobile,4
1109,676,2024-11-21,1899.68,withdraw,mobile,7
1110,468,2025-01-25,2083.42,deposit,branch,4
1111,849,2024-01-16,2262.39,payment,online,8
1112,344,2025-09-14,1464.42,transfer,mobile,19
1113,353,2025-08-03,1460.99,deposit,atm,13
1114,289,2024-05-17,2101.04,deposit,branch,13
1115,411,2025-06-15,708.23,transfer,atm,19
1116,319,2025-04-08,1424.72,deposit,branch,3
1117,560,2024-09-11,2363.24,payment,mobile,11
1118,697,2023-12-13,2243.21,deposit,branch,10
1119,330,2024-11-12,2128.6,payment,online,11
1120,887,2025-06-19,705.78,transfer,atm,13
1121,805,2023-12-01,986.81,deposit,atm,8
1122,51,2024-10-22,2770.85,payment,online,6
1123,253,2024-09-12,3418.23,deposit,online,14
1124,548,2024-07-21,2770.65,withdraw,online,6
1125,779,2024-07-12,3504.64,transfer,atm,4
1126,564,2025-06-18,1045.47,transfer,mobile,13
1127,146,2024-06-08,4679.83,deposit,mobile,10
1128,700,2025-06-09,935.13,withdraw,branch,15
1129,771,2025-09-28,3920.2,payment,atm,11
1130,783,2023-11-13,2991.78,deposit,online,10
1131,422,2024-06-07,2983.25,transfer,atm,18
1132,594,2024-08-22,2508.67,payment,mobile,2
1133,872,2024-01-02,2759.55,transfer,branch,10
1134,133,2025-06-04,5069.28,transfer,mobile,2
1135,376,2024-05-22,369.61,payment,mobile,4
1136,895,2024-05-21,1101.1,payment,branch,18
1137,641,2024-01-07,1564.66,withdraw,online,5
1138,715,2024-08-09,957.47,payment,online,13
1139,208,2025-04-10,396.97,withdraw,branch,16
1140,422,2024-07-01,2868.96,withdraw,mobile,17
1141,587,2024-09-10,1508.24,deposit,mobile,7
1142,42,2023-10-24,2940.03,payment,mobile,11
1143,387,2024-02-10,2812.65,withdraw,online,10
1144,416,2024-11-24,704.54,withdraw,atm,1
1145,56,2024-11-17,135.11,deposit,branch,7
1146,967,2024-07-15,3746.31,payment,atm,9
1147,534,2025-06-27,3587.29,deposit,online,19
1148,356,2025-07-21,1797.05,payment,online,13
1149,452,2023-11-04,1474.67,withdraw,online,10
1150,299,2025-09-26,1897.95,transfer,mobile,6
1151,723,2024-05-31,785.84,payment,mobile,16
1152,897,2025-03-23,2972.6,transfer,mobile,7
1153,211,2024-03-07,3679.64,payment,mobile,1
1154,578,2024-10-16,2439.98,withdraw,atm,18
1155,363,2024-08-18,1767.55,payment,mobile,4
1156,589,2025-06-12,2648.35,deposit,mobile,18
1157,765,2024-06-19,3301.04,deposit,branch,1
1158,42,2025-01-01,2252.36,deposit,mobile,15
1159,783,2024-12-27,2057.83,transfer,atm,12
1160,281,2023-12-25,782.04,transfer,mobile,6
1161,887,2025-02-05,1914.39,deposit,mobile,1
1162,819,2024-11-24,3021.49,payment,branch,5
1163,287,2024-09-23,2050.87,withdraw,branch,4
1164,420,2024-08-30,2545.97,deposit,atm,8
1165,666,2025-01-07,2117.97,payment,branch,16
1166,470,2023-10-16,213.49,payment,online,19
1167,104,2024-07-26,2959.77,transfer,branch,1
1168,807,2025-03-12,39.3,deposit,mobile,15
1169,900,2024-10-28,1182.84,transfer,mobile,2
1170,380,2023-11-07,156.03,withdraw,online,1
1171,354,2025-01-14,82.06,payment,mobile,13
1172,513,2024-12-25,881.87,deposit,online,15
1173,753,2024-10-31,1556.21,withdraw,mobile,14
1174,651,2024-01-27,1606.48,payment,branch,3
1175,317,2024-05-28,3635.87,transfer,mobile,10
1176,520,2025-06-04,1635.65,deposit,mobile,18
1177,709,2025-07-17,3261.79,withdraw,mobile,1
1178,132,2024-07-19,2683.24,payment,branch,3
1179,265,2024-09-30,2643.5,withdraw,atm,10
1180,862,2025-06-06,2663.39,withdraw,branch,18
1181,130,2024-07-15,2034.16,payment,online,1
1182,757,2024-02-15,1145.85,payment,online,18
1183,909,2024-10-26,110.84,withdraw,branch,5
1184,114,2024-11-16,799.28,transfer,atm,6
1185,379,2025-01-01,540.07,payment,mobile,18
1186,825,2024-12-08,3178.44,withdraw,branch,2
1187,154,2024-12-01,486.26,transfer,branch,4
1188,445,2025-06-21,2212.61,deposit,branch,14
1189,708,2024-06-24,2123.43,deposit,branch,11
1190,976,2025-08-17,2179.21,withdraw,mobile,8
1191,75,2025-04-30,1245.13,withdraw,mobile,19
1192,159,2024-04-06,2236.09,withdraw,branch,9
1193,996,2025-03-05,970.71,withdraw,branch,16
1194,585,2024-08-01,111.3,payment,mobile,3
1195,681,2025-03-23,2249.67,withdraw,branch,8
1196,827,2024-05-08,1132.24,deposit,online,2
1197,230,2025-07-23,2704.16,payment,mobile,9
1198,705,2024-06-28,1190.7,deposit,branch,4
1199,867,2024-07-15,1926.06,transfer,mobile,9
1200,963,2023-12-09,3474.86,deposit,branch,15
1201,270,2024-09-15,3156.69,withdraw,online,10
1202,186,2024-02-19,1975.88,payment,branch,19
1203,712,2025-07-19,2128.47,transfer,online,17
1204,228,2025-06-12,1585.82,deposit,branch,19
1205,521,2024-01-15,1125.22,deposit,online,11
1206,276,2025-08-16,1369.45,transfer,mobile,15
1207,110,2023-12-24,1501.79,transfer,online,8
1208,870,2025-03-04,648.51,transfer,branch,12
1209,560,2024-05-30,4399.09,deposit,mobile,9
1210,516,2025-09-30,3367.97,payment,mobile,13
1211,816,2025-06-25,307.49,deposit,atm,19
1212,88,2024-08-29,3302.99,transfer,mobile,13
1213,77,2024-05-11,3308.22,withdraw,branch,13
1214,570,2024-06-17,1102.28,deposit,mobile,14
1215,893,2025-04-15,2779.13,withdraw,mobile,15
1216,624,2024-10-15,1572.7,payment,branch,17
1217,224,2024-11-09,3199.35,withdraw,online,17
1218,63,2025-02-02,1901.41,withdraw,atm,17
1219,307,2024-09-14,4088.32,withdraw,mobile,13
1220,830,2024-11-15,1146.67,transfer,atm,15
1221,746,2025-06-24,1248.53,payment,mobile,12
1222,587,2025-01-22,2173.94,deposit,atm,19
1223,66,2024-10-27,4165.14,deposit,branch,9
1224,866,2024-11-13,2085.11,deposit,atm,5
1225,55,2024-09-10,3190.39,deposit,atm,1
1226,662,2024-05-30,1560.21,transfer,branch,14
1227,292,2024-12-06,4159.1,transfer,branch,17
1228,487,2024-09-20,3030.67,transfer,mobile,11
1229,625,2024-05-31,3735.23,payment,mobile,15
1230,483,2025-02-16,801.06,transfer,mobile,12
1231,158,2024-01-28,1198.24,withdraw,mobile,7
1232,922,2024-11-24,1062.47,withdraw,atm,16
1233,9,2023-11-06,1716.57,payment,mobile,18
1234,191,2023-12-16,2411.0,transfer,mobile,13
1235,680,2023-10-19,1126.96,payment,branch,4
1236,417,2024-12-21,1797.68,payment,online,19
1237,640,2024-08-31,1270.28,withdraw,mobile,13
1238,364,2024-10-11,2936.54,transfer,online,18
1239,606,2024-10-29,4037.95,payment,mobile,12
1240,405,2023-12-01,777.35,deposit,atm,9
1241,126,2025-01-21,3236.36,withdraw,mobile,17
1242,281,2025-02-22,2816.49,transfer,online,5
1243,389,2024-06-29,1629.36,deposit,branch,18
1244,144,2025-05-06,267.65,deposit,branch,14
1245,257,2025-04-27,846.36,transfer,branch,15
1246,172,2025-08-01,777.56,payment,branch,15
1247,183,2025-04-01,684.75,withdraw,atm,10
1248,355,2025-05-16,93.75,transfer,mobile,8
1249,988,2025-04-13,2773.04,payment,online,1
1250,881,2024-12-18,1295.4,withdraw,mobile,7
1251,215,2024-03-23,1302.09,deposit,online,2
1252,380,2025-08-19,185.96,transfer,online,13
1253,600,2024-03-18,171.19,withdraw,mobile,9
1254,52,2025-06-19,2241.68,payment,online,1
1255,17,2024-05-06,1906.69,deposit,branch,18
1256,431,2025-10-03,1776.12,withdraw,atm,17
1257,582,2024-08-14,2136.07,payment,atm,7
1258,58,2024-09-14,2550.79,deposit,branch,10
1259,496,2024-08-21,1707.32,transfer,atm,5
1260,56,2024-03-14,1786.59,payment,online,15
1261,393,2024-12-13,2324.07,payment,online,19
1262,442,2024-04-13,1540.72,withdraw,branch,1
1263,528,2025-05-22,1954.17,withdraw,atm,18
1264,839,2025-02-21,1074.31,withdraw,branch,8
1265,838,2025-08-07,3900.26,withdraw,branch,11
1266,313,2024-06-17,2195.43,deposit,mobile,7
1267,905,2024-03-25,2421.69,payment,branch,3
1268,783,2025-01-20,1435.91,payment,online,6
1269,510,2023-11-06,4501.66,payment,atm,1
1270,412,2024-01-05,790.51,transfer,mobile,2
1271,192,2025-04-01,2321.72,withdraw,atm,6
1272,244,2024-02-07,5181.19,deposit,mobile,2
1273,934,2025-01-24,4127.13,transfer,atm,9
1274,992,2025-01-24,533.83,transfer,mobile,6
1275,590,2024-10-19,948.99,deposit,atm,12
1276,51,2024-05-09,1033.04,transfer,mobile,19
1277,280,2024-12-14,2299.24,payment,branch,12
1278,356,2025-03-31,1985.43,withdraw,mobile,17
1279,580,2024-06-12,3662.58,deposit,online,10
1280,409,2024-01-06,1463.15,transfer,atm,15
1281,770,2025-03-02,2046.2,withdraw,online,3
1282,539,2024-07-11,865.95,deposit,branch,1
1283,189,2023-12-18,2179.9,payment,mobile,5
1284,819,2025-04-27,2144.14,transfer,online,6
1285,114,2025-04-03,2942.89,transfer,branch,6
1286,334,2024-07-28,3625.2,deposit,mobile,19
1287,798,2025-03-20,1427.19,transfer,atm,7
1288,472,2025-01-13,1480.49,withdraw,mobile,16
1289,109,2025-01-14,582.46,payment,atm,11
1290,325,2024-02-14,2036.64,deposit,mobile,7
1291,987,2024-02-09,2530.79,deposit,atm,13
1292,602,2024-10-06,2054.53,withdraw,online,9
1293,746,2024-09-28,1805.26,deposit,atm,10
1294,329,2024-06-29,1969.58,transfer,atm,3
1295,886,2025-06-28,2448.6,transfer,branch,14
1296,832,2024-03-09,3021.89,payment,atm,4
1297,626,2023-10-15,3079.89,withdraw,atm,7
1298,959,2023-10-23,2648.39,transfer,branch,1
1299,888,2025-07-04,1241.25,transfer,branch,14
1300,982,2024-04-02,253.6,transfer,branch,17
1301,676,2025-08-01,3196.72,withdraw,mobile,5
1302,687,2025-01-20,1342.29,transfer,branch,14
1303,640,2025-05-20,358.31,payment,online,2
1304,64,2023-12-31,672.23,transfer,branch,16
1305,714,2024-10-02,1545.08,payment,mobile,1
1306,577,2025-03-30,2859.25,transfer,mobile,6
1307,25,2023-12-14,505.11,withdraw,mobile,17
1308,48,2025-05-25,2627.01,payment,mobile,15
1309,56,2023-11-20,2588.22,payment,branch,1
1310,793,2024-01-06,2905.88,deposit,online,10
1311,746,2023-10-16,2350.73,transfer,mobile,18
1312,2,2024-12-21,2906.19,deposit,online,17
1313,956,2024-05-25,936.37,deposit,online,18
1314,643,2024-03-18,258.32,transfer,mobile,18
1315,964,2024-02-04,686.34,withdraw,atm,1
1316,848,2025-06-05,1632.12,transfer,atm,6
1317,792,2024-05-09,1124.16,payment,mobile,12
1318,913,2024-08-03,4369.28,withdraw,mobile,15
1319,606,2025-03-18,2708.02,deposit,branch,12
1320,814,2025-02-26,2913.8,transfer,online,9
1321,237,2024-05-17,3547.48,transfer,atm,17
1322,493,2023-12-24,2042.63,transfer,branch,3
1323,873,2025-01-10,3835.39,payment,atm,5
1324,814,2023-12-20,3250.22,deposit,atm,4
1325,336,2025-08-19,492.02,payment,atm,17
1326,685,2023-11-09,2202.22,withdraw,branch,1
1327,428,2023-11-08,3412.62,deposit,online,6
1328,597,2024-04-18,2164.1,deposit,mobile,13
1329,459,2024-07-07,3323.86,transfer,branch,10
1330,205,2023-12-10,3730.33,deposit,mobile,7
1331,472,2025-01-31,922.37,transfer,atm,9
1332,979,2024-06-13,2821.0,deposit,branch,8
1333,854,2023-10-20,2040.46,withdraw,branch,11
1334,543,2025-08-04,2322.31,deposit,branch,16
1335,523,2025-03-14,1283.73,payment,atm,16
1336,126,2024-05-09,9.36,withdraw,atm,14
1337,476,2023-10-10,2933.42,deposit,atm,6
1338,619,2025-05-19,2713.41,deposit,mobile,18
1339,849,2023-11-12,2807.15,withdraw,branch,5
1340,235,2025-03-13,4124.85,payment,atm,4
1341,771,2025-04-12,252.09,transfer,mobile,12
1342,257,2024-09-01,4239.01,deposit,atm,18
1343,171,2023-10-31,894.26,payment,online,10
1344,832,2025-04-23,1321.53,payment,atm,5
1345,68,2025-05-10,342.09,transfer,mobile,4
1346,591,2024-12-22,157.86,deposit,online,3
1347,586,2024-01-25,3492.09,withdraw,mobile,3
1348,832,2024-02-28,3473.64,deposit,branch,12
1349,513,2025-06-16,1809.62,deposit,mobile,1
1350,100,2024-01-13,2261.1,deposit,mobile,4
1351,241,2024-09-14,2432.44,withdraw,online,3
1352,471,2024-05-06,907.23,deposit,mobile,4
1353,277,2025-05-10,1485.14,withdraw,mobile,3
1354,294,2025-04-23,2563.29,payment,atm,9
1355,541,2024-05-09,330.93,transfer,branch,17
1356,790,2023-11-13,1421.19,withdraw,mobile,14
1357,44,2024-12-09,321.11,deposit,online,19
1358,870,2025-05-16,175.66,transfer,mobile,1
1359,797,2023-11-01,490.57,transfer,mobile,16
1360,558,2024-08-14,708.8,deposit,mobile,10
1361,472,2025-09-17,387.78,withdraw,mobile,19
1362,599,2023-11-16,1190.15,deposit,online,13
1363,737,2025-08-18,2210.54,payment,atm,7
1364,920,2023-11-04,2253.95,transfer,branch,13
1365,701,2024-03-24,1358.49,payment,online,7
1366,97,2025-05-24,1073.41,deposit,mobile,8
1367,463,2024-05-03,3502.74,deposit,mobile,5
1368,806,2025-04-15,2193.56,withdraw,branch,1
1369,772,2025-05-13,2612.78,deposit,mobile,8
1370,788,2025-04-03,1606.55,payment,mobile,13
1371,503,2025-03-04,536.4,withdraw,online,1
1372,746,2024-12-02,1817.28,deposit,atm,19
1373,218,2024-02-05,5470.04,payment,branch,14
1374,893,2025-05-15,2334.03,transfer,branch,1
1375,754,2024-12-18,4505.59,transfer,online,19
1376,601,2024-12-21,2849.26,transfer,branch,11
1377,417,2024-04-13,2591.46,transfer,online,8
1378,810,2025-07-29,3000.32,deposit,mobile,1
1379,258,2023-10-09,1477.94,deposit,branch,6
1380,529,2024-03-15,3728.39,payment,mobile,6
1381,708,2024-01-06,2637.07,transfer,branch,4
1382,960,2024-01-07,3029.77,payment,mobile,5
1383,493,2025-01-01,2570.33,payment,branch,14
1384,867,2025-09-22,4352.89,deposit,online,7
1385,801,2025-10-05,1036.64,transfer,online,8
1386,544,2025-07-20,140.5,deposit,branch,2
1387,19,2025-03-06,2162.28,deposit,branch,16
1388,192,2025-03-24,2598.86,payment,branch,4
1389,475,2024-09-18,1974.91,transfer,online,1
1390,496,2024-06-07,2912.17,transfer,mobile,9
1391,9,2023-10-30,2113.14,deposit,mobile,8
1392,208,2025-01-08,756.36,withdraw,mobile,1
1393,513,2025-04-11,2793.39,deposit,atm,16
1394,786,2025-10-01,1900.56,deposit,branch,1
1395,339,2024-07-04,1429.82,withdraw,mobile,5
1396,695,2024-07-14,3408.21,payment,atm,18
1397,690,2024-07-24,3036.23,withdraw,mobile,7
1398,784,2025-07-24,2205.76,transfer,online,15
1399,38,2025-04-11,2505.26,deposit,atm,16
1400,345,2025-02-24,3506.97,payment,branch,16
1401,820,2025-08-14,1432.19,deposit,online,13
1402,840,2023-10-13,2175.05,payment,mobile,12
1403,169,2024-07-29,974.17,withdraw,branch,12
1404,393,2025-07-25,3541.75,deposit,branch,18
1405,29,2025-09-19,1909.5,deposit,online,2
1406,558,2023-12-17,3990.73,transfer,mobile,14
1407,835,2025-09-08,1867.05,deposit,mobile,10
1408,473,2025-05-31,1650.21,deposit,online,9
1409,610,2024-03-12,573.8,withdraw,online,17
1410,727,2024-06-13,1283.56,withdraw,online,17
1411,201,2025-10-01,3264.84,withdraw,mobile,11
1412,845,2024-04-14,2840.68,payment,atm,1
1413,465,2025-04-24,1885.77,transfer,mobile,9
1414,891,2025-02-09,1909.12,withdraw,atm,5
1415,69,2023-10-31,689.02,deposit,atm,16
1416,213,2023-11-13,2006.76,withdraw,branch,16
1417,293,2025-07-08,3420.7,deposit,atm,14
1418,200,2023-12-17,1169.68,transfer,branch,4
1419,154,2024-11-08,2046.87,deposit,mobile,1
1420,983,2025-07-31,2895.41,payment,atm,3
1421,455,2025-08-04,3757.42,transfer,mobile,7
1422,850,2024-08-06,4520.44,transfer,atm,17
1423,828,2025-08-01,3040.62,withdraw,online,19
1424,259,2024-07-27,1403.17,payment,atm,15
1425,993,2024-11-19,998.69,withdraw,online,4
1426,481,2024-11-24,4084.33,payment,mobile,1
1427,517,2023-11-13,2886.59,withdraw,online,4
1428,487,2025-10-05,3536.4,payment,atm,15
1429,566,2024-11-15,2270.31,transfer,mobile,13
1430,718,2024-10-14,3894.91,transfer,online,14
1431,822,2024-04-18,1251.17,transfer,atm,6
1432,218,2024-09-07,2137.87,withdraw,mobile,13
1433,947,2024-07-09,2894.43,payment,online,16
1434,989,2025-07-17,2112.23,withdraw,online,6
1435,48,2023-12-24,4023.64,transfer,atm,8
1436,86,2024-10-31,1235.09,payment,atm,8
1437,137,2024-05-12,2847.48,transfer,atm,8
1438,782,2024-09-17,2273.59,payment,online,12
1439,485,2025-02-10,2330.83,transfer,online,18
1440,937,2025-03-23,1603.54,withdraw,mobile,12
1441,189,2024-01-14,3249.15,deposit,online,9
1442,164,2024-09-10,481.69,deposit,atm,6
1443,417,2024-09-03,4254.62,deposit,mobile,18
1444,70,2024-02-21,2864.1,withdraw,online,16
1445,527,2024-11-13,2173.84,transfer,online,7
1446,529,2025-01-03,1056.05,withdraw,online,19
1447,441,2023-10-23,393.17,withdraw,mobile,1
1448,797,2025-08-14,3475.11,payment,mobile,3
1449,503,2024-07-27,2843.06,withdraw,atm,13
1450,141,2024-09-29,3611.2,withdraw,branch,6
1451,840,2024-03-15,3084.34,transfer,online,7
1452,686,2023-10-08,342.0,transfer,atm,14
1453,86,2024-07-03,4433.1,transfer,atm,1
1454,260,2024-02-24,2004.05,withdraw,atm,9
1455,739,2025-09-19,818.19,deposit,online,5
1456,425,2024-01-09,2682.18,withdraw,mobile,15
1457,844,2024-11-24,2050.74,transfer,atm,7
1458,883,2025-06-14,16.71,payment,branch,1
1459,217,2025-09-28,2110.85,payment,branch,1
1460,935,2024-07-11,122.45,deposit,atm,11
1461,191,2024-05-22,498.56,transfer,atm,10
1462,566,2025-04-08,160.98,deposit,atm,12
1463,547,2025-07-18,1687.88,payment,mobile,16
1464,160,2024-08-18,438.99,payment,branch,4
1465,502,2025-05-01,4686.02,withdraw,online,17
1466,382,2024-09-06,873.26,withdraw,mobile,3
1467,250,2025-07-27,1235.21,payment,atm,13
1468,896,2023-11-12,2477.65,payment,atm,16
1469,658,2024-10-21,3299.6,transfer,online,8
1470,467,2024-04-21,708.34,transfer,mobile,2
1471,234,2024-07-31,283.0,deposit,atm,11
1472,503,2025-04-26,1428.14,withdraw,atm,16
1473,746,2025-09-20,1337.29,transfer,mobile,7
1474,626,2025-08-18,683.43,payment,online,11
1475,647,2025-09-23,4750.29,withdraw,online,4
1476,244,2024-01-20,4240.95,withdraw,branch,11
1477,474,2025-04-01,3180.62,transfer,mobile,3
1478,400,2024-07-03,2151.06,transfer,atm,18
1479,879,2025-03-07,5219.75,deposit,mobile,3
1480,884,2024-12-12,1177.29,deposit,branch,3
1481,284,2025-02-09,219.05,transfer,branch,1
1482,307,2024-08-29,124.87,transfer,atm,13
1483,127,2024-01-25,2349.44,transfer,online,15
1484,464,2025-07-10,1563.71,transfer,online,6
1485,139,2024-10-20,1242.32,deposit,mobile,9
1486,413,2024-08-03,2063.03,withdraw,atm,13
1487,235,2025-03-23,1042.37,transfer,online,19
1488,81,2024-12-17,2350.82,payment,atm,1
1489,882,2024-11-17,2445.68,deposit,online,14
1490,356,2024-05-29,2594.46,deposit,atm,13
1491,888,2025-09-24,1924.84,transfer,atm,13
1492,29,2025-05-19,1366.51,deposit,branch,15
1493,464,2025-08-29,2100.93,withdraw,mobile,9
1494,433,2024-01-02,1279.34,deposit,mobile,12
1495,685,2025-07-17,3699.69,transfer,atm,2
1496,676,2023-12-29,2927.89,transfer,atm,15
1497,367,2025-03-13,4442.01,payment,atm,11
1498,762,2023-10-23,2429.85,withdraw,atm,4
1499,733,2025-08-25,2772.89,deposit,atm,19
1500,949,2025-08-01,2184.67,withdraw,atm,11
1501,775,2025-08-27,2972.69,transfer,branch,5
1502,221,2024-07-23,3080.85,transfer,atm,8
1503,544,2025-07-13,3738.58,transfer,mobile,3
1504,61,2024-10-16,1621.9,withdraw,online,9
1505,926,2024-07-17,1095.33,withdraw,branch,9
1506,194,2024-07-10,912.84,withdraw,atm,16
1507,435,2024-12-15,3057.1,payment,mobile,18
1508,874,2023-11-24,1884.38,transfer,mobile,17
1509,154,2025-03-21,1749.87,payment,online,13
1510,514,2025-09-29,955.86,payment,atm,2
1511,505,2025-06-14,3100.48,payment,atm,12
1512,128,2023-12-03,2554.53,transfer,online,2
1513,902,2025-01-31,1018.76,deposit,branch,10
1514,791,2024-01-11,4645.02,transfer,online,10
1515,29,2025-10-05,3968.18,withdraw,mobile,8
1516,71,2024-02-18,1634.07,withdraw,atm,12
1517,466,2024-05-27,3490.85,deposit,atm,14
1518,899,2025-03-12,1382.18,withdraw,online,15
1519,998,2024-09-14,2166.83,deposit,mobile,18
1520,26,2024-05-07,1945.85,transfer,atm,1
1521,62,2025-07-24,1253.69,deposit,online,12
1522,891,2025-06-12,2998.27,withdraw,mobile,19
1523,25,2024-01-16,2617.76,transfer,mobile,1
1524,435,2024-10-01,2308.98,withdraw,online,4
1525,133,2024-07-24,5335.96,transfer,online,4
1526,638,2025-07-20,754.41,transfer,atm,5
1527,952,2024-01-16,1984.0,deposit,online,17
1528,340,2025-05-23,1588.75,withdraw,atm,2
1529,75,2023-11-09,3888.32,deposit,atm,9
1530,982,2024-07-21,1309.07,withdraw,branch,15
1531,778,2024-06-24,1704.4,transfer,atm,17
1532,956,2025-05-25,761.77,deposit,branch,4
1533,969,2024-06-14,3342.67,deposit,atm,6
1534,74,2024-05-01,3529.31,payment,online,13
1535,208,2024-10-18,2407.64,withdraw,atm,3
1536,820,2024-07-13,198.16,withdraw,mobile,1
1537,820,2024-05-26,1381.79,payment,online,7
1538,906,2024-11-12,1848.18,transfer,mobile,4
1539,834,2025-07-05,3773.77,withdraw,online,11
1540,42,2024-05-13,3215.89,deposit,branch,4
1541,19,2023-10-09,961.66,transfer,online,16
1542,274,2024-06-25,3332.61,transfer,mobile,11
1543,39,2025-05-16,450.87,payment,branch,13
1544,635,2025-06-23,3107.62,withdraw,mobile,4
1545,307,2024-08-08,5221.59,withdraw,mobile,5
1546,180,2024-12-27,2968.6,payment,branch,5
1547,443,2024-10-31,2527.38,withdraw,atm,10
1548,208,2023-10-08,1882.03,withdraw,mobile,10
1549,573,2024-03-01,458.74,deposit,mobile,6
1550,191,2024-09-22,3771.05,transfer,online,15
1551,89,2025-09-22,2918.6,payment,online,16
1552,800,2025-06-24,621.59,payment,atm,3
1553,842,2024-05-03,2881.62,transfer,branch,17
1554,297,2025-10-05,4176.63,deposit,atm,7
1555,54,2024-07-31,2162.23,transfer,mobile,1
1556,580,2024-01-21,1608.52,payment,branch,8
1557,915,2025-09-23,3147.95,withdraw,mobile,8
1558,993,2024-08-29,324.55,transfer,atm,15
1559,695,2024-11-09,1195.03,payment,mobile,7
1560,529,2024-03-01,606.67,deposit,mobile,10
1561,799,2025-04-20,1672.59,deposit,branch,17
1562,886,2024-11-21,3164.21,payment,online,13
1563,925,2024-09-17,2766.62,payment,branch,3
1564,801,2025-06-21,4162.16,withdraw,mobile,13
1565,202,2024-06-27,550.69,payment,mobile,2
1566,871,2025-01-27,2970.94,withdraw,online,7
1567,824,2025-03-07,1053.56,withdraw,online,19
1568,378,2023-12-01,3648.09,transfer,online,10
1569,317,2024-01-16,1707.17,transfer,mobile,3
1570,271,2024-03-14,2353.66,deposit,branch,3
1571,537,2024-08-20,936.75,withdraw,atm,6
1572,180,2025-02-19,1600.9,transfer,online,7
1573,121,2025-05-24,1130.01,payment,online,5
1574,446,2024-11-11,1606.91,payment,branch,18
1575,227,2025-07-10,3196.72,payment,branch,13
1576,318,2025-07-15,3418.27,withdraw,atm,5
1577,899,2024-01-19,2526.3,transfer,atm,18
1578,890,2024-07-03,355.97,payment,online,1
1579,960,2025-01-22,1500.55,payment,atm,8
1580,128,2023-11-03,2724.18,deposit,online,12
1581,176,2025-02-23,1959.51,withdraw,atm,12
1582,916,2024-10-06,1895.4,deposit,online,9
1583,327,2024-05-01,661.25,deposit,mobile,4
1584,688,2025-05-20,1980.82,withdraw,atm,17
1585,649,2025-06-23,581.34,payment,mobile,7
1586,656,2025-06-12,2481.28,transfer,atm,6
1587,626,2024-06-10,1586.08,deposit,branch,10
1588,525,2024-02-04,2329.92,payment,atm,10
1589,532,2025-06-11,1461.07,deposit,mobile,12
1590,867,2025-08-12,2242.67,deposit,online,2
1591,178,2024-05-26,2580.53,deposit,branch,15
1592,5,2024-03-15,2661.6,payment,mobile,12
1593,662,2024-07-26,1380.06,transfer,atm,3
1594,343,2025-05-07,772.1,withdraw,atm,18
1595,666,2025-06-17,2098.93,withdraw,online,3
1596,311,2024-11-09,1556.82,deposit,atm,12
1597,575,2025-09-26,677.87,withdraw,online,8
1598,521,2023-12-12,1982.03,withdraw,mobile,19
1599,437,2024-11-22,1870.23,withdraw,branch,6
1600,581,2025-10-02,3334.52,withdraw,mobile,13
1601,170,2024-01-27,1768.03,payment,online,11
1602,529,2024-10-23,3765.9,withdraw,mobile,11
1603,816,2023-10-20,446.03,transfer,branch,1
1604,31,2024-06-14,2264.44,payment,atm,6
1605,108,2024-12-09,2624.46,payment,mobile,10
1606,256,2024-09-21,1913.96,deposit,online,6
1607,915,2023-10-07,2304.48,withdraw,atm,16
1608,948,2024-12-25,151.69,payment,branch,5
1609,213,2024-04-04,3175.72,deposit,online,17
1610,398,2024-12-14,3589.79,transfer,branch,19
1611,577,2024-11-06,4337.32,deposit,atm,18
1612,99,2024-09-14,1704.31,withdraw,branch,2
1613,554,2024-05-09,2002.24,transfer,online,19
1614,530,2024-07-17,158.65,deposit,mobile,19
1615,855,2023-11-20,1462.88,payment,branch,12
1616,604,2025-03-24,2782.26,payment,mobile,12
1617,179,2025-06-03,235.98,deposit,online,16
1618,703,2024-11-24,3221.28,deposit,mobile,10
1619,375,2025-02-15,3307.44,transfer,mobile,6
1620,391,2023-12-01,4838.49,deposit,mobile,18
1621,983,2024-12-21,2005.11,payment,atm,12
1622,815,2025-02-08,1890.57,transfer,atm,8
1623,768,2024-02-11,2615.13,payment,mobile,14
1624,764,2025-10-03,1164.43,payment,branch,15
1625,454,2025-08-07,1527.94,transfer,atm,5
1626,589,2025-01-15,1085.1,payment,online,1
1627,205,2025-02-20,2458.92,payment,mobile,8
1628,32,2023-12-03,425.4,payment,online,14
1629,387,2024-04-11,3467.54,payment,atm,15
1630,318,2024-06-15,928.96,transfer,mobile,13
1631,617,2025-02-08,2.52,payment,branch,1
1632,942,2023-11-06,2358.26,withdraw,online,16
1633,654,2025-10-02,1029.47,transfer,online,17
1634,383,2025-07-24,869.54,transfer,atm,13
1635,457,2024-01-24,2266.16,withdraw,atm,1
1636,656,2025-06-17,2458.79,payment,mobile,13
1637,735,2025-08-11,2242.43,withdraw,atm,7
1638,383,2024-03-27,3920.15,transfer,atm,16
1639,115,2024-04-27,1463.34,deposit,online,8
1640,955,2023-10-07,74.92,deposit,branch,1
1641,999,2024-08-22,2172.52,transfer,online,13
1642,347,2024-03-27,1898.35,payment,mobile,7
1643,712,2025-06-21,111.64,payment,online,8
1644,977,2025-10-05,2097.62,payment,mobile,1
1645,756,2024-07-13,1029.13,deposit,atm,1
1646,259,2025-07-25,206.14,payment,atm,15
1647,95,2025-06-09,2567.77,deposit,mobile,17
1648,341,2024-02-03,1156.51,transfer,branch,11
1649,952,2023-10-24,1675.53,deposit,branch,3
1650,916,2025-05-17,674.39,transfer,mobile,13
1651,179,2023-12-13,3747.48,deposit,branch,7
1652,26,2024-12-20,1935.38,withdraw,online,8
1653,969,2024-04-16,826.63,deposit,online,7
1654,655,2024-06-17,2780.09,deposit,atm,17
1655,555,2024-11-25,2251.97,transfer,online,14
1656,324,2025-01-18,3751.59,deposit,online,2
1657,76,2025-05-08,3246.93,withdraw,branch,11
1658,232,2025-06-21,2636.11,transfer,online,6
1659,976,2024-07-07,1401.03,payment,mobile,12
1660,752,2024-06-06,3436.6,transfer,mobile,13
1661,363,2023-12-27,746.2,withdraw,branch,12
1662,464,2024-11-17,4140.71,transfer,branch,4
1663,27,2025-04-30,2981.31,payment,atm,9
1664,181,2025-07-24,547.29,deposit,online,11
1665,43,2024-01-13,2989.34,deposit,mobile,11
1666,255,2025-02-05,2099.24,deposit,online,16
1667,553,2024-07-17,185.24,withdraw,branch,3
1668,242,2025-05-06,1044.35,deposit,branch,11
1669,757,2025-04-17,1415.17,payment,online,18
1670,595,2024-10-08,769.44,transfer,mobile,4
1671,256,2023-11-05,2445.29,deposit,mobile,15
1672,687,2024-01-25,1415.74,transfer,atm,3
1673,614,2024-12-30,2983.69,transfer,mobile,11
1674,165,2024-11-06,1765.43,deposit,mobile,17
1675,374,2024-02-25,3981.73,withdraw,branch,8
1676,492,2025-10-05,1977.18,deposit,online,15
1677,891,2024-06-11,2875.17,payment,mobile,15
1678,599,2024-10-20,439.16,deposit,mobile,1
1679,770,2024-04-21,1700.37,payment,branch,12
1680,410,2024-12-21,1557.86,transfer,mobile,15
1681,686,2025-08-15,2012.76,transfer,branch,2
1682,96,2024-10-02,396.8,deposit,mobile,7
1683,968,2025-05-08,3341.82,withdraw,mobile,1
1684,678,2024-01-15,3438.37,payment,mobile,14
1685,803,2024-02-03,2645.1,withdraw,atm,15
1686,395,2025-05-27,2663.6,transfer,branch,13
1687,224,2025-05-23,861.26,deposit,mobile,2
1688,120,2024-06-24,911.72,deposit,online,7
1689,1,2024-01-01,907.61,transfer,online,19
1690,698,2024-09-27,2834.2,payment,online,14
1691,226,2024-06-12,995.11,payment,online,16
1692,778,2025-07-23,528.27,deposit,branch,3
1693,467,2025-09-27,1440.55,payment,atm,8
1694,974,2025-04-01,1894.1,withdraw,atm,6
1695,541,2023-10-30,1335.55,withdraw,atm,10
1696,175,2025-06-25,1135.12,payment,atm,2
1697,579,2024-07-03,1792.59,withdraw,atm,17
1698,668,2025-09-15,1477.08,transfer,mobile,13
1699,333,2025-07-31,3923.88,transfer,online,5
1700,551,2024-07-12,913.78,withdraw,mobile,12
1701,682,2024-08-15,502.08,transfer,online,10
1702,342,2023-11-20,3003.82,deposit,branch,3
1703,455,2024-12-03,1048.48,transfer,mobile,9
1704,778,2024-02-20,4953.2,withdraw,online,6
1705,953,2023-11-12,3525.54,deposit,atm,15
1706,86,2024-02-01,2910.55,withdraw,atm,8
1707,613,2024-02-09,1258.21,withdraw,online,3
1708,874,2024-02-27,3078.21,transfer,online,7
1709,545,2025-03-13,3387.11,payment,mobile,12
1710,684,2025-08-06,3262.53,payment,atm,17
1711,756,2024-01-16,2754.22,transfer,mobile,8
1712,586,2024-03-08,627.61,payment,online,8
1713,841,2024-09-08,1943.0,deposit,atm,8
1714,13,2024-05-13,2252.3,deposit,atm,3
1715,535,2025-07-25,865.01,deposit,atm,12
1716,832,2025-04-03,1073.09,deposit,online,4
1717,963,2024-07-28,2916.73,transfer,branch,12
1718,997,2024-09-07,1959.05,payment,branch,17
1719,334,2024-12-08,1469.56,transfer,online,6
1720,632,2024-01-11,3269.76,transfer,mobile,16
1721,935,2023-12-13,3136.17,withdraw,atm,1
1722,677,2024-02-16,2066.0,deposit,mobile,14
1723,905,2025-01-15,1366.14,transfer,atm,12
1724,704,2023-10-08,1147.6,transfer,branch,16
1725,858,2025-01-09,1604.72,withdraw,online,10
1726,222,2024-05-24,1305.71,payment,online,13
1727,541,2025-05-15,693.91,deposit,branch,3
1728,991,2023-11-16,5072.6,deposit,atm,5
1729,528,2023-12-19,1404.47,payment,online,2
1730,468,2025-06-27,4057.0,transfer,branch,1
1731,58,2025-08-26,3906.81,payment,branch,12
1732,615,2024-11-23,1830.89,withdraw,branch,14
1733,456,2023-11-02,1655.61,deposit,mobile,8
1734,34,2025-09-28,3380.58,payment,online,13
1735,199,2024-07-14,3326.86,withdraw,online,1
1736,545,2024-10-20,1623.72,payment,online,15
1737,420,2025-08-06,1499.19,transfer,mobile,6
1738,880,2025-07-19,305.12,payment,online,6
1739,330,2023-11-01,179.96,deposit,branch,1
1740,309,2025-03-05,415.05,payment,atm,12
1741,696,2024-02-23,2113.43,transfer,mobile,7
1742,960,2024-05-20,4167.31,transfer,mobile,8
1743,926,2024-07-04,1257.63,deposit,branch,4
1744,478,2023-10-13,3424.12,deposit,mobile,2
1745,896,2025-04-03,1765.16,withdraw,branch,10
1746,37,2025-08-12,1720.93,deposit,branch,13
1747,183,2023-12-03,2147.27,deposit,atm,14
1748,745,2024-05-13,1982.36,withdraw,atm,8
1749,46,2025-03-20,1138.51,transfer,online,18
1750,931,2025-01-31,4051.05,transfer,mobile,12
1751,687,2025-05-14,595.56,transfer,branch,15
1752,607,2023-11-05,2244.12,transfer,mobile,14
1753,113,2025-05-01,2114.09,payment,branch,6
1754,390,2025-07-07,3017.84,payment,mobile,15
1755,260,2024-10-02,1659.7,withdraw,atm,12
1756,231,2024-09-06,1401.26,payment,mobile,9
1757,200,2024-09-11,1098.49,transfer,online,2
1758,653,2025-09-11,2166.73,withdraw,atm,4
1759,596,2024-01-18,2608.82,withdraw,branch,8
1760,140,2025-06-11,638.27,deposit,branch,18
1761,258,2024-09-06,1701.75,deposit,online,12
1762,241,2024-11-17,2277.13,deposit,atm,12
1763,752,2025-01-18,2144.14,deposit,online,6
1764,939,2025-01-17,2153.88,deposit,branch,14
1765,646,2025-01-15,1511.37,transfer,online,13
1766,868,2025-07-20,3186.25,transfer,branch,6
1767,575,2024-09-07,1460.49,payment,online,8
1768,701,2024-05-11,1550.03,payment,online,1
1769,546,2024-08-29,1588.85,transfer,online,13
1770,439,2025-02-21,1146.19,transfer,branch,5
1771,351,2024-12-04,2038.78,deposit,online,2
1772,263,2024-08-25,2332.05,withdraw,mobile,4
1773,226,2025-01-28,3161.35,withdraw,branch,15
1774,735,2025-01-03,2478.79,transfer,mobile,11
1775,250,2024-09-17,2174.51,payment,branch,11
1776,343,2024-05-08,3676.75,deposit,online,15
1777,321,2024-03-07,218.44,deposit,mobile,12
1778,612,2024-09-22,1195.16,payment,branch,13
1779,647,2023-10-14,338.04,deposit,mobile,16
1780,586,2024-12-28,1108.33,transfer,atm,12
1781,892,2024-05-22,3015.69,payment,branch,17
1782,931,2025-06-21,2610.97,deposit,mobile,19
1783,576,2025-06-19,1629.25,payment,atm,12
1784,949,2023-11-10,525.5,deposit,mobile,17
1785,168,2023-11-25,2063.67,deposit,mobile,15
1786,546,2023-12-19,3038.35,withdraw,mobile,16
1787,497,2024-04-04,635.16,deposit,atm,1
1788,614,2024-12-12,1606.0,payment,branch,17
1789,569,2025-01-27,2771.49,withdraw,atm,6
1790,699,2025-08-27,2296.8,withdraw,mobile,14
1791,483,2025-04-23,490.38,transfer,online,4
1792,596,2025-07-12,3054.97,transfer,branch,2
1793,196,2025-08-03,1402.05,payment,mobile,7
1794,178,2023-11-23,3395.96,payment,branch,19
1795,777,2024-01-22,2021.52,withdraw,online,17
1796,662,2025-01-03,1499.75,deposit,online,10
1797,833,2024-05-17,1477.05,withdraw,branch,2
1798,944,2024-02-16,990.26,payment,mobile,3
1799,822,2025-08-19,3610.62,payment,branch,2
1800,264,2025-04-22,320.91,withdraw,online,11
1801,754,2025-01-25,874.76,payment,branch,14
1802,599,2024-03-27,359.07,transfer,atm,15
1803,53,2024-07-28,2715.64,payment,online,8
1804,487,2025-03-16,2922.73,withdraw,branch,13
1805,620,2023-11-23,2371.67,deposit,atm,19
1806,832,2025-02-13,2570.9,payment,atm,2
1807,432,2024-10-29,1268.03,deposit,mobile,13
1808,855,2024-12-02,2037.43,withdraw,online,13
1809,370,2023-12-04,1544.13,deposit,mobile,13
1810,118,2023-11-03,3917.99,deposit,online,19
1811,533,2025-01-06,1540.26,deposit,branch,10
1812,664,2025-06-23,1880.33,payment,atm,4
1813,162,2025-03-19,3649.53,transfer,atm,10
1814,663,2025-08-10,2431.62,withdraw,online,2
1815,664,2024-12-30,2377.33,deposit,mobile,13
1816,828,2025-03-23,1569.25,transfer,branch,12
1817,615,2024-01-30,3224.06,payment,atm,8
1818,567,2024-08-23,4425.89,payment,atm,2
1819,253,2025-02-17,4505.3,deposit,online,1
1820,166,2024-01-14,1488.41,deposit,atm,10
1821,368,2024-12-29,3889.94,payment,mobile,17
1822,68,2025-05-18,2910.56,deposit,online,14
1823,308,2024-04-14,2636.68,transfer,branch,18
1824,304,2024-10-08,181.51,deposit,atm,18
1825,360,2025-02-06,450.87,deposit,branch,18
1826,533,2024-05-23,1511.63,payment,branch,3
1827,1000,2024-08-27,662.56,deposit,branch,2
1828,999,2024-11-05,87.05,deposit,branch,12
1829,162,2024-02-16,1985.55,deposit,online,11
1830,637,2024-04-08,655.08,withdraw,atm,5
1831,217,2024-04-08,753.07,deposit,branch,18
1832,462,2025-08-04,4025.06,transfer,branch,8
1833,273,2024-12-29,1691.54,deposit,mobile,4
1834,647,2025-04-14,2333.06,withdraw,mobile,11
1835,273,2024-08-16,975.41,withdraw,atm,19
1836,432,2024-05-16,1228.18,payment,mobile,16
1837,515,2024-09-29,300.82,withdraw,branch,17
1838,952,2025-09-03,234.65,withdraw,mobile,19
1839,525,2024-02-20,2524.08,transfer,online,12
1840,318,2024-08-29,2481.45,payment,online,3
1841,686,2025-07-19,2759.8,transfer,online,14
1842,624,2025-07-30,2120.31,withdraw,atm,17
1843,501,2024-09-22,2600.93,withdraw,atm,3
1844,460,2025-06-02,988.47,withdraw,mobile,10
1845,489,2025-04-04,3504.26,withdraw,online,3
1846,851,2025-01-14,4047.6,withdraw,online,13
1847,428,2025-05-01,2219.59,deposit,mobile,4
1848,694,2024-10-13,998.87,transfer,atm,11
1849,780,2023-11-22,1297.58,transfer,mobile,10
1850,259,2024-07-12,3330.24,transfer,online,16
1851,707,2025-01-31,1070.04,withdraw,online,11
1852,864,2025-01-18,3641.71,payment,atm,12
1853,752,2024-01-01,631.75,withdraw,branch,14
1854,549,2024-07-09,2051.18,deposit,branch,8
1855,828,2024-08-13,409.4,payment,mobile,15
1856,542,2024-11-15,2844.66,transfer,branch,6
1857,595,2024-07-03,2994.37,transfer,atm,10
1858,463,2025-03-04,1104.47,payment,online,17
1859,128,2024-03-14,2396.08,deposit,online,14
1860,50,2024-09-23,3703.72,withdraw,online,5
1861,391,2023-10-16,658.49,deposit,online,9
1862,132,2024-02-25,3847.04,payment,online,17
1863,623,2024-05-31,3570.53,withdraw,mobile,16
1864,10,2023-12-29,2064.6,deposit,online,14
1865,4,2025-04-30,1563.33,payment,branch,13
1866,397,2025-06-11,3458.58,withdraw,atm,18
1867,929,2024-10-20,2742.92,deposit,mobile,6
1868,742,2025-05-28,2107.74,transfer,online,12
1869,484,2024-01-07,1021.59,payment,mobile,2
1870,396,2024-11-15,518.07,withdraw,mobile,7
1871,619,2025-09-27,985.2,payment,atm,1
1872,921,2024-08-22,459.83,withdraw,online,11
1873,952,2025-05-23,458.94,transfer,branch,16
1874,834,2025-05-14,1111.84,deposit,branch,3
1875,219,2025-04-27,1597.0,withdraw,online,15
1876,623,2023-10-29,2430.35,transfer,online,1
1877,555,2025-02-04,649.42,deposit,mobile,6
1878,898,2024-10-29,2112.28,withdraw,branch,11
1879,644,2025-04-01,2829.84,deposit,online,3
1880,218,2025-03-29,2418.76,payment,atm,4
1881,992,2025-09-13,2449.33,payment,atm,16
1882,459,2023-10-24,3081.45,withdraw,online,1
1883,858,2025-04-21,1620.7,payment,branch,17
1884,810,2024-10-04,2377.21,transfer,atm,19
1885,25,2024-03-20,430.67,payment,online,19
1886,434,2024-04-17,1585.88,transfer,branch,14
1887,565,2025-01-13,2457.62,payment,atm,8
1888,42,2024-10-26,3638.63,transfer,online,13
1889,204,2025-08-25,1868.16,transfer,atm,14
1890,987,2024-11-03,1779.1,withdraw,mobile,4
1891,831,2024-09-14,250.01,withdraw,atm,7
1892,712,2024-04-21,3415.99,payment,atm,13
1893,650,2025-01-06,1339.53,withdraw,mobile,7
1894,249,2024-08-23,1752.62,withdraw,atm,17
1895,516,2023-11-28,1486.02,withdraw,atm,3
1896,924,2024-08-12,1987.44,transfer,mobile,10
1897,433,2025-02-01,291.21,deposit,online,6
1898,460,2024-09-18,1407.53,deposit,branch,17
1899,561,2023-10-14,1901.95,deposit,mobile,3
1900,770,2024-08-13,813.52,payment,branch,6
1901,646,2025-09-01,2968.71,transfer,branch,17
1902,269,2024-02-19,2039.86,withdraw,mobile,16
1903,826,2023-12-20,1894.29,payment,atm,11
1904,57,2024-11-27,1794.57,deposit,atm,17
1905,368,2025-01-19,3257.0,payment,online,16
1906,112,2024-03-01,865.13,withdraw,branch,2
1907,703,2024-01-26,1259.87,payment,mobile,15
1908,556,2025-01-29,382.41,deposit,online,18
1909,181,2024-12-08,2470.53,payment,online,16
1910,91,2025-04-07,1438.79,payment,online,10
1911,409,2025-07-23,1350.77,deposit,atm,18
1912,746,2024-12-14,3082.03,withdraw,mobile,4
1913,961,2025-09-07,105.42,deposit,mobile,19
1914,301,2024-10-13,654.39,payment,mobile,13
1915,535,2024-05-21,3373.12,payment,branch,1
1916,503,2025-07-19,882.72,payment,branch,11
1917,720,2024-11-21,587.47,deposit,mobile,18
1918,301,2024-01-07,3983.14,withdraw,atm,3
1919,152,2025-07-08,1480.06,transfer,mobile,14
1920,199,2024-04-23,2334.16,payment,online,8
1921,868,2024-11-10,1276.85,deposit,mobile,6
1922,220,2023-11-17,2002.14,transfer,branch,5
1923,433,2024-05-29,1328.58,transfer,branch,8
1924,997,2025-03-13,1784.46,transfer,branch,16
1925,878,2024-03-26,1778.1,withdraw,atm,7
1926,78,2024-03-07,2780.11,withdraw,mobile,6
1927,963,2024-05-09,2191.81,deposit,online,18
1928,895,2025-08-18,536.86,deposit,mobile,11
1929,596,2025-09-08,4139.49,deposit,branch,10
1930,781,2024-09-17,1703.19,payment,atm,7
1931,960,2024-09-16,1345.98,payment,mobile,12
1932,556,2024-04-27,2264.14,payment,branch,5
1933,825,2024-03-19,1776.79,transfer,atm,16
1934,289,2024-02-22,2706.83,transfer,atm,9
1935,590,2024-03-12,499.97,payment,atm,12
1936,254,2025-04-04,2446.06,withdraw,online,5
1937,215,2025-04-08,443.59,payment,online,19
1938,47,2024-05-08,650.67,deposit,atm,18
1939,946,2024-08-10,3668.4,deposit,mobile,10
1940,468,2025-01-11,3579.06,withdraw,branch,5
1941,434,2025-07-13,3420.58,payment,mobile,12
1942,661,2024-07-28,2370.62,withdraw,branch,12
1943,474,2024-09-09,3026.24,payment,mobile,15
1944,114,2025-08-18,2317.15,deposit,atm,2
1945,65,2025-04-18,1831.66,withdraw,branch,18
1946,943,2025-06-21,1369.81,deposit,branch,10
1947,739,2025-03-22,1130.12,withdraw,atm,9
1948,171,2024-10-31,925.34,deposit,mobile,18
1949,826,2023-12-24,1384.48,withdraw,online,8
1950,109,2024-04-18,2586.34,withdraw,branch,8
1951,262,2025-02-27,1231.81,deposit,atm,14
1952,286,2024-12-16,3780.49,withdraw,mobile,10
1953,376,2025-04-15,3774.72,withdraw,branch,7
1954,61,2024-03-19,2123.26,deposit,mobile,15
1955,818,2024-11-29,2040.73,deposit,online,11
1956,27,2024-03-29,1960.6,deposit,branch,17
1957,357,2024-07-26,2475.64,deposit,online,7
1958,380,2025-09-12,2203.7,deposit,branch,15
1959,115,2025-09-03,3736.33,transfer,online,3
1960,787,2024-05-27,1207.0,withdraw,online,17
1961,379,2024-06-20,2570.07,withdraw,atm,13
1962,599,2024-01-04,3039.46,withdraw,atm,5
1963,259,2024-03-04,2221.58,payment,branch,3
1964,280,2024-09-19,2899.74,payment,mobile,8
1965,202,2025-06-08,2021.07,withdraw,mobile,3
1966,369,2024-07-05,908.91,deposit,atm,5
1967,791,2025-02-21,2740.74,payment,branch,15
1968,117,2025-01-21,2018.42,payment,branch,15
1969,746,2025-03-20,1824.21,deposit,branch,4
1970,507,2025-02-18,2329.8,transfer,mobile,17
1971,206,2024-05-05,1852.27,deposit,online,19
1972,851,2024-02-22,1255.14,withdraw,mobile,19
1973,333,2024-08-26,866.14,payment,online,2
1974,687,2024-02-21,4238.14,payment,branch,7
1975,404,2023-11-09,2120.54,deposit,online,14
1976,276,2025-04-20,481.16,payment,mobile,3
1977,986,2024-10-11,839.34,transfer,atm,1
1978,602,2024-10-27,776.08,payment,mobile,3
1979,14,2024-07-08,465.14,withdraw,mobile,3
1980,691,2024-11-11,3355.82,payment,online,4
1981,819,2025-02-24,3646.73,deposit,atm,11
1982,923,2025-04-14,2170.45,deposit,branch,16
1983,46,2025-04-13,619.18,withdraw,mobile,17
1984,742,2025-01-04,1999.91,payment,online,13
1985,178,2025-02-01,200.16,payment,atm,4
1986,793,2024-04-06,1992.74,transfer,online,14
1987,749,2025-02-06,4157.28,deposit,online,14
1988,709,2024-10-02,1620.4,withdraw,online,8
1989,825,2025-05-14,748.78,payment,online,11
1990,3,2023-11-10,2255.18,transfer,online,5
1991,902,2025-03-07,3974.47,transfer,mobile,9
1992,255,2023-10-25,1377.51,transfer,branch,8
1993,550,2025-02-03,642.31,withdraw,online,14
1994,511,2024-12-03,3064.86,transfer,mobile,9
1995,199,2023-11-29,2517.69,withdraw,atm,12
1996,451,2023-11-14,3198.72,payment,branch,12
1997,979,2024-05-30,2399.26,deposit,atm,9
1998,652,2025-04-29,400.22,transfer,mobile,15
1999,834,2023-10-28,3298.12,payment,branch,7
2000,355,2024-03-26,1414.34,payment,branch,17
2001,107,2025-08-16,1027.4,payment,atm,7
2002,415,2025-01-04,1293.58,withdraw,online,14
2003,103,2025-02-22,1894.31,payment,mobile,5
2004,428,2025-05-25,1452.17,deposit,branch,13
2005,889,2024-10-14,3851.28,payment,mobile,8
2006,800,2025-10-02,2292.17,deposit,mobile,9
2007,340,2024-08-29,1586.41,deposit,mobile,6
2008,316,2025-07-09,2014.84,deposit,online,5
2009,63,2024-05-25,1540.22,deposit,branch,4
2010,626,2025-06-20,1363.54,withdraw,mobile,4
2011,793,2023-12-16,2817.25,withdraw,mobile,4
2012,498,2025-09-18,2991.33,transfer,mobile,4
2013,504,2023-11-13,1361.29,transfer,online,10
2014,165,2023-10-19,2844.96,transfer,atm,12
2015,665,2024-07-01,590.01,payment,atm,10
2016,981,2025-03-21,1243.31,withdraw,branch,16
2017,403,2025-06-21,267.96,deposit,online,2
2018,56,2025-01-27,3664.82,transfer,atm,1
2019,517,2024-11-13,2985.11,payment,online,19
2020,79,2024-11-23,906.19,withdraw,branch,10
2021,501,2025-04-02,3257.31,deposit,mobile,9
2022,640,2024-04-28,2783.09,transfer,atm,18
2023,732,2024-02-18,2232.09,deposit,online,7
2024,46,2024-01-22,2071.63,transfer,atm,6
2025,149,2024-08-31,2136.76,deposit,atm,6
2026,997,2024-06-27,1047.85,deposit,mobile,1
2027,774,2025-04-27,2728.2,deposit,mobile,14
2028,549,2024-10-05,3154.78,payment,atm,13
2029,397,2024-07-17,1340.93,withdraw,mobile,19
2030,934,2024-12-27,997.51,payment,branch,2
2031,461,2024-04-25,1226.85,transfer,mobile,2
2032,158,2023-12-16,1853.87,deposit,online,2
2033,102,2024-01-07,2692.49,payment,atm,16
2034,141,2024-11-24,1786.37,withdraw,atm,7
2035,63,2024-02-07,254.4,payment,branch,18
2036,411,2025-08-23,2322.11,payment,branch,16
2037,692,2024-09-07,2351.66,deposit,branch,9
2038,77,2024-08-17,1354.43,deposit,online,9
2039,175,2024-08-01,986.95,withdraw,mobile,6
2040,963,2024-04-29,1110.44,withdraw,mobile,16
2041,830,2025-06-14,800.13,withdraw,branch,12
2042,273,2025-08-10,4632.32,payment,atm,15
2043,370,2024-07-06,2496.12,deposit,online,1
2044,253,2025-05-20,242.58,deposit,branch,3
2045,528,2024-10-20,1219.21,withdraw,mobile,13
2046,80,2023-11-24,1608.02,transfer,online,13
2047,590,2024-08-19,799.24,deposit,online,2
2048,796,2024-03-27,973.89,withdraw,branch,15
2049,94,2024-01-01,764.76,payment,branch,11
2050,890,2024-01-11,3890.16,withdraw,mobile,5
2051,297,2024-08-14,2574.24,deposit,atm,6
2052,842,2024-12-09,266.12,withdraw,online,6
2053,540,2023-10-19,4050.76,transfer,branch,14
2054,837,2025-01-28,2622.88,withdraw,atm,10
2055,939,2025-06-03,2784.83,withdraw,atm,2
2056,757,2024-07-06,2572.33,withdraw,atm,19
2057,964,2025-04-09,4166.41,withdraw,atm,17
2058,147,2024-10-03,3042.9,withdraw,online,3
2059,416,2024-05-29,4431.16,payment,branch,7
2060,121,2024-10-26,1711.93,transfer,branch,17
2061,42,2025-02-27,3092.02,deposit,mobile,14
2062,920,2024-08-07,1959.86,deposit,branch,5
2063,189,2025-09-14,1322.73,payment,branch,5
2064,14,2023-12-09,483.92,transfer,atm,19
2065,159,2024-06-14,2492.48,transfer,online,4
2066,560,2025-05-19,1794.94,deposit,atm,4
2067,465,2024-05-22,1745.49,transfer,atm,11
2068,120,2023-12-02,2650.64,withdraw,online,6
2069,245,2025-07-22,1670.43,withdraw,atm,8
2070,743,2025-01-05,1451.34,payment,online,8
2071,887,2025-06-30,1173.07,deposit,mobile,12
2072,219,2024-06-11,2561.23,transfer,branch,17
2073,923,2025-02-13,492.12,transfer,mobile,1
2074,724,2023-12-10,3547.04,withdraw,mobile,8
2075,806,2024-09-13,2376.47,payment,atm,14
2076,200,2024-06-05,218.47,deposit,atm,7
2077,732,2025-07-07,2955.43,deposit,online,19
2078,645,2025-08-03,2347.26,transfer,mobile,4
2079,290,2025-08-26,724.79,withdraw,branch,19
2080,913,2024-01-25,1350.77,deposit,mobile,18
2081,764,2024-08-23,2323.24,transfer,atm,13
2082,653,2025-01-06,872.62,payment,branch,13
2083,20,2025-08-20,3170.99,transfer,mobile,5
2084,890,2024-08-01,2010.63,withdraw,branch,14
2085,132,2025-09-14,1675.55,transfer,atm,1
2086,258,2025-09-27,332.26,withdraw,online,15
2087,24,2024-10-27,1382.25,withdraw,branch,14
2088,81,2024-07-03,1996.07,withdraw,online,19
2089,958,2024-10-01,1146.01,payment,online,12
2090,969,2025-08-29,1163.55,transfer,branch,1
2091,191,2024-10-07,3916.88,deposit,online,17
2092,722,2025-07-25,2773.63,payment,atm,2
2093,328,2024-02-14,814.56,payment,atm,9
2094,675,2024-01-10,2867.65,transfer,branch,1
2095,558,2025-01-15,1912.57,withdraw,branch,7
2096,241,2025-05-08,4267.13,withdraw,online,6
2097,443,2024-09-14,2264.76,transfer,branch,1
2098,464,2024-08-03,1577.49,transfer,branch,11
2099,383,2025-04-11,954.78,withdraw,online,9
2100,375,2024-06-06,4339.99,payment,mobile,4
2101,260,2024-09-18,3336.0,withdraw,online,7
2102,986,2023-12-09,2510.99,deposit,branch,8
2103,183,2024-10-12,1601.79,payment,branch,18
2104,539,2025-01-25,3127.87,payment,mobile,4
2105,277,2024-07-05,1654.32,withdraw,online,8
2106,28,2025-08-04,2517.23,deposit,online,16
2107,547,2025-06-05,4545.19,payment,atm,16
2108,790,2024-07-24,3173.42,transfer,online,17
2109,52,2025-06-09,534.03,payment,branch,2
2110,768,2025-08-22,564.92,transfer,mobile,9
2111,461,2023-11-12,1158.59,deposit,atm,18
2112,967,2025-07-17,1313.42,withdraw,atm,8
2113,806,2024-11-01,3097.11,transfer,branch,12
2114,785,2024-02-14,3392.48,transfer,branch,8
2115,39,2023-10-30,3437.93,payment,online,9
2116,525,2024-07-13,1978.56,withdraw,mobile,16
2117,65,2025-04-27,3143.81,transfer,atm,19
2118,818,2024-05-24,2946.89,transfer,atm,3
2119,616,2024-08-15,703.51,deposit,online,9
2120,584,2025-01-06,587.1,transfer,online,7
2121,239,2024-02-10,2094.86,transfer,mobile,6
2122,303,2025-05-27,1654.21,payment,atm,2
2123,222,2023-11-17,2126.33,withdraw,mobile,5
2124,852,2024-08-22,2180.72,deposit,mobile,18
2125,591,2025-09-02,3397.29,payment,mobile,13
2126,776,2024-09-01,3110.81,withdraw,mobile,2
2127,233,2025-02-21,3205.61,deposit,online,5
2128,584,2024-01-25,3935.12,transfer,atm,3
2129,902,2024-07-31,843.84,deposit,atm,7
2130,428,2024-01-14,185.2,withdraw,mobile,12
2131,107,2024-08-17,628.43,transfer,mobile,10
2132,933,2025-04-15,931.03,transfer,mobile,9
2133,896,2025-08-22,1759.57,payment,mobile,12
2134,362,2024-04-14,2584.19,withdraw,online,9
2135,386,2024-03-22,2452.45,withdraw,atm,11
2136,593,2024-01-25,1696.83,payment,mobile,7
2137,16,2025-01-13,2522.66,withdraw,online,3
2138,236,2024-07-23,2199.78,transfer,mobile,9
2139,474,2023-12-01,1423.31,payment,atm,10
2140,851,2025-09-04,249.87,deposit,branch,5
2141,873,2025-04-24,1954.01,payment,mobile,10
2142,405,2024-09-29,2982.52,deposit,branch,16
2143,570,2024-08-26,2796.61,payment,mobile,13
2144,929,2025-08-24,1765.49,deposit,online,5
2145,774,2024-05-31,2287.72,withdraw,atm,11
2146,415,2024-03-11,1030.37,withdraw,atm,13
2147,780,2024-08-22,3291.33,transfer,online,17
2148,28,2025-03-10,1412.58,payment,branch,6
2149,775,2024-06-06,2953.28,transfer,atm,6
2150,762,2025-08-28,2742.75,withdraw,mobile,14
2151,297,2025-10-05,1781.41,transfer,mobile,12
2152,908,2024-03-27,2337.45,withdraw,mobile,17
2153,725,2024-01-26,1469.15,payment,atm,2
2154,968,2023-12-15,525.96,payment,mobile,1
2155,23,2024-07-30,3605.59,withdraw,branch,16
2156,945,2025-09-30,1587.32,withdraw,branch,7
2157,602,2025-04-05,264.2,transfer,online,18
2158,478,2023-12-23,1441.91,payment,branch,13
2159,408,2024-09-25,1697.48,payment,atm,18
2160,14,2024-01-17,1891.07,withdraw,online,6
2161,314,2025-01-23,669.42,withdraw,online,17
2162,610,2025-09-17,2244.02,payment,online,14
2163,346,2024-07-05,1995.1,payment,online,1
2164,55,2023-10-22,1695.85,payment,atm,14
2165,168,2024-09-15,361.92,deposit,branch,8
2166,806,2024-03-05,1616.54,withdraw,online,7
2167,478,2025-09-16,1268.11,transfer,online,1
2168,673,2025-08-16,2164.48,withdraw,branch,10
2169,441,2024-09-14,438.25,payment,online,1
2170,6,2025-01-17,514.44,deposit,atm,15
2171,620,2024-10-22,1997.81,withdraw,branch,4
2172,666,2025-03-22,2167.98,transfer,online,2
2173,657,2025-07-15,2489.96,withdraw,mobile,11
2174,533,2024-12-23,3100.0,transfer,atm,16
2175,638,2024-06-20,1481.36,payment,online,5
2176,231,2023-10-29,1027.08,deposit,mobile,18
2177,149,2025-05-08,1233.8,withdraw,atm,9
2178,761,2025-08-11,2077.45,payment,online,1
2179,550,2025-03-12,1084.57,transfer,mobile,2
2180,843,2025-08-22,1406.21,transfer,branch,11
2181,466,2025-03-18,2285.28,transfer,online,13
2182,621,2024-08-11,1747.35,deposit,online,4
2183,280,2024-02-27,2286.02,payment,branch,15
2184,932,2025-05-26,372.01,transfer,branch,3
2185,359,2024-02-10,4600.7,withdraw,mobile,9
2186,766,2025-03-08,667.2,withdraw,mobile,11
2187,871,2024-06-12,1480.83,withdraw,branch,14
2188,376,2024-06-22,4622.88,payment,atm,7
2189,538,2024-04-08,453.55,payment,branch,6
2190,59,2024-05-24,1305.22,payment,branch,2
2191,312,2025-04-05,3096.89,transfer,mobile,14
2192,937,2024-03-18,815.54,transfer,mobile,18
2193,524,2024-07-11,37.19,deposit,branch,9
2194,649,2024-12-07,1677.04,transfer,mobile,5
2195,142,2024-02-19,4303.54,payment,atm,8
2196,673,2024-07-09,2237.51,payment,atm,19
2197,290,2023-12-03,4411.39,withdraw,online,19
2198,510,2024-02-06,747.61,transfer,branch,17
2199,374,2025-09-19,1977.97,payment,mobile,19
2200,481,2025-04-17,1222.62,transfer,atm,11
2201,69,2024-06-17,228.01,withdraw,atm,17
2202,724,2023-10-11,3269.36,payment,mobile,3
2203,254,2025-07-17,2112.0,withdraw,mobile,8
2204,279,2025-03-12,317.17,transfer,branch,17
2205,836,2024-07-05,3232.46,payment,mobile,9
2206,567,2024-12-14,1243.01,deposit,online,17
2207,575,2025-02-25,3200.41,deposit,mobile,5
2208,952,2024-08-15,2850.13,deposit,online,6
2209,924,2024-07-17,2258.78,withdraw,online,6
2210,853,2024-06-03,2231.74,payment,branch,8
2211,655,2024-12-17,79.38,withdraw,online,17
2212,499,2024-07-02,1010.18,withdraw,mobile,5
2213,316,2023-11-10,2290.48,payment,mobile,9
2214,385,2024-01-27,978.83,withdraw,atm,9
2215,758,2024-01-22,1376.26,withdraw,online,19
2216,830,2024-10-30,473.96,transfer,atm,7
2217,356,2024-07-13,837.02,withdraw,mobile,18
2218,148,2025-04-03,2029.11,payment,atm,6
2219,982,2024-02-20,2067.81,deposit,atm,15
2220,717,2025-10-06,1850.09,payment,branch,16
2221,544,2023-12-19,3237.66,withdraw,branch,8
2222,484,2025-06-28,2465.82,deposit,online,14
2223,555,2023-10-16,2178.54,deposit,online,7
2224,520,2023-11-26,1794.49,deposit,branch,17
2225,52,2024-09-28,387.94,deposit,mobile,6
2226,867,2024-12-08,2398.85,payment,atm,7
2227,478,2024-11-10,2700.66,transfer,branch,9
2228,902,2024-07-02,3540.93,deposit,atm,4
2229,258,2024-01-15,2113.46,withdraw,branch,9
2230,894,2023-12-06,1211.7,deposit,mobile,18
2231,975,2025-09-24,1823.32,transfer,branch,15
2232,270,2024-02-11,2905.05,payment,atm,15
2233,575,2023-11-08,2217.25,deposit,atm,4
2234,372,2023-11-22,1877.06,payment,branch,3
2235,196,2025-01-21,1543.07,transfer,branch,17
2236,512,2024-06-02,2070.07,withdraw,branch,12
2237,722,2023-10-17,4235.6,transfer,mobile,16
2238,709,2024-12-24,3507.94,withdraw,online,9
2239,694,2025-05-06,2973.6,transfer,atm,1
2240,818,2024-09-30,2990.22,deposit,mobile,8
2241,441,2024-08-25,2531.95,transfer,branch,15
2242,249,2024-05-04,2218.53,transfer,online,5
2243,111,2025-01-25,1867.36,withdraw,online,14
2244,346,2024-06-16,2849.1,withdraw,branch,17
2245,245,2023-10-07,4216.32,transfer,mobile,7
2246,688,2025-02-12,2130.34,withdraw,online,9
2247,598,2025-06-26,1232.71,payment,atm,11
2248,1000,2024-05-05,1259.8,transfer,online,19
2249,959,2023-10-27,558.09,transfer,branch,9
2250,59,2024-01-20,2527.94,deposit,atm,8
2251,342,2024-03-02,392.29,deposit,branch,10
2252,770,2025-03-07,1340.88,withdraw,atm,14
2253,304,2024-03-29,2189.16,payment,online,14
2254,217,2025-06-03,2233.95,payment,branch,4
2255,178,2023-11-27,1785.62,transfer,atm,14
2256,162,2024-06-12,1288.8,transfer,mobile,16
2257,488,2024-02-21,461.12,deposit,branch,18
2258,178,2025-07-23,3338.37,deposit,branch,14
2259,270,2023-12-07,937.14,transfer,atm,18
2260,846,2025-02-22,1250.2,withdraw,mobile,10
2261,189,2024-08-06,1711.36,transfer,online,1
2262,639,2025-09-14,2303.13,deposit,online,7
2263,649,2024-06-12,2085.75,transfer,atm,18
2264,857,2024-09-25,1607.92,deposit,atm,13
2265,896,2024-07-08,1417.57,deposit,mobile,13
2266,702,2025-01-11,2464.81,transfer,online,1
2267,874,2025-09-07,1716.52,payment,atm,6
2268,300,2025-05-09,2169.82,payment,atm,16
2269,169,2023-12-20,57.57,withdraw,online,10
2270,970,2024-09-13,2133.69,payment,mobile,16
2271,449,2025-06-12,1986.16,deposit,mobile,14
2272,872,2024-05-30,194.52,deposit,mobile,9
2273,104,2025-09-12,948.48,payment,atm,17
2274,705,2023-12-31,3017.36,deposit,mobile,6
2275,154,2024-03-27,3875.43,transfer,online,3
2276,350,2023-10-28,1970.52,payment,branch,15
2277,143,2025-01-10,1452.86,payment,branch,14
2278,95,2025-04-24,2499.09,withdraw,online,3
2279,9,2025-05-31,3241.23,withdraw,branch,14
2280,73,2024-12-03,3153.8,payment,atm,10
2281,918,2025-03-09,1366.89,payment,mobile,8
2282,203,2025-06-26,2458.17,deposit,mobile,10
2283,833,2024-07-15,595.11,payment,branch,5
2284,625,2023-12-31,2972.98,withdraw,branch,6
2285,160,2025-01-14,941.65,withdraw,atm,2
2286,308,2024-08-31,268.74,deposit,atm,3
2287,675,2025-01-09,2623.22,transfer,online,3
2288,223,2024-03-10,3009.93,deposit,mobile,8
2289,192,2023-12-16,1716.19,withdraw,atm,4
2290,532,2024-09-10,1347.05,withdraw,mobile,16
2291,154,2024-07-19,1449.93,transfer,mobile,9
2292,550,2024-01-01,2007.23,deposit,atm,14
2293,127,2025-08-22,1619.95,deposit,branch,14
2294,528,2024-01-25,947.34,withdraw,mobile,15
2295,263,2025-08-14,2366.3,payment,online,2
2296,360,2025-07-13,2946.66,deposit,online,17
2297,627,2024-11-19,912.67,payment,atm,7
2298,818,2024-01-10,2135.06,withdraw,branch,15
2299,782,2025-07-28,1929.18,withdraw,mobile,11
2300,744,2025-03-08,4221.61,deposit,online,11
2301,773,2025-01-07,1135.45,transfer,atm,2
2302,312,2024-04-27,2493.63,deposit,online,17
2303,714,2024-05-25,706.95,withdraw,branch,16
2304,511,2025-07-08,2517.21,deposit,atm,12
2305,994,2024-01-13,1680.9,transfer,mobile,12
2306,483,2024-09-05,2668.25,withdraw,branch,4
2307,493,2025-03-20,1160.48,payment,branch,16
2308,148,2024-08-29,1748.75,payment,atm,12
2309,563,2024-04-04,1884.8,withdraw,mobile,13
2310,158,2025-08-27,1762.33,withdraw,branch,19
2311,246,2025-09-16,5348.35,deposit,mobile,10
2312,512,2025-04-28,30.94,withdraw,atm,7
2313,313,2023-11-04,2715.98,withdraw,atm,4
2314,486,2024-09-14,3280.27,payment,mobile,9
2315,620,2024-10-22,2704.47,deposit,atm,11
2316,525,2024-03-30,2242.11,withdraw,online,8
2317,281,2024-04-18,4956.27,withdraw,atm,16
2318,514,2024-10-31,1869.31,withdraw,branch,18
2319,31,2024-10-23,2655.29,withdraw,mobile,6
2320,227,2024-05-05,1441.16,transfer,online,3
2321,520,2024-02-19,17.54,deposit,atm,2
2322,853,2023-11-28,4119.34,withdraw,online,16
2323,106,2025-04-12,1827.18,deposit,branch,9
2324,459,2024-10-30,1993.3,transfer,branch,11
2325,689,2024-02-16,2860.9,transfer,atm,11
2326,467,2024-12-06,1685.33,payment,mobile,5
2327,970,2024-03-27,3415.7,withdraw,branch,13
2328,243,2025-09-23,1605.45,deposit,online,2
2329,639,2025-03-20,1771.77,payment,branch,18
2330,678,2025-09-02,2802.82,transfer,online,10
2331,470,2024-09-20,2675.43,transfer,mobile,4
2332,608,2024-08-26,1834.71,withdraw,online,14
2333,891,2024-11-09,1640.46,withdraw,online,6
2334,649,2023-11-23,4022.27,deposit,online,12
2335,573,2025-08-08,3954.52,payment,online,5
2336,838,2024-06-21,973.12,deposit,atm,8
2337,265,2025-02-13,2425.26,transfer,online,8
2338,371,2024-07-06,565.84,transfer,mobile,19
2339,807,2024-02-24,3530.15,payment,mobile,10
2340,403,2024-07-08,4968.75,transfer,atm,11
2341,335,2024-06-14,1763.1,withdraw,branch,15
2342,487,2025-02-09,1627.37,withdraw,mobile,10
2343,13,2024-10-19,2084.15,transfer,online,17
2344,252,2024-11-21,2187.99,transfer,mobile,2
2345,836,2025-07-14,1875.43,withdraw,atm,19
2346,684,2024-04-19,583.45,transfer,mobile,7
2347,723,2024-09-15,3910.43,withdraw,mobile,14
2348,342,2024-09-21,1294.71,withdraw,online,12
2349,468,2024-05-13,1615.01,deposit,online,9
2350,674,2024-08-12,2619.07,transfer,mobile,12
2351,677,2024-12-31,311.54,payment,mobile,18
2352,685,2025-05-01,47.28,deposit,online,1
2353,773,2025-03-16,3306.92,transfer,online,5
2354,34,2025-09-12,20.45,payment,mobile,7
2355,465,2024-09-06,3125.39,transfer,mobile,15
2356,754,2024-08-07,837.04,withdraw,mobile,6
2357,450,2025-02-26,67.96,payment,online,19
2358,962,2025-01-22,2287.92,withdraw,branch,14
2359,527,2024-04-05,911.58,deposit,atm,13
2360,987,2024-11-12,2986.92,transfer,online,3
2361,909,2025-02-14,2382.88,deposit,atm,4
2362,373,2025-02-14,1494.56,payment,atm,2
2363,531,2024-07-30,4461.5,deposit,atm,9
2364,716,2025-01-14,1167.43,deposit,branch,14
2365,655,2024-08-06,345.51,payment,branch,8
2366,69,2025-02-05,1627.52,withdraw,atm,4
2367,718,2025-03-28,2294.64,transfer,atm,3
2368,971,2025-05-22,1907.73,transfer,online,10
2369,370,2023-12-04,3501.5,withdraw,mobile,4
2370,963,2025-06-15,3651.6,deposit,online,12
2371,13,2025-09-22,1547.08,payment,online,13
2372,485,2024-09-19,3478.1,payment,online,15
2373,716,2024-06-10,3720.6,deposit,atm,6
2374,73,2025-08-01,347.25,deposit,online,14
2375,390,2025-04-30,3239.4,transfer,atm,10
2376,702,2025-03-20,1697.09,withdraw,branch,2
2377,730,2025-08-08,2358.63,withdraw,atm,6
2378,151,2025-09-05,2762.3,payment,mobile,14
2379,421,2024-07-22,767.39,deposit,online,19
2380,22,2024-11-07,2419.55,transfer,atm,9
2381,149,2025-09-19,2601.93,transfer,branch,19
2382,816,2023-10-23,1150.65,payment,atm,5
2383,395,2025-02-17,3049.1,transfer,online,10
2384,168,2025-09-17,2207.24,withdraw,branch,14
2385,959,2024-10-03,552.62,deposit,online,12
2386,10,2025-07-27,4192.08,withdraw,branch,10
2387,244,2025-02-28,293.45,payment,mobile,9
2388,239,2024-08-30,1009.3,withdraw,atm,9
2389,484,2025-06-07,2456.99,payment,online,8
2390,211,2024-07-01,3611.27,transfer,online,9
2391,634,2023-10-07,702.3,payment,online,5
2392,904,2024-07-20,2403.02,deposit,online,6
2393,47,2024-02-22,1415.99,withdraw,online,15
2394,786,2025-07-30,3132.32,payment,online,13
2395,261,2025-09-04,3704.22,withdraw,mobile,6
2396,603,2024-03-15,2710.54,payment,mobile,16
2397,310,2024-02-24,2522.25,withdraw,atm,13
2398,923,2025-01-29,1110.2,deposit,mobile,16
2399,149,2025-08-11,2862.04,transfer,mobile,18
2400,378,2024-12-29,1855.12,withdraw,atm,6
2401,156,2024-04-10,76.14,deposit,online,19
2402,614,2025-01-13,177.86,deposit,atm,15
2403,928,2025-09-20,2565.67,transfer,mobile,13
2404,707,2025-05-13,3526.28,transfer,atm,5
2405,991,2025-06-04,4689.08,payment,atm,6
2406,67,2025-07-17,286.41,withdraw,mobile,9
2407,540,2025-01-12,3548.52,deposit,mobile,6
2408,43,2025-01-28,559.26,deposit,mobile,14
2409,454,2025-09-03,2467.92,deposit,mobile,17
2410,760,2025-01-11,2095.06,transfer,atm,1
2411,217,2023-12-14,2992.27,deposit,branch,19
2412,520,2024-12-14,1691.23,deposit,atm,12
2413,827,2024-01-29,4012.47,transfer,online,13
2414,590,2024-08-23,1452.65,deposit,branch,16
2415,542,2024-11-21,3918.62,payment,online,7
2416,368,2025-01-03,2243.54,transfer,atm,13
2417,765,2024-05-21,2880.93,transfer,atm,18
2418,622,2025-07-29,154.75,withdraw,atm,14
2419,276,2024-03-16,2334.57,payment,branch,7
2420,916,2024-10-31,2982.22,withdraw,branch,15
2421,564,2025-04-03,2836.17,deposit,branch,8
2422,885,2023-10-13,3975.48,transfer,branch,13
2423,320,2024-08-07,3055.72,transfer,mobile,1
2424,514,2025-08-18,1389.2,payment,branch,4
2425,898,2025-03-15,3030.8,withdraw,online,10
2426,561,2025-08-10,3594.74,payment,online,14
2427,149,2025-06-23,2759.71,deposit,online,8
2428,106,2025-10-01,2970.81,transfer,online,9
2429,658,2025-08-13,3046.78,transfer,mobile,17
2430,616,2023-12-12,3472.79,withdraw,mobile,18
2431,31,2024-10-05,1825.58,transfer,atm,3
2432,529,2025-03-20,2416.88,withdraw,branch,14
2433,678,2025-06-06,1761.12,deposit,online,1
2434,145,2025-06-29,2221.79,payment,branch,8
2435,930,2024-06-10,2340.05,transfer,online,10
2436,360,2025-08-08,1695.37,payment,branch,16
2437,12,2025-08-13,1962.98,transfer,atm,12
2438,30,2024-07-29,3710.15,deposit,mobile,5
2439,705,2024-10-21,4051.47,payment,online,15
2440,475,2024-07-31,719.2,transfer,atm,15
2441,456,2024-09-07,3713.54,withdraw,online,15
2442,235,2024-12-03,2571.5,withdraw,atm,15
2443,611,2025-03-27,1324.64,payment,mobile,17
2444,26,2025-08-11,3925.43,payment,branch,16
2445,806,2025-07-02,1871.44,payment,online,17
2446,654,2025-08-19,1150.15,withdraw,atm,12
2447,628,2025-08-04,1632.67,transfer,mobile,10
2448,786,2025-09-19,3161.4,withdraw,atm,1
2449,216,2025-08-06,3037.63,withdraw,atm,2
2450,915,2024-02-03,26.31,deposit,online,10
2451,95,2025-02-28,1969.85,transfer,online,15
2452,410,2024-09-27,2269.52,transfer,atm,13
2453,552,2024-06-09,1813.49,withdraw,mobile,6
2454,923,2023-10-25,613.15,payment,atm,5
2455,698,2023-11-09,2410.1,transfer,mobile,10
2456,446,2024-01-25,442.01,withdraw,online,6
2457,536,2025-09-14,2636.38,deposit,online,7
2458,329,2025-06-07,3170.67,transfer,atm,12
2459,341,2024-03-13,3065.2,deposit,branch,6
2460,898,2025-04-11,1052.59,deposit,atm,8
2461,865,2025-05-16,4040.23,deposit,mobile,9
2462,727,2025-05-12,2989.79,deposit,branch,17
2463,217,2025-03-22,3011.28,transfer,branch,16
2464,404,2025-01-30,2352.43,withdraw,mobile,19
2465,389,2023-11-27,1638.17,withdraw,online,3
2466,365,2024-02-11,218.67,transfer,mobile,3
2467,79,2024-08-31,1737.34,payment,atm,7
2468,393,2025-02-11,2291.74,deposit,online,8
2469,910,2025-03-17,1795.07,withdraw,online,2
2470,77,2023-11-20,927.62,transfer,mobile,7
2471,284,2024-11-07,857.95,payment,branch,17
2472,117,2024-05-05,80.69,transfer,mobile,10
2473,80,2025-01-10,1629.86,payment,atm,9
2474,847,2024-10-15,3311.6,payment,mobile,10
2475,372,2024-09-17,2190.41,payment,branch,13
2476,508,2025-05-12,1963.77,deposit,atm,4
2477,220,2024-02-01,1702.7,payment,atm,4
2478,995,2024-07-08,1835.79,withdraw,online,10
2479,222,2024-09-17,1871.15,deposit,mobile,18
2480,533,2024-09-11,3926.81,payment,atm,10
2481,233,2025-05-29,1218.17,deposit,branch,14
2482,278,2025-08-21,2082.32,payment,mobile,1
2483,497,2024-03-25,2409.06,payment,atm,14
2484,566,2025-04-03,2892.46,deposit,branch,9
2485,763,2025-08-16,1629.17,withdraw,branch,6
2486,759,2024-09-05,1866.57,transfer,mobile,14
2487,380,2025-04-30,3449.26,deposit,atm,5
2488,113,2025-09-12,1419.0,withdraw,online,13
2489,528,2025-08-18,3838.86,payment,atm,15
2490,944,2024-07-11,2504.64,deposit,mobile,12
2491,778,2024-05-09,1668.91,withdraw,branch,4
2492,620,2023-11-12,843.49,withdraw,atm,4
2493,327,2024-01-29,1900.19,deposit,online,18
2494,921,2024-03-21,3652.8,payment,mobile,19
2495,196,2024-02-05,2726.62,payment,atm,7
2496,9,2025-09-17,2077.29,deposit,online,14
2497,624,2023-12-23,3464.66,withdraw,atm,8
2498,352,2024-12-05,4416.27,transfer,mobile,9
2499,659,2024-02-12,3241.18,transfer,atm,15
2500,85,2024-06-25,66.52,withdraw,branch,7
2501,209,2024-02-12,1702.45,transfer,branch,3
2502,762,2024-08-25,1424.04,deposit,mobile,18
2503,446,2024-11-16,3194.5,payment,branch,7
2504,679,2025-01-06,2690.67,transfer,mobile,3
2505,242,2024-06-14,889.06,transfer,mobile,4
2506,91,2025-07-20,4120.47,payment,online,13
2507,150,2023-11-15,495.17,payment,online,4
2508,587,2023-10-20,801.28,withdraw,branch,17
2509,30,2025-08-21,2757.47,payment,atm,8
2510,713,2025-03-28,618.53,transfer,atm,2
2511,283,2024-09-13,3509.14,deposit,atm,3
2512,798,2024-01-31,1359.86,deposit,atm,6
2513,988,2024-11-22,1118.87,deposit,online,3
2514,86,2024-04-09,1216.36,payment,atm,18
2515,992,2024-12-25,2192.28,transfer,mobile,4
2516,664,2024-06-21,661.85,transfer,branch,7
2517,558,2025-07-04,566.79,payment,online,18
2518,136,2024-09-18,1764.18,withdraw,online,11
2519,710,2024-12-20,789.88,payment,mobile,6
2520,476,2025-01-31,164.3,deposit,branch,17
2521,897,2024-01-06,3997.03,payment,branch,15
2522,103,2025-06-20,1428.72,transfer,branch,4
2523,473,2024-10-03,3263.06,transfer,online,2
2524,605,2023-12-06,211.52,payment,mobile,18
2525,285,2025-08-18,258.53,payment,atm,9
2526,942,2025-07-30,890.88,deposit,online,6
2527,563,2024-11-04,2283.57,transfer,mobile,14
2528,945,2024-12-16,2123.08,deposit,mobile,1
2529,185,2024-10-18,1158.35,deposit,atm,2
2530,40,2024-11-13,761.59,deposit,mobile,2
2531,418,2024-04-11,2018.48,payment,mobile,6
2532,378,2025-10-02,77.63,payment,mobile,9
2533,103,2024-04-20,4005.47,deposit,online,5
2534,332,2025-01-08,1545.06,payment,branch,9
2535,983,2025-07-23,1471.32,payment,atm,11
2536,283,2024-06-17,443.28,withdraw,mobile,12
2537,675,2023-12-16,824.9,transfer,atm,15
2538,862,2023-12-01,1986.59,withdraw,mobile,4
2539,466,2024-03-13,1877.14,withdraw,online,3
2540,657,2024-10-25,1783.48,payment,branch,2
2541,624,2025-08-15,259.07,deposit,atm,2
2542,994,2025-04-29,1126.34,deposit,mobile,5
2543,964,2025-06-20,2601.4,payment,atm,10
2544,180,2025-04-04,1202.83,withdraw,mobile,10
2545,641,2024-10-19,2371.14,payment,atm,18
2546,21,2024-05-17,1300.4,transfer,online,13
2547,466,2025-08-03,1911.4,payment,atm,17
2548,833,2024-06-25,2919.71,withdraw,atm,1
2549,168,2024-01-26,2104.53,deposit,online,4
2550,757,2024-08-21,790.66,deposit,mobile,7
2551,713,2024-04-23,3657.11,transfer,atm,6
2552,66,2023-11-01,2042.17,deposit,online,13
2553,279,2024-07-30,2194.66,transfer,online,7
2554,665,2025-04-20,842.6,payment,atm,17
2555,274,2025-01-05,1660.9,payment,atm,8
2556,239,2025-09-02,1492.81,withdraw,branch,5
2557,884,2024-07-29,3359.68,payment,atm,13
2558,905,2024-06-20,2173.07,deposit,online,12
2559,953,2025-01-19,2311.32,payment,online,16
2560,320,2024-08-12,1456.34,withdraw,online,9
2561,877,2025-08-06,2538.96,transfer,atm,3
2562,865,2024-01-13,3096.52,payment,online,15
2563,523,2025-02-09,674.77,payment,mobile,17
2564,732,2024-10-18,1916.3,withdraw,online,14
2565,216,2025-08-02,2214.78,deposit,atm,4
2566,931,2024-02-18,3090.7,payment,branch,7
2567,302,2024-12-31,1461.31,payment,atm,2
2568,717,2025-03-25,1512.67,payment,mobile,16
2569,100,2025-07-11,1823.42,transfer,online,16
2570,87,2025-08-17,969.1,transfer,mobile,13
2571,165,2024-05-27,1556.18,withdraw,atm,7
2572,727,2024-11-07,1364.01,withdraw,branch,18
2573,618,2023-12-30,2711.12,deposit,mobile,14
2574,530,2025-03-17,2459.8,deposit,mobile,8
2575,776,2024-04-27,644.68,transfer,atm,16
2576,575,2024-04-07,4405.85,payment,atm,15
2577,867,2025-01-08,1783.52,transfer,online,13
2578,378,2024-06-05,2698.0,payment,atm,18
2579,13,2025-08-25,3670.14,transfer,branch,1
2580,217,2024-02-10,405.52,withdraw,branch,13
2581,161,2024-08-06,1525.94,payment,online,2
2582,917,2024-01-18,2370.86,withdraw,branch,16
2583,67,2025-08-27,954.54,payment,mobile,12
2584,443,2025-06-02,375.59,deposit,mobile,15
2585,128,2024-11-16,3170.24,withdraw,mobile,12
2586,260,2025-07-05,2443.12,deposit,online,7
2587,558,2025-02-27,1292.1,deposit,online,4
2588,833,2024-02-29,2397.25,withdraw,branch,2
2589,475,2024-09-06,1520.28,payment,mobile,9
2590,785,2023-12-03,2188.57,deposit,online,13
2591,131,2025-09-07,5281.49,transfer,branch,11
2592,536,2024-05-16,952.54,transfer,branch,5
2593,781,2024-02-01,1757.02,transfer,atm,19
2594,588,2024-10-15,998.14,payment,branch,15
2595,997,2025-04-28,1772.24,deposit,mobile,11
2596,380,2024-01-27,936.21,deposit,online,18
2597,108,2024-04-28,153.59,withdraw,mobile,6
2598,87,2023-11-22,2481.72,deposit,mobile,4
2599,222,2023-11-30,2858.28,deposit,branch,15
2600,904,2024-12-20,1527.98,transfer,online,18
2601,35,2024-03-18,2905.13,payment,atm,13
2602,638,2024-08-04,2698.04,transfer,online,5
2603,356,2025-10-02,4256.5,withdraw,branch,12
2604,288,2024-02-27,2197.7,transfer,mobile,7
2605,361,2025-02-12,530.74,payment,online,18
2606,304,2024-07-17,928.67,deposit,atm,16
2607,110,2025-01-21,3059.58,payment,branch,5
2608,650,2025-04-16,2619.87,payment,mobile,2
2609,460,2023-11-24,826.47,payment,mobile,12
2610,351,2025-07-18,1265.09,payment,online,17
2611,565,2024-01-05,1556.76,withdraw,atm,4
2612,179,2023-12-07,2275.56,transfer,mobile,12
2613,962,2024-05-28,2992.21,deposit,mobile,9
2614,476,2024-03-24,1875.19,deposit,atm,8
2615,223,2025-04-13,833.41,deposit,mobile,6
2616,771,2024-05-09,2095.5,deposit,mobile,7
2617,188,2023-12-19,2454.66,deposit,online,7
2618,963,2025-03-14,1800.26,deposit,mobile,15
2619,346,2024-11-09,2937.63,transfer,branch,2
2620,244,2024-08-28,2062.85,deposit,atm,19
2621,589,2025-09-12,1884.55,transfer,branch,18
2622,48,2024-02-06,2310.72,deposit,mobile,11
2623,905,2025-02-11,3720.36,transfer,mobile,12
2624,203,2024-01-14,231.6,withdraw,atm,14
2625,508,2025-09-14,1912.03,withdraw,atm,18
2626,159,2024-05-29,1661.89,deposit,branch,1
2627,940,2023-11-25,3252.46,payment,atm,12
2628,12,2024-08-16,2145.88,transfer,branch,2
2629,647,2024-10-02,209.48,payment,atm,11
2630,206,2024-04-21,3554.25,transfer,branch,11
2631,484,2024-04-06,1549.51,payment,branch,3
2632,871,2024-11-02,1691.69,withdraw,branch,9
2633,814,2024-03-07,3653.06,deposit,online,6
2634,790,2024-10-06,2052.51,withdraw,branch,5
2635,419,2025-04-18,4217.65,transfer,mobile,18
2636,683,2024-05-16,3188.85,payment,atm,18
2637,888,2025-05-26,1515.56,withdraw,mobile,19
2638,679,2024-07-19,2994.98,transfer,mobile,3
2639,663,2023-10-07,1753.65,withdraw,online,9
2640,845,2025-10-04,2297.65,payment,branch,10
2641,209,2024-05-27,1382.43,withdraw,online,2
2642,483,2024-09-17,2173.02,deposit,online,19
2643,161,2025-02-01,4397.39,withdraw,mobile,9
2644,998,2025-02-08,3414.84,withdraw,atm,10
2645,375,2024-11-01,2746.97,deposit,mobile,11
2646,714,2025-04-15,2495.88,deposit,online,18
2647,188,2024-11-19,4160.9,withdraw,online,1
2648,341,2024-05-21,1205.32,withdraw,mobile,15
2649,100,2025-06-27,2939.79,deposit,branch,13
2650,330,2024-08-04,1317.35,payment,online,10
2651,910,2024-12-11,3066.75,deposit,atm,7
2652,856,2023-11-09,1339.5,withdraw,atm,11
2653,997,2025-02-27,362.14,withdraw,branch,4
2654,185,2024-12-18,2439.76,withdraw,branch,8
2655,225,2024-07-17,1619.48,withdraw,online,10
2656,301,2025-02-20,1035.88,deposit,branch,3
2657,905,2024-07-03,2564.02,withdraw,branch,1
2658,131,2025-03-02,2124.06,deposit,mobile,17
2659,584,2025-01-25,1548.82,deposit,online,7
2660,775,2024-07-05,1326.69,transfer,atm,8
2661,969,2024-02-10,2268.38,transfer,branch,18
2662,522,2025-07-17,430.67,withdraw,branch,1
2663,903,2025-03-27,160.88,deposit,online,13
2664,272,2024-07-05,2323.17,payment,branch,5
2665,244,2025-08-20,470.99,withdraw,atm,16
2666,617,2023-12-21,2958.2,withdraw,atm,13
2667,940,2024-02-14,2123.74,transfer,mobile,8
2668,383,2025-02-24,1458.27,payment,mobile,19
2669,437,2025-03-20,1129.49,transfer,mobile,1
2670,119,2023-12-31,1823.62,payment,mobile,5
2671,327,2024-06-12,1281.93,withdraw,mobile,13
2672,716,2024-09-10,1082.57,payment,branch,8
2673,960,2025-02-28,1914.91,deposit,branch,11
2674,648,2024-07-24,3443.33,payment,mobile,13
2675,605,2024-01-20,2881.06,transfer,branch,3
2676,819,2025-01-25,3115.22,transfer,online,9
2677,10,2025-08-20,1459.81,transfer,branch,1
2678,990,2023-10-11,1483.51,deposit,branch,15
2679,345,2025-03-09,877.15,payment,atm,17
2680,383,2023-12-19,1906.5,payment,online,17
2681,808,2025-10-02,41.37,payment,mobile,19
2682,100,2025-08-22,2448.87,deposit,branch,11
2683,828,2024-05-05,3926.66,deposit,mobile,2
2684,968,2024-07-04,3700.19,payment,branch,7
2685,484,2025-04-30,2336.56,deposit,online,6
2686,129,2024-04-27,1216.86,transfer,atm,1
2687,883,2024-08-28,2033.32,deposit,mobile,7
2688,277,2025-03-21,2093.32,deposit,branch,1
2689,944,2023-10-24,2880.78,payment,atm,12
2690,729,2024-04-30,181.77,payment,mobile,15
2691,586,2024-08-01,3940.12,deposit,online,1
2692,321,2025-02-16,1489.89,withdraw,branch,15
2693,322,2025-05-13,3079.04,withdraw,branch,9
2694,917,2023-10-07,4292.86,transfer,online,11
2695,390,2023-12-15,3744.4,payment,mobile,11
2696,376,2025-03-05,1208.61,transfer,online,19
2697,898,2025-05-31,1.62,payment,online,10
2698,774,2024-02-12,1210.19,deposit,branch,14
2699,99,2025-03-12,1727.49,deposit,mobile,10
2700,490,2024-03-04,3103.37,transfer,online,15
2701,273,2025-05-29,1369.9,payment,online,5
2702,152,2025-06-14,1810.8,transfer,online,15
2703,431,2025-10-04,2896.57,withdraw,atm,9
2704,864,2025-07-20,2274.53,payment,mobile,8
2705,790,2024-07-08,663.51,withdraw,branch,5
2706,400,2024-02-09,3614.02,transfer,mobile,3
2707,535,2024-01-16,1921.83,transfer,mobile,2
2708,278,2025-07-24,2537.98,payment,atm,8
2709,68,2024-10-21,2668.48,transfer,branch,1
2710,52,2025-09-05,58.73,transfer,branch,12
2711,353,2025-08-15,1099.25,transfer,online,7
2712,226,2025-05-14,1640.54,transfer,atm,13
2713,633,2025-10-02,3170.04,deposit,mobile,18
2714,504,2024-01-30,1492.55,deposit,online,5
2715,169,2025-02-15,1829.59,deposit,branch,2
2716,711,2024-11-10,2253.87,transfer,online,2
2717,979,2025-03-06,3764.48,payment,online,11
2718,617,2025-05-06,1898.15,payment,online,9
2719,712,2025-07-02,577.62,deposit,mobile,9
2720,493,2024-10-01,1989.41,transfer,online,5
2721,893,2024-11-26,2107.68,payment,online,3
2722,710,2024-03-04,2715.6,deposit,mobile,16
2723,495,2024-06-19,2843.9,payment,atm,6
2724,962,2024-08-01,128.53,payment,online,17
2725,604,2024-07-22,1637.48,payment,online,8
2726,65,2024-11-09,3904.88,withdraw,atm,11
2727,817,2024-09-02,3004.39,transfer,online,12
2728,239,2024-09-15,2442.2,payment,mobile,5
2729,383,2024-04-23,2321.76,deposit,atm,1
2730,315,2025-02-09,16.46,withdraw,branch,4
2731,463,2024-06-19,1677.95,transfer,online,18
2732,819,2025-05-31,2427.96,payment,atm,2
2733,752,2024-10-03,3184.94,deposit,mobile,13
2734,517,2024-08-24,3337.08,deposit,online,6
2735,929,2025-03-29,4266.65,transfer,branch,11
2736,792,2024-03-09,317.13,payment,atm,18
2737,533,2025-02-05,2188.82,transfer,online,16
2738,943,2025-03-26,3171.81,transfer,online,8
2739,744,2023-11-16,1324.15,withdraw,online,4
2740,791,2025-07-23,1157.65,deposit,mobile,16
2741,297,2025-01-13,2004.21,payment,mobile,18
2742,532,2025-08-11,1735.78,withdraw,online,15
2743,422,2025-08-08,1032.19,withdraw,mobile,15
2744,62,2025-04-23,1448.94,withdraw,branch,3
2745,605,2025-04-07,2627.02,payment,atm,3
2746,630,2024-11-09,1216.24,transfer,branch,1
2747,723,2024-09-22,3376.65,transfer,mobile,18
2748,553,2024-10-30,1070.64,transfer,branch,4
2749,961,2024-01-03,1343.37,payment,online,15
2750,719,2024-08-11,498.37,withdraw,atm,18
2751,592,2024-11-24,1965.07,transfer,online,2
2752,739,2025-07-01,1598.76,withdraw,mobile,5
2753,642,2025-05-04,1316.78,withdraw,branch,18
2754,409,2025-06-19,2710.0,payment,mobile,14
2755,444,2024-03-27,4181.65,withdraw,atm,12
2756,112,2025-10-05,2118.16,deposit,atm,2
2757,950,2024-04-29,26.48,withdraw,atm,10
2758,280,2024-06-17,1748.59,transfer,branch,5
2759,249,2025-01-15,855.98,transfer,branch,16
2760,50,2025-05-08,336.24,deposit,atm,4
2761,993,2025-02-12,668.65,transfer,mobile,18
2762,684,2025-03-23,4055.25,transfer,atm,15
2763,542,2023-12-12,1384.18,deposit,mobile,10
2764,219,2024-04-04,1378.44,payment,branch,13
2765,740,2023-12-10,4170.31,transfer,mobile,15
2766,212,2025-01-22,3075.68,payment,mobile,5
2767,892,2024-04-15,1150.43,deposit,mobile,5
2768,537,2025-07-18,1014.18,deposit,online,8
2769,956,2025-06-17,1506.14,deposit,online,15
2770,26,2025-02-04,1142.78,withdraw,branch,11
2771,933,2025-07-24,3034.53,withdraw,atm,2
2772,550,2025-06-03,2372.74,deposit,atm,1
2773,387,2025-07-09,2784.16,withdraw,branch,5
2774,369,2025-06-14,3335.94,transfer,branch,14
2775,654,2024-09-03,62.72,deposit,mobile,19
2776,666,2025-09-07,3256.35,deposit,atm,5
2777,752,2024-06-09,2196.82,payment,branch,3
2778,243,2025-03-04,2318.38,payment,mobile,8
2779,526,2023-10-24,2754.0,withdraw,atm,18
2780,82,2024-11-20,2428.59,deposit,atm,16
2781,998,2024-02-05,4096.14,payment,mobile,19
2782,896,2025-08-04,471.74,transfer,branch,4
2783,868,2024-05-05,1650.68,transfer,mobile,17
2784,609,2024-05-05,859.5,payment,branch,11
2785,131,2024-09-03,2565.83,deposit,online,1
2786,21,2025-06-08,1694.12,transfer,online,9
2787,444,2025-06-21,2780.8,payment,online,3
2788,804,2024-06-05,2511.09,withdraw,online,9
2789,150,2024-10-31,2176.89,withdraw,atm,8
2790,875,2025-07-28,2976.54,payment,mobile,4
2791,299,2025-06-14,904.89,transfer,mobile,7
2792,405,2023-10-23,2841.67,deposit,mobile,10
2793,554,2024-02-17,3335.08,deposit,branch,17
2794,77,2024-10-06,2901.95,transfer,mobile,18
2795,466,2024-11-15,2712.11,withdraw,online,12
2796,313,2024-06-19,1488.33,transfer,online,1
2797,308,2024-03-07,822.86,transfer,mobile,13
2798,735,2024-02-06,1075.02,withdraw,atm,2
2799,371,2024-12-24,2773.49,deposit,online,11
2800,925,2024-06-22,2450.2,withdraw,online,6
2801,701,2023-12-01,1879.58,payment,mobile,2
2802,128,2025-05-18,2128.06,transfer,branch,5
2803,388,2025-02-03,3436.61,withdraw,online,14
2804,328,2024-10-07,1074.75,deposit,mobile,14
2805,829,2023-10-14,1797.8,transfer,mobile,6
2806,239,2024-10-30,738.98,deposit,online,14
2807,271,2024-03-13,4264.07,payment,branch,6
2808,764,2025-07-26,199.29,deposit,mobile,2
2809,228,2025-04-12,736.2,payment,online,19
2810,787,2024-06-27,2416.46,deposit,online,11
2811,618,2024-10-06,2988.11,withdraw,atm,11
2812,50,2024-10-08,3134.76,transfer,online,14
2813,576,2025-02-16,1634.79,withdraw,atm,10
2814,758,2025-08-19,1624.49,deposit,atm,19
2815,285,2024-04-30,3040.82,withdraw,online,9
2816,69,2025-05-04,3197.45,payment,online,16
2817,361,2025-10-05,2540.97,transfer,branch,18
2818,657,2025-07-06,2251.62,payment,branch,2
2819,344,2025-01-16,1194.78,payment,atm,2
2820,105,2024-03-21,684.99,transfer,branch,19
2821,962,2023-11-30,2073.39,deposit,branch,17
2822,657,2025-03-22,1455.25,withdraw,branch,8
2823,936,2024-11-27,1150.86,deposit,atm,15
2824,353,2024-02-16,2654.47,payment,atm,5
2825,901,2025-01-18,2752.01,withdraw,branch,8
2826,738,2024-08-26,3290.04,payment,mobile,4
2827,947,2024-11-29,2471.12,payment,online,19
2828,524,2025-04-18,211.14,payment,mobile,7
2829,657,2025-08-04,2427.5,deposit,atm,3
2830,285,2025-01-31,1552.08,withdraw,branch,11
2831,477,2024-09-25,508.48,deposit,branch,15
2832,405,2024-04-13,1626.29,payment,atm,4
2833,917,2024-04-27,3686.78,transfer,atm,14
2834,827,2025-05-22,2240.89,transfer,branch,2
2835,262,2025-05-29,1736.87,deposit,atm,1
2836,397,2024-11-02,5023.42,transfer,atm,7
2837,372,2024-02-29,4123.04,payment,mobile,13
2838,974,2025-07-07,350.53,deposit,branch,6
2839,123,2023-11-30,5003.81,payment,mobile,18
2840,855,2024-02-13,1419.22,transfer,online,17
2841,701,2025-01-25,2567.38,withdraw,online,16
2842,657,2023-11-18,1266.94,withdraw,online,12
2843,553,2024-04-03,2458.78,payment,atm,12
2844,621,2024-05-29,1450.5,transfer,branch,13
2845,607,2024-03-02,3847.9,payment,atm,14
2846,786,2025-05-31,482.28,transfer,atm,10
2847,49,2024-02-12,298.68,transfer,atm,16
2848,72,2023-12-01,4709.15,deposit,mobile,1
2849,903,2025-03-01,150.23,transfer,atm,17
2850,259,2025-02-02,2112.04,transfer,atm,6
2851,991,2024-12-24,82.19,withdraw,atm,17
2852,503,2024-09-08,2655.31,withdraw,branch,19
2853,475,2024-03-07,3823.2,deposit,mobile,11
2854,533,2023-12-04,2139.99,transfer,atm,14
2855,27,2024-09-06,1644.08,withdraw,online,12
2856,299,2025-05-16,3055.36,transfer,mobile,1
2857,212,2025-02-10,2666.54,withdraw,online,4
2858,328,2023-12-23,4383.13,withdraw,branch,15
2859,28,2025-10-02,1569.82,withdraw,online,19
2860,593,2025-03-07,1762.6,transfer,mobile,10
2861,311,2025-08-24,1867.33,transfer,branch,18
2862,577,2025-10-05,4197.83,payment,atm,15
2863,948,2025-01-20,3745.7,deposit,branch,8
2864,982,2024-09-21,4256.91,payment,mobile,16
2865,76,2024-04-13,1097.83,deposit,branch,3
2866,219,2024-07-11,83.57,payment,atm,19
2867,619,2025-02-02,2012.03,transfer,mobile,5
2868,846,2024-06-22,1173.57,deposit,branch,12
2869,820,2025-09-19,1858.91,transfer,atm,17
2870,89,2024-03-22,1971.21,withdraw,online,18
2871,832,2025-03-30,950.62,deposit,branch,12
2872,426,2025-08-14,314.48,payment,mobile,6
2873,732,2024-04-11,3125.71,deposit,branch,12
2874,15,2025-07-30,2778.44,payment,mobile,19
2875,309,2024-03-08,2802.49,payment,atm,13
2876,740,2023-11-24,4090.16,withdraw,branch,12
2877,876,2024-10-01,777.77,transfer,online,17
2878,298,2024-10-26,1818.77,transfer,online,6
2879,361,2024-08-16,2495.75,payment,online,5
2880,146,2024-03-21,1950.52,payment,branch,2
2881,119,2025-05-06,3772.61,withdraw,mobile,7
2882,623,2025-03-19,4338.18,deposit,mobile,9
2883,534,2025-06-26,3675.39,withdraw,mobile,4
2884,131,2025-08-18,3011.97,deposit,branch,2
2885,723,2023-12-12,911.05,payment,branch,15
2886,934,2024-10-15,2030.75,transfer,online,2
2887,441,2025-08-14,1573.96,transfer,branch,14
2888,859,2024-05-10,1140.77,withdraw,branch,14
2889,99,2025-02-24,1987.75,deposit,atm,16
2890,754,2024-09-05,2338.09,transfer,online,10
2891,376,2023-10-11,1559.57,transfer,online,3
2892,516,2025-04-26,1531.51,withdraw,mobile,12
2893,277,2024-09-15,3334.95,transfer,online,5
2894,31,2025-08-11,1095.45,withdraw,branch,11
2895,871,2025-04-09,2648.46,withdraw,atm,12
2896,82,2024-01-06,4323.53,payment,branch,2
2897,855,2024-07-10,978.76,deposit,online,6
2898,231,2025-04-19,716.07,deposit,mobile,7
2899,913,2025-06-15,1159.15,withdraw,online,1
2900,260,2025-03-03,3582.93,transfer,atm,9
2901,832,2024-03-24,546.27,payment,atm,1
2902,271,2024-11-09,1338.88,deposit,branch,6
2903,170,2024-05-26,876.3,deposit,atm,8
2904,891,2024-07-15,2510.38,transfer,branch,19
2905,364,2025-07-27,1319.82,payment,branch,13
2906,804,2025-03-06,2973.1,payment,online,9
2907,474,2024-06-30,2891.03,withdraw,atm,8
2908,925,2024-01-15,1129.33,deposit,mobile,17
2909,856,2025-08-08,3103.75,payment,online,7
2910,716,2024-12-12,685.05,withdraw,atm,15
2911,334,2023-10-21,2240.04,withdraw,branch,17
2912,407,2023-12-18,1919.59,payment,branch,14
2913,20,2025-10-03,1459.11,payment,branch,2
2914,596,2025-05-25,402.05,withdraw,mobile,15
2915,49,2025-04-04,3065.36,transfer,branch,3
2916,819,2024-05-02,3678.18,transfer,mobile,13
2917,369,2025-05-18,2169.34,transfer,branch,1
2918,432,2024-03-12,170.02,withdraw,mobile,4
2919,201,2024-02-18,2675.14,transfer,atm,7
2920,938,2023-12-21,676.12,transfer,branch,15
2921,329,2025-04-19,721.3,payment,branch,15
2922,146,2025-03-08,2030.8,payment,atm,12
2923,663,2023-10-20,1557.72,payment,branch,2
2924,130,2024-10-01,3246.8,deposit,atm,1
2925,758,2024-07-23,656.98,transfer,online,11
2926,621,2024-06-18,3629.53,payment,atm,13
2927,577,2025-04-20,2437.08,transfer,atm,2
2928,512,2024-10-21,1846.98,withdraw,mobile,16
2929,753,2024-03-25,1298.33,withdraw,branch,18
2930,219,2025-02-13,120.74,withdraw,branch,6
2931,52,2025-06-15,3642.46,withdraw,online,8
2932,7,2024-07-28,3153.08,transfer,branch,17
2933,245,2024-11-21,2202.7,withdraw,atm,2
2934,604,2024-02-11,3666.54,withdraw,mobile,18
2935,478,2025-09-07,3187.01,deposit,online,5
2936,163,2025-08-24,2570.9,transfer,atm,13
2937,837,2024-09-01,919.62,withdraw,mobile,17
2938,936,2024-10-13,1921.76,withdraw,mobile,5
2939,221,2025-04-02,1847.02,payment,branch,14
2940,431,2025-03-15,1155.11,withdraw,atm,11
2941,841,2024-06-01,482.73,deposit,branch,1
2942,793,2025-03-13,18.32,payment,online,15
2943,226,2025-07-08,2561.24,deposit,atm,17
2944,756,2025-03-22,1197.48,withdraw,atm,1
2945,839,2025-09-21,3025.88,payment,branch,11
2946,567,2024-07-31,2011.27,withdraw,mobile,9
2947,41,2025-07-31,1190.81,withdraw,branch,9
2948,979,2025-07-12,2252.68,withdraw,branch,15
2949,401,2025-05-24,747.99,withdraw,branch,18
2950,906,2025-05-14,2941.05,deposit,online,19
2951,225,2025-02-08,3939.83,payment,branch,6
2952,309,2024-01-01,1208.81,withdraw,branch,2
2953,542,2024-06-11,3265.87,transfer,atm,16
2954,784,2024-12-25,3132.85,deposit,branch,7
2955,392,2025-02-05,332.13,transfer,branch,6
2956,822,2024-10-18,1152.48,payment,atm,6
2957,946,2024-07-25,1016.79,payment,branch,4
2958,31,2024-12-11,3390.17,withdraw,atm,3
2959,339,2024-04-19,2221.58,withdraw,branch,18
2960,728,2025-07-22,390.42,payment,mobile,15
2961,88,2024-05-21,3342.53,transfer,branch,18
2962,932,2025-02-06,1687.96,payment,mobile,6
2963,973,2024-10-11,929.87,payment,branch,13
2964,14,2023-11-25,527.54,payment,online,13
2965,792,2024-07-07,3900.38,withdraw,branch,19
2966,744,2024-09-12,2497.91,transfer,online,14
2967,826,2025-01-01,2812.78,transfer,atm,16
2968,42,2024-09-01,2300.85,deposit,branch,6
2969,598,2024-04-27,1634.69,withdraw,branch,4
2970,516,2024-10-27,2526.61,withdraw,branch,11
2971,318,2025-03-28,326.07,payment,mobile,16
2972,85,2023-11-17,2152.36,payment,mobile,19
2973,898,2023-12-27,1791.15,withdraw,online,16
2974,554,2024-08-09,754.72,deposit,atm,4
2975,810,2025-07-04,1988.32,deposit,atm,18
2976,872,2025-01-26,1216.76,withdraw,online,15
2977,301,2025-05-05,2123.89,deposit,mobile,13
2978,477,2025-08-24,363.88,withdraw,mobile,16
2979,861,2024-04-27,1724.6,withdraw,atm,9
2980,230,2025-03-31,2598.45,payment,mobile,9
2981,8,2024-10-24,147.21,deposit,online,4
2982,850,2024-04-11,2576.62,withdraw,branch,2
2983,973,2025-03-30,666.93,withdraw,online,11
2984,96,2024-08-04,2872.63,withdraw,atm,5
2985,429,2024-08-03,442.73,payment,online,13
2986,24,2023-10-12,245.47,deposit,online,6
2987,506,2024-06-15,1876.82,deposit,branch,4
2988,514,2024-07-28,3636.33,transfer,mobile,18
2989,177,2025-01-19,4759.96,deposit,atm,2
2990,198,2025-06-18,270.39,deposit,atm,5
2991,305,2024-04-29,1424.57,payment,mobile,13
2992,308,2024-07-21,3955.18,payment,online,10
2993,475,2023-10-17,3516.93,transfer,atm,7
2994,870,2024-08-25,3010.85,payment,mobile,12
2995,493,2023-12-19,2469.76,deposit,branch,8
2996,295,2025-04-01,4063.71,deposit,branch,12
2997,335,2024-01-24,2900.62,payment,atm,1
2998,250,2025-07-20,191.45,payment,mobile,2
2999,815,2024-04-15,2425.08,transfer,mobile,14
3000,164,2023-11-21,2287.68,deposit,mobile,1
3001,309,2024-06-27,1902.57,deposit,atm,5
3002,986,2024-02-10,3002.4,deposit,atm,15
3003,781,2024-07-04,2673.73,payment,atm,18
3004,373,2025-02-15,1439.43,withdraw,mobile,12
3005,898,2024-03-26,2768.11,withdraw,branch,8
3006,601,2024-11-29,781.11,transfer,mobile,8
3007,917,2024-08-19,385.21,deposit,atm,8
3008,882,2024-11-03,1571.89,withdraw,branch,9
3009,685,2025-09-15,3659.76,transfer,mobile,6
3010,958,2025-03-23,1183.82,payment,online,7
3011,341,2023-11-14,1778.93,withdraw,mobile,12
3012,32,2024-11-16,3582.85,transfer,online,7
3013,491,2025-08-20,1646.35,transfer,branch,11
3014,672,2024-02-24,537.42,payment,online,1
3015,424,2025-07-29,1548.52,withdraw,atm,15
3016,334,2023-12-08,2090.6,deposit,atm,17
3017,914,2025-08-15,3457.93,deposit,branch,14
3018,843,2024-09-09,2126.92,deposit,atm,7
3019,714,2024-06-02,1447.53,deposit,online,4
3020,82,2024-04-20,1966.44,withdraw,branch,3
3021,238,2024-08-18,1054.73,payment,mobile,12
3022,478,2023-11-04,2271.55,transfer,atm,14
3023,403,2025-04-14,1564.57,transfer,branch,5
3024,946,2025-08-30,167.05,transfer,mobile,7
3025,393,2025-09-17,1892.75,withdraw,branch,8
3026,533,2024-01-24,1477.4,transfer,online,3
3027,194,2025-01-15,2043.78,transfer,online,2
3028,622,2024-01-29,30.58,deposit,branch,2
3029,254,2023-11-30,1268.06,payment,branch,18
3030,36,2024-03-28,3296.17,transfer,atm,13
3031,724,2024-07-19,62.99,transfer,mobile,4
3032,223,2025-06-20,4914.72,payment,atm,10
3033,614,2025-03-20,2198.68,transfer,online,19
3034,890,2025-07-03,2514.23,payment,atm,19
3035,332,2024-09-02,1972.19,deposit,online,10
3036,885,2024-01-06,2175.87,transfer,branch,5
3037,81,2023-10-29,3453.71,withdraw,atm,18
3038,506,2025-07-29,1393.46,deposit,branch,18
3039,720,2024-05-26,2821.66,deposit,online,1
3040,19,2025-05-04,707.65,withdraw,atm,2
3041,56,2024-11-05,2403.27,deposit,atm,9
3042,283,2023-11-28,1232.65,transfer,mobile,13
3043,979,2025-01-03,2038.72,payment,mobile,14
3044,854,2024-12-03,927.4,deposit,branch,12
3045,843,2025-06-17,1093.4,withdraw,atm,12
3046,826,2025-02-12,1009.97,payment,atm,19
3047,587,2024-12-06,3553.65,payment,atm,8
3048,835,2024-08-13,3533.64,withdraw,online,6
3049,944,2024-06-10,3007.78,withdraw,branch,18
3050,78,2025-08-07,2361.17,withdraw,branch,1
3051,788,2024-08-28,1477.94,withdraw,atm,1
3052,681,2024-05-14,226.4,payment,branch,6
3053,843,2025-07-27,42.26,withdraw,atm,6
3054,641,2024-01-13,3475.42,payment,online,6
3055,849,2024-02-26,2763.15,deposit,atm,3
3056,382,2024-02-11,1056.52,withdraw,atm,9
3057,443,2024-03-24,3166.32,transfer,branch,12
3058,476,2023-10-21,2172.11,deposit,online,1
3059,212,2025-09-19,1404.6,deposit,atm,10
3060,960,2025-01-10,1617.86,payment,branch,7
3061,647,2023-10-18,1906.65,payment,online,16
3062,332,2025-03-01,1120.14,transfer,online,9
3063,771,2024-01-30,2117.67,deposit,atm,16
3064,202,2025-02-22,3095.02,transfer,branch,5
3065,139,2023-12-26,1622.27,payment,atm,11
3066,212,2025-03-30,3894.73,withdraw,online,2
3067,748,2023-12-01,2366.54,withdraw,online,16
3068,608,2024-11-19,4651.26,deposit,branch,17
3069,877,2025-06-07,3375.28,payment,mobile,16
3070,279,2024-09-28,4688.74,transfer,atm,11
3071,519,2024-09-19,2744.85,withdraw,branch,10
3072,458,2024-08-16,287.95,transfer,online,2
3073,922,2025-02-15,2679.8,payment,mobile,14
3074,199,2024-02-21,1630.77,transfer,mobile,3
3075,846,2024-07-14,461.23,deposit,branch,9
3076,627,2024-12-19,3136.37,withdraw,branch,11
3077,81,2024-07-07,2237.06,withdraw,mobile,5
3078,562,2025-05-29,2241.09,transfer,branch,16
3079,111,2023-11-27,3354.94,deposit,online,17
3080,318,2025-07-13,1949.88,transfer,branch,14
3081,106,2024-10-27,1400.71,withdraw,mobile,5
3082,799,2024-11-16,2038.36,deposit,atm,15
3083,820,2025-02-25,4260.0,payment,atm,2
3084,767,2024-08-14,59.59,transfer,atm,9
3085,943,2024-04-24,1531.43,withdraw,atm,13
3086,521,2024-06-08,3597.2,deposit,atm,6
3087,704,2025-07-18,3723.03,withdraw,atm,18
3088,352,2024-07-10,2341.48,withdraw,mobile,16
3089,301,2024-12-17,1378.63,withdraw,mobile,14
3090,179,2025-08-29,2613.08,withdraw,atm,17
3091,170,2024-06-09,1570.44,withdraw,atm,2
3092,791,2024-05-06,2418.72,deposit,atm,5
3093,269,2024-07-15,1150.91,withdraw,branch,12
3094,704,2025-03-16,2322.4,deposit,online,11
3095,978,2023-12-06,4147.25,withdraw,mobile,11
3096,242,2025-10-02,2940.76,withdraw,atm,18
3097,766,2025-03-29,3606.98,deposit,atm,9
3098,226,2024-07-08,1974.54,deposit,mobile,10
3099,518,2024-02-26,1955.83,withdraw,mobile,12
3100,135,2024-11-17,3368.7,deposit,mobile,17
3101,4,2025-08-15,1649.61,deposit,atm,11
3102,818,2023-10-26,2567.21,deposit,mobile,8
3103,544,2024-04-02,825.09,transfer,atm,6
3104,234,2024-02-05,2791.92,payment,branch,18
3105,562,2024-05-02,1521.57,deposit,atm,5
3106,411,2025-07-02,3774.7,deposit,mobile,17
3107,778,2024-01-20,505.9,payment,online,14
3108,626,2024-06-11,2563.12,withdraw,branch,3
3109,869,2024-10-19,3712.2,withdraw,atm,14
3110,989,2025-09-01,1848.01,deposit,online,11
3111,678,2024-08-31,2262.08,transfer,branch,16
3112,595,2024-09-03,1677.08,withdraw,mobile,16
3113,287,2025-01-06,973.17,withdraw,atm,13
3114,18,2024-05-04,952.95,transfer,online,4
3115,9,2023-11-25,2625.24,deposit,online,15
3116,450,2025-05-17,2195.43,payment,atm,14
3117,227,2024-06-16,1957.5,withdraw,atm,1
3118,727,2023-10-10,1367.52,payment,mobile,17
3119,46,2025-08-29,3950.4,payment,atm,19
3120,600,2025-05-04,365.99,deposit,atm,12
3121,227,2024-12-27,1944.56,transfer,atm,7
3122,896,2024-08-31,2218.55,deposit,branch,8
3123,469,2024-06-18,2262.6,transfer,atm,5
3124,727,2024-05-01,1702.92,transfer,branch,9
3125,865,2025-07-31,1180.74,withdraw,branch,4
3126,987,2025-06-20,907.99,transfer,atm,5
3127,703,2024-05-13,1025.1,deposit,mobile,12
3128,128,2023-12-11,577.71,transfer,mobile,8
3129,143,2025-09-13,4576.7,transfer,atm,13
3130,309,2025-09-13,2297.63,payment,mobile,11
3131,826,2025-03-23,917.06,transfer,online,19
3132,556,2024-02-02,832.95,withdraw,online,8
3133,5,2025-03-15,1088.57,deposit,branch,9
3134,458,2024-07-04,2546.95,payment,branch,14
3135,666,2024-01-26,2996.82,deposit,online,4
3136,354,2024-08-08,657.0,payment,mobile,3
3137,215,2025-01-05,314.51,withdraw,atm,9
3138,428,2025-02-08,1046.69,deposit,atm,18
3139,709,2024-07-23,3162.95,withdraw,online,3
3140,258,2023-11-06,3269.34,deposit,online,19
3141,424,2025-06-17,2056.76,transfer,branch,13
3142,759,2025-01-01,1877.75,payment,online,17
3143,227,2025-04-17,3934.33,deposit,branch,16
3144,671,2025-01-01,2184.83,payment,branch,11
3145,418,2025-10-06,1286.39,withdraw,branch,16
3146,543,2024-03-20,1492.92,deposit,online,6
3147,14,2024-12-20,2949.37,transfer,branch,6
3148,681,2025-05-06,1658.25,transfer,branch,19
3149,40,2024-06-05,3332.9,payment,mobile,18
3150,589,2025-09-24,2906.22,transfer,mobile,2
3151,395,2025-03-12,3635.03,withdraw,branch,13
3152,800,2025-08-26,462.11,transfer,online,18
3153,967,2023-11-26,2460.64,transfer,atm,1
3154,437,2024-04-12,1592.54,transfer,mobile,8
3155,417,2024-05-25,2229.9,deposit,mobile,10
3156,632,2025-03-25,2397.08,transfer,atm,1
3157,276,2024-11-16,2915.77,payment,atm,19
3158,774,2024-08-18,3106.98,transfer,mobile,5
3159,466,2024-12-18,2260.06,withdraw,atm,4
3160,146,2025-02-27,299.81,deposit,atm,10
3161,726,2025-08-05,1443.39,withdraw,atm,10
3162,216,2025-01-08,2131.2,deposit,online,8
3163,864,2025-05-24,4236.95,transfer,atm,7
3164,47,2025-04-27,2589.27,payment,branch,1
3165,381,2025-02-27,1464.19,withdraw,atm,15
3166,100,2023-12-05,2085.82,deposit,atm,3
3167,192,2024-02-14,2059.78,deposit,branch,8
3168,268,2025-09-25,1468.56,payment,branch,3
3169,987,2025-05-07,446.35,deposit,branch,13
3170,889,2024-09-28,2512.77,payment,atm,18
3171,661,2023-12-22,2143.17,deposit,branch,9
3172,426,2024-11-10,2260.85,transfer,mobile,14
3173,523,2024-05-29,2370.46,deposit,mobile,19
3174,755,2025-01-26,1593.24,withdraw,online,10
3175,279,2023-11-02,1837.71,payment,mobile,10
3176,899,2025-03-27,506.94,deposit,mobile,19
3177,170,2025-01-09,1302.97,deposit,branch,9
3178,444,2025-09-18,796.05,deposit,atm,14
3179,106,2024-05-21,1960.34,withdraw,mobile,9
3180,254,2023-10-25,1621.15,transfer,atm,4
3181,749,2025-06-19,2344.39,deposit,branch,15
3182,136,2025-05-14,1002.99,deposit,mobile,13
3183,609,2024-01-22,315.33,deposit,branch,15
3184,789,2024-12-07,2540.38,withdraw,mobile,17
3185,824,2024-06-22,2019.52,payment,atm,8
3186,685,2024-06-09,2634.94,transfer,branch,11
3187,361,2025-08-23,108.9,payment,online,12
3188,959,2025-01-07,1598.68,withdraw,atm,18
3189,721,2025-04-22,3464.9,transfer,online,19
3190,658,2025-04-19,4086.56,payment,branch,8
3191,577,2024-03-15,1277.26,payment,branch,13
3192,580,2025-08-31,1341.54,deposit,mobile,1
3193,901,2025-09-05,1860.21,withdraw,atm,16
3194,936,2025-09-05,2587.05,payment,branch,19
3195,779,2025-07-06,2496.05,deposit,mobile,2
3196,590,2025-09-18,2065.53,deposit,online,2
3197,708,2024-12-29,1473.62,payment,branch,5
3198,754,2024-07-06,841.73,transfer,branch,11
3199,659,2023-10-11,527.45,withdraw,branch,17
3200,150,2024-08-17,2483.17,transfer,mobile,10
3201,189,2023-11-14,439.62,deposit,atm,16
3202,803,2024-01-09,1842.78,deposit,atm,15
3203,100,2024-01-22,3422.2,withdraw,mobile,17
3204,271,2024-02-22,3077.96,deposit,mobile,4
3205,406,2023-12-19,1911.22,withdraw,mobile,8
3206,610,2025-08-13,1508.82,withdraw,mobile,16
3207,606,2023-11-27,2201.43,payment,atm,6
3208,708,2024-09-17,1526.18,withdraw,branch,5
3209,987,2025-06-12,5774.91,payment,atm,11
3210,949,2023-12-13,3853.07,transfer,branch,9
3211,952,2024-06-29,3073.35,payment,branch,9
3212,215,2025-06-19,2401.25,payment,branch,9
3213,467,2025-03-09,2587.25,transfer,atm,17
3214,575,2025-08-02,3163.28,payment,online,2
3215,755,2024-11-04,1992.15,transfer,mobile,11
3216,313,2024-07-10,1071.09,withdraw,mobile,16
3217,888,2024-02-04,3454.59,payment,atm,6
3218,243,2025-01-02,1217.26,deposit,online,15
3219,656,2024-10-19,2990.5,payment,atm,4
3220,299,2024-03-18,71.46,payment,branch,10
3221,478,2024-09-06,2922.46,payment,atm,4
3222,877,2025-08-22,2795.33,payment,mobile,7
3223,689,2025-08-09,1809.7,withdraw,atm,11
3224,355,2025-04-10,1619.18,payment,mobile,4
3225,462,2025-09-16,2296.34,payment,atm,17
3226,140,2024-06-29,137.98,withdraw,branch,14
3227,140,2025-09-27,957.71,transfer,mobile,13
3228,825,2023-11-17,913.58,withdraw,atm,18
3229,875,2025-09-10,2072.16,withdraw,branch,3
3230,723,2023-12-21,3162.13,payment,mobile,11
3231,509,2025-02-19,622.59,transfer,mobile,3
3232,974,2024-02-18,3494.87,transfer,atm,19
3233,707,2024-11-09,3337.37,withdraw,branch,9
3234,287,2024-02-12,3348.89,transfer,mobile,2
3235,182,2024-03-09,1886.87,payment,branch,13
3236,679,2024-04-17,2217.75,transfer,online,15
3237,716,2025-02-22,1741.0,transfer,online,7
3238,196,2024-04-08,3365.43,withdraw,mobile,19
3239,62,2024-01-12,3556.76,transfer,atm,8
3240,844,2024-07-31,1904.75,payment,branch,10
3241,322,2024-02-23,4122.45,transfer,atm,11
3242,7,2025-05-18,2395.87,transfer,mobile,19
3243,145,2025-05-20,2001.76,withdraw,mobile,12
3244,839,2024-11-21,325.35,deposit,mobile,14
3245,251,2024-11-11,3998.54,withdraw,mobile,17
3246,964,2024-01-16,2315.72,payment,atm,7
3247,1,2024-11-06,2255.17,withdraw,online,15
3248,465,2024-01-04,691.96,deposit,atm,9
3249,959,2025-06-25,2849.92,withdraw,mobile,5
3250,67,2025-03-23,2930.81,deposit,branch,19
3251,886,2024-11-21,1779.08,withdraw,atm,13
3252,941,2023-11-29,786.9,payment,online,11
3253,968,2025-04-13,3014.18,transfer,online,9
3254,485,2024-07-15,2359.77,deposit,online,18
3255,478,2024-04-04,2504.02,payment,branch,10
3256,792,2024-10-09,2220.83,deposit,mobile,14
3257,693,2025-03-09,3412.65,transfer,branch,17
3258,176,2025-09-03,4200.96,deposit,online,18
3259,85,2025-02-26,1519.69,deposit,atm,3
3260,518,2024-08-19,3953.66,withdraw,atm,6
3261,929,2024-10-30,1988.78,transfer,branch,16
3262,404,2024-10-04,1329.9,transfer,online,19
3263,952,2024-02-03,1703.5,transfer,mobile,4
3264,656,2024-05-12,644.4,transfer,branch,7
3265,175,2025-05-23,981.31,payment,online,1
3266,419,2024-05-02,429.58,deposit,branch,12
3267,204,2024-06-22,3088.14,withdraw,atm,19
3268,416,2024-01-18,2487.02,transfer,atm,5
3269,96,2024-04-20,1370.94,deposit,branch,19
3270,779,2024-01-11,3222.45,transfer,online,5
3271,201,2023-12-01,2647.7,payment,atm,5
3272,810,2025-01-04,737.44,payment,online,9
3273,391,2025-02-01,2609.13,deposit,atm,8
3274,307,2025-03-18,3320.47,payment,online,16
3275,327,2025-05-22,2236.87,transfer,online,12
3276,721,2024-03-30,2051.75,deposit,branch,17
3277,258,2024-12-06,2179.8,deposit,atm,18
3278,808,2025-07-13,3758.52,deposit,atm,14
3279,336,2025-04-25,3877.79,deposit,online,16
3280,51,2024-06-09,1229.42,payment,mobile,13
3281,90,2024-06-21,2528.3,transfer,mobile,14
3282,527,2024-03-29,3312.05,deposit,branch,14
3283,602,2025-05-21,3595.44,payment,mobile,19
3284,678,2025-06-03,1292.69,payment,online,13
3285,744,2025-08-02,1728.01,payment,atm,11
3286,242,2024-01-17,2778.98,transfer,mobile,4
3287,498,2025-06-06,1626.49,payment,branch,10
3288,950,2024-03-06,2574.14,deposit,atm,16
3289,474,2024-09-01,5724.06,withdraw,atm,17
3290,917,2025-06-06,1715.89,deposit,branch,15
3291,479,2024-05-17,913.88,deposit,mobile,14
3292,82,2023-11-09,3047.44,deposit,atm,8
3293,98,2024-05-29,2436.29,deposit,atm,14
3294,953,2025-09-10,3219.06,transfer,atm,10
3295,572,2025-06-29,1633.53,withdraw,mobile,18
3296,2,2025-05-11,3212.53,transfer,mobile,15
3297,700,2025-05-08,1666.86,payment,atm,3
3298,37,2025-05-28,2042.33,transfer,mobile,5
3299,825,2025-01-07,1455.58,payment,mobile,14
3300,188,2024-09-01,2628.74,payment,branch,8
3301,354,2024-06-09,2221.71,deposit,mobile,19
3302,670,2025-02-18,1559.92,payment,online,16
3303,656,2024-11-02,1052.46,deposit,atm,1
3304,131,2025-07-09,3408.07,transfer,mobile,8
3305,705,2023-10-10,1637.18,transfer,mobile,11
3306,367,2024-04-16,3009.96,deposit,mobile,11
3307,998,2024-09-09,1721.76,withdraw,online,18
3308,860,2025-01-08,1589.58,deposit,atm,3
3309,936,2024-03-20,1901.75,withdraw,branch,5
3310,252,2025-07-19,2676.41,transfer,online,9
3311,181,2024-12-07,2663.05,transfer,mobile,11
3312,651,2025-05-13,1241.75,deposit,online,7
3313,785,2024-03-23,1976.56,deposit,atm,13
3314,449,2025-02-21,1143.65,withdraw,mobile,13
3315,896,2024-02-13,1533.79,deposit,atm,7
3316,654,2023-11-27,2990.67,withdraw,online,6
3317,802,2024-08-23,2443.16,withdraw,atm,6
3318,648,2025-09-10,607.28,payment,atm,4
3319,736,2025-08-30,2418.92,transfer,online,10
3320,138,2024-11-15,1399.95,withdraw,online,16
3321,983,2025-06-19,1609.11,deposit,online,10
3322,863,2024-02-15,2136.0,transfer,branch,9
3323,320,2023-11-02,604.75,payment,atm,7
3324,489,2025-04-19,1806.03,payment,mobile,6
3325,961,2025-05-17,3405.34,payment,online,8
3326,831,2025-01-18,2129.03,payment,mobile,13
3327,923,2023-11-16,1882.86,withdraw,branch,11
3328,103,2025-03-01,181.37,withdraw,mobile,4
3329,529,2025-07-05,1885.61,deposit,mobile,6
3330,114,2025-10-01,1324.45,deposit,online,11
3331,365,2025-05-16,3379.25,payment,branch,1
3332,93,2025-07-15,3547.15,payment,branch,8
3333,99,2024-07-09,2930.94,deposit,atm,17
3334,571,2025-01-23,1489.52,transfer,online,16
3335,279,2024-06-11,2293.64,payment,online,8
3336,618,2025-03-28,4755.61,withdraw,atm,2
3337,268,2025-07-15,2409.48,deposit,atm,12
3338,909,2024-10-09,4253.93,payment,online,3
3339,60,2024-08-06,993.9,transfer,mobile,2
3340,417,2025-05-15,2502.3,payment,branch,9
3341,889,2024-08-09,2155.0,deposit,online,6
3342,860,2024-08-24,1539.99,transfer,atm,13
3343,597,2025-05-23,538.19,transfer,atm,18
3344,366,2025-05-23,2475.58,transfer,online,14
3345,145,2023-11-30,3868.59,withdraw,atm,16
3346,214,2025-01-25,2224.41,withdraw,branch,8
3347,405,2025-09-08,2330.48,payment,branch,5
3348,416,2025-07-18,3096.45,payment,atm,9
3349,150,2025-05-20,2885.65,deposit,mobile,14
3350,272,2025-09-22,1659.12,transfer,online,12
3351,527,2024-06-04,1231.21,deposit,atm,6
3352,746,2024-08-23,3308.62,withdraw,online,1
3353,848,2025-04-17,2365.2,payment,online,1
3354,239,2025-03-12,1707.43,withdraw,branch,16
3355,941,2025-01-04,2683.85,payment,mobile,7
3356,215,2025-07-07,1188.73,withdraw,atm,10
3357,769,2024-10-20,2674.4,withdraw,atm,11
3358,406,2023-10-18,186.3,payment,online,2
3359,935,2025-07-18,1476.97,transfer,online,3
3360,959,2025-04-07,2557.18,transfer,mobile,8
3361,590,2025-02-17,1630.91,withdraw,branch,8
3362,762,2024-11-26,838.7,payment,branch,14
3363,585,2024-09-13,2981.87,deposit,mobile,17
3364,715,2024-11-19,2174.62,withdraw,online,3
3365,454,2025-06-29,1291.74,transfer,online,10
3366,674,2024-09-08,1855.4,payment,branch,16
3367,337,2025-04-03,3372.99,payment,online,2
3368,272,2024-02-07,106.05,deposit,mobile,8
3369,797,2024-05-06,1015.52,transfer,branch,3
3370,606,2024-03-25,2563.13,withdraw,mobile,2
3371,160,2023-12-17,2093.22,deposit,atm,7
3372,622,2025-04-05,2590.44,deposit,online,18
3373,870,2024-09-26,2965.09,deposit,online,10
3374,874,2025-06-04,1647.75,payment,online,8
3375,367,2025-03-27,4612.78,transfer,online,8
3376,744,2024-10-15,189.97,transfer,mobile,17
3377,744,2024-04-14,854.51,withdraw,online,16
3378,474,2024-03-24,3764.91,deposit,mobile,13
3379,175,2025-01-01,1765.74,transfer,online,5
3380,595,2023-12-19,2090.14,transfer,atm,13
3381,846,2024-10-15,1900.27,transfer,online,14
3382,729,2024-06-14,3316.01,withdraw,mobile,2
3383,895,2025-06-22,2184.46,deposit,branch,3
3384,371,2025-08-17,2099.73,deposit,mobile,9
3385,24,2024-03-18,1633.28,payment,branch,13
3386,138,2024-01-04,824.56,deposit,branch,11
3387,709,2025-09-28,1462.7,payment,atm,11
3388,503,2025-06-26,256.81,payment,mobile,11
3389,201,2025-02-23,1552.33,transfer,atm,5
3390,646,2025-04-28,501.47,transfer,mobile,16
3391,924,2023-11-04,2121.71,withdraw,atm,5
3392,992,2024-11-29,1095.55,deposit,branch,16
3393,728,2024-11-05,1882.89,transfer,atm,2
3394,700,2024-10-10,20.06,payment,mobile,7
3395,300,2025-06-23,473.83,transfer,online,4
3396,348,2024-10-31,1039.79,deposit,online,12
3397,528,2025-09-04,2648.96,withdraw,online,9
3398,581,2025-08-06,2589.92,deposit,mobile,2
3399,514,2025-08-27,557.92,payment,mobile,11
3400,351,2025-07-26,3059.41,withdraw,atm,2
3401,496,2025-09-25,2392.76,payment,online,7
3402,368,2024-11-15,2917.33,deposit,branch,1
3403,310,2024-03-04,1612.37,transfer,atm,15
3404,48,2025-07-13,2823.35,transfer,mobile,19
3405,832,2024-07-24,1089.6,withdraw,atm,5
3406,657,2024-02-07,2746.85,deposit,branch,7
3407,809,2024-10-31,1582.95,payment,branch,13
3408,688,2024-12-11,2526.53,deposit,mobile,10
3409,658,2024-10-12,970.55,transfer,online,8
3410,721,2024-07-22,3349.54,deposit,branch,7
3411,417,2023-12-14,2622.89,payment,atm,10
3412,396,2023-12-23,1419.09,payment,mobile,4
3413,516,2024-11-15,931.7,transfer,branch,7
3414,160,2023-12-30,779.73,payment,atm,9
3415,334,2024-09-07,923.74,deposit,online,19
3416,926,2023-11-09,1915.13,payment,online,10
3417,962,2025-06-16,716.53,deposit,branch,4
3418,1,2025-09-27,1727.99,transfer,atm,8
3419,192,2025-01-27,1750.17,payment,branch,14
3420,340,2024-05-12,3625.99,withdraw,atm,7
3421,327,2025-07-03,1727.5,payment,atm,1
3422,309,2025-07-12,2661.82,deposit,online,13
3423,364,2025-09-10,2496.51,deposit,atm,8
3424,983,2024-08-13,2290.94,withdraw,online,14
3425,202,2025-06-25,719.56,payment,atm,14
3426,590,2025-04-29,1855.32,withdraw,branch,13
3427,707,2025-05-16,1505.75,payment,online,19
3428,311,2025-02-04,3258.08,transfer,online,1
3429,112,2023-11-01,923.86,payment,mobile,17
3430,197,2024-09-15,1539.94,withdraw,mobile,7
3431,717,2024-08-16,1399.21,payment,atm,6
3432,536,2024-02-29,1893.91,transfer,mobile,19
3433,870,2025-03-26,138.77,payment,online,15
3434,339,2025-06-07,3806.24,payment,online,9
3435,709,2024-01-02,1566.9,deposit,mobile,11
3436,122,2024-04-14,3749.67,deposit,online,1
3437,743,2024-05-20,238.08,payment,branch,2
3438,474,2025-08-15,1957.64,deposit,online,5
3439,13,2024-08-02,3288.04,transfer,branch,11
3440,964,2024-12-23,3043.49,deposit,atm,12
3441,329,2025-06-19,2774.72,transfer,online,1
3442,473,2025-08-20,2844.76,deposit,atm,8
3443,540,2025-04-18,1344.6,withdraw,mobile,6
3444,291,2024-10-05,302.64,withdraw,online,10
3445,566,2025-08-09,690.23,withdraw,mobile,16
3446,525,2025-07-01,1608.48,payment,online,11
3447,599,2024-10-17,1142.39,transfer,branch,1
3448,965,2025-03-22,1005.9,deposit,mobile,19
3449,787,2024-11-21,2999.57,deposit,atm,1
3450,41,2025-07-25,2637.72,withdraw,atm,1
3451,610,2024-08-21,1647.25,payment,mobile,15
3452,42,2024-10-25,2240.83,withdraw,online,10
3453,747,2025-08-26,1789.87,transfer,atm,4
3454,74,2025-02-12,2931.21,transfer,mobile,6
3455,264,2024-08-31,3292.95,withdraw,mobile,3
3456,86,2023-11-13,680.6,transfer,mobile,7
3457,578,2025-07-27,431.54,transfer,branch,4
3458,755,2024-12-25,1083.89,payment,mobile,19
3459,430,2025-05-15,1129.45,payment,atm,16
3460,579,2024-09-18,2645.14,transfer,online,2
3461,769,2024-08-24,3305.13,payment,branch,13
3462,545,2024-10-30,219.51,withdraw,mobile,17
3463,929,2023-10-23,2665.6,payment,branch,10
3464,782,2024-04-23,403.23,transfer,online,2
3465,88,2024-09-22,2222.15,payment,online,16
3466,862,2024-04-28,3177.5,payment,branch,18
3467,836,2025-07-31,1602.51,withdraw,atm,8
3468,18,2024-01-28,2335.09,payment,atm,3
3469,902,2024-11-08,722.89,deposit,online,15
3470,347,2025-06-11,827.51,payment,online,5
3471,576,2024-05-15,2475.68,withdraw,atm,2
3472,320,2024-08-21,1486.56,payment,atm,4
3473,113,2024-05-12,2508.37,withdraw,mobile,3
3474,876,2024-01-26,1324.04,withdraw,branch,5
3475,970,2025-02-04,1608.63,deposit,mobile,10
3476,358,2024-02-27,1156.56,transfer,online,14
3477,510,2024-09-09,1266.57,withdraw,branch,3
3478,871,2024-10-22,1001.13,transfer,mobile,8
3479,160,2023-12-11,1548.89,deposit,atm,11
3480,506,2025-06-30,2313.42,withdraw,atm,2
3481,482,2024-11-27,735.27,payment,branch,18
3482,282,2023-12-16,2872.13,transfer,mobile,6
3483,169,2024-10-15,2024.15,transfer,branch,1
3484,785,2025-04-17,223.54,deposit,atm,13
3485,671,2025-03-23,3354.41,payment,branch,13
3486,18,2025-04-29,929.78,transfer,mobile,19
3487,205,2025-07-18,3141.91,deposit,branch,19
3488,889,2024-10-30,1621.58,transfer,online,4
3489,568,2023-12-16,2651.25,withdraw,atm,16
3490,315,2024-07-13,2651.75,payment,mobile,15
3491,727,2025-09-21,2626.01,payment,branch,9
3492,977,2024-09-02,1261.38,withdraw,online,7
3493,255,2025-03-04,208.02,transfer,atm,11
3494,790,2025-02-25,2068.02,transfer,mobile,3
3495,158,2024-08-05,352.53,transfer,branch,8
3496,960,2025-05-07,3000.84,withdraw,online,18
3497,359,2024-12-01,308.14,payment,mobile,9
3498,585,2025-09-09,1424.75,transfer,mobile,19
3499,195,2025-03-31,770.57,transfer,online,11
3500,241,2023-11-07,2150.08,deposit,branch,14
3501,832,2025-06-04,1191.06,transfer,online,10
3502,282,2024-10-27,865.44,payment,mobile,12
3503,62,2024-05-17,2465.44,withdraw,online,12
3504,316,2025-09-16,1907.09,payment,online,14
3505,726,2024-03-14,2034.29,transfer,atm,11
3506,864,2024-05-29,1632.03,transfer,mobile,19
3507,232,2025-08-02,1879.16,withdraw,mobile,9
3508,70,2025-08-18,864.42,transfer,online,5
3509,53,2024-11-22,2019.09,transfer,mobile,15
3510,527,2024-08-06,2216.6,withdraw,atm,5
3511,500,2024-04-13,798.81,transfer,branch,13
3512,737,2023-10-22,1525.39,deposit,mobile,14
3513,354,2025-02-12,633.66,withdraw,mobile,3
3514,868,2023-12-17,3698.56,transfer,mobile,5
3515,394,2025-06-30,1782.31,deposit,branch,14
3516,854,2024-03-17,2520.4,transfer,online,19
3517,358,2025-08-13,3566.7,deposit,online,6
3518,785,2025-04-17,1144.03,payment,branch,4
3519,951,2024-05-06,1332.67,withdraw,atm,11
3520,427,2024-04-05,949.29,transfer,mobile,14
3521,957,2023-12-28,1257.45,payment,atm,9
3522,440,2024-06-03,3804.02,deposit,mobile,4
3523,577,2025-06-18,689.04,payment,online,14
3524,325,2024-12-07,3440.59,deposit,atm,15
3525,475,2024-05-02,1985.27,deposit,mobile,1
3526,453,2024-11-12,2340.71,deposit,online,5
3527,932,2025-04-16,2808.11,payment,branch,2
3528,208,2025-05-27,2194.15,deposit,mobile,16
3529,419,2025-03-04,2416.07,transfer,mobile,1
3530,334,2024-11-04,1595.57,payment,atm,7
3531,625,2024-12-12,1709.99,withdraw,online,7
3532,102,2024-02-27,2417.02,deposit,online,9
3533,498,2025-08-06,1161.56,deposit,mobile,1
3534,343,2024-12-30,1977.55,deposit,branch,2
3535,742,2024-10-29,318.06,transfer,online,6
3536,675,2024-09-28,908.27,transfer,online,10
3537,142,2025-09-22,1020.81,withdraw,branch,13
3538,618,2024-02-11,4545.73,payment,online,6
3539,38,2025-03-09,2850.94,withdraw,mobile,14
3540,335,2025-07-15,2194.67,payment,atm,4
3541,825,2024-06-28,2296.15,transfer,branch,17
3542,34,2025-04-05,2043.75,transfer,branch,5
3543,238,2025-09-17,1402.29,transfer,branch,8
3544,304,2025-09-22,2478.83,withdraw,atm,15
3545,912,2025-02-07,3165.67,deposit,branch,3
3546,676,2024-07-14,2532.09,payment,atm,9
3547,929,2025-07-09,565.87,payment,branch,8
3548,176,2025-02-02,2830.68,deposit,mobile,1
3549,465,2024-12-24,1345.21,withdraw,branch,15
3550,244,2024-03-26,3022.75,deposit,atm,10
3551,96,2024-08-07,1923.69,transfer,atm,3
3552,289,2024-02-19,3793.56,withdraw,atm,14
3553,330,2024-04-26,550.83,withdraw,atm,15
3554,282,2025-01-07,2826.8,transfer,online,6
3555,27,2025-01-26,955.3,withdraw,mobile,15
3556,670,2023-12-07,1600.35,withdraw,online,19
3557,259,2024-12-28,1626.55,deposit,branch,18
3558,112,2025-02-26,690.74,withdraw,branch,19
3559,497,2025-01-24,2840.25,payment,online,2
3560,59,2024-05-23,859.82,payment,online,4
3561,932,2024-06-30,1900.7,deposit,atm,6
3562,983,2024-05-04,3038.33,deposit,mobile,9
3563,584,2023-12-20,2061.44,payment,mobile,16
3564,639,2023-11-23,525.98,deposit,branch,3
3565,330,2025-07-13,1996.11,withdraw,branch,1
3566,774,2024-12-16,2267.58,transfer,atm,18
3567,457,2025-09-10,1306.79,deposit,online,8
3568,705,2023-10-19,1208.69,payment,atm,12
3569,23,2025-04-05,2811.83,withdraw,atm,18
3570,193,2024-08-31,2937.56,deposit,online,5
3571,692,2024-12-13,1067.57,payment,atm,10
3572,438,2023-11-27,2139.45,deposit,branch,19
3573,308,2025-02-28,634.36,deposit,mobile,12
3574,562,2024-04-08,97.53,payment,mobile,18
3575,249,2024-01-26,2542.48,payment,atm,3
3576,457,2025-03-01,406.68,deposit,mobile,12
3577,574,2023-12-21,3464.86,transfer,mobile,13
3578,309,2024-11-27,1479.98,deposit,atm,17
3579,495,2025-09-05,771.82,withdraw,branch,10
3580,369,2023-11-01,3706.1,deposit,online,18
3581,908,2024-05-19,1506.36,deposit,branch,15
3582,265,2023-10-19,801.3,payment,atm,17
3583,166,2024-07-16,196.05,transfer,online,18
3584,107,2025-08-07,2291.17,deposit,mobile,8
3585,323,2024-04-27,1212.84,withdraw,atm,15
3586,275,2025-01-02,2842.59,payment,branch,6
3587,47,2025-09-14,290.92,payment,branch,16
3588,804,2025-07-27,1746.73,deposit,online,7
3589,966,2024-11-05,2960.39,payment,online,3
3590,385,2025-01-20,3951.62,deposit,mobile,9
3591,22,2024-01-27,1952.2,deposit,mobile,19
3592,463,2025-03-21,3665.16,deposit,branch,1
3593,956,2024-05-25,2071.83,withdraw,branch,7
3594,174,2024-12-10,3075.71,deposit,branch,14
3595,394,2024-01-07,425.2,transfer,branch,6
3596,672,2023-12-08,2203.93,transfer,atm,8
3597,549,2025-01-02,4355.4,payment,mobile,12
3598,264,2024-12-05,1170.25,transfer,mobile,14
3599,380,2025-03-28,436.03,deposit,mobile,4
3600,609,2024-04-19,1458.05,deposit,branch,4
3601,145,2025-06-25,2020.12,withdraw,atm,14
3602,761,2024-12-24,1909.9,transfer,mobile,9
3603,642,2025-06-24,769.28,deposit,mobile,2
3604,539,2024-08-04,1753.89,withdraw,branch,19
3605,138,2023-10-08,2056.29,payment,online,18
3606,607,2025-08-21,1283.93,deposit,mobile,7
3607,917,2025-08-18,3109.9,withdraw,mobile,6
3608,850,2024-12-21,3532.79,deposit,online,3
3609,347,2024-01-27,286.46,payment,branch,18
3610,995,2025-07-03,57.57,deposit,atm,5
3611,112,2024-07-08,3184.49,deposit,atm,6
3612,56,2024-06-25,82.02,deposit,online,4
3613,185,2024-05-12,1959.11,deposit,branch,4
3614,428,2024-08-23,789.06,withdraw,atm,10
3615,1,2024-08-20,1696.23,payment,online,9
3616,700,2025-08-07,3942.4,withdraw,atm,17
3617,559,2024-07-07,4234.25,withdraw,atm,12
3618,281,2025-07-20,3684.9,transfer,mobile,5
3619,449,2024-11-07,1126.0,withdraw,branch,9
3620,901,2023-11-03,2921.83,transfer,online,12
3621,861,2025-07-05,1651.7,deposit,atm,8
3622,568,2023-12-12,681.75,withdraw,mobile,16
3623,628,2025-09-19,2220.74,withdraw,mobile,10
3624,199,2024-10-06,3584.29,transfer,branch,19
3625,244,2025-07-17,799.03,deposit,mobile,9
3626,613,2025-04-03,2735.25,payment,atm,11
3627,904,2024-05-23,2955.52,deposit,online,16
3628,976,2024-12-06,2199.58,transfer,atm,11
3629,646,2025-09-04,1971.5,deposit,atm,3
3630,952,2024-03-20,2386.64,payment,mobile,3
3631,934,2024-06-13,2645.57,payment,online,6
3632,746,2025-05-17,856.57,transfer,online,16
3633,536,2024-06-27,2159.39,payment,mobile,19
3634,418,2024-10-13,760.62,payment,mobile,16
3635,566,2025-08-18,2857.21,payment,mobile,15
3636,597,2024-09-22,1924.64,payment,branch,4
3637,120,2025-07-23,1362.08,deposit,branch,16
3638,970,2024-09-16,2019.07,withdraw,atm,10
3639,94,2025-09-26,1963.98,deposit,atm,15
3640,302,2024-10-31,1217.72,payment,online,10
3641,418,2025-06-05,464.55,withdraw,mobile,18
3642,79,2024-06-19,146.3,deposit,branch,13
3643,562,2024-03-08,725.91,withdraw,online,15
3644,616,2025-01-02,1398.0,transfer,branch,9
3645,276,2024-12-04,279.37,deposit,mobile,16
3646,356,2024-09-21,1540.53,transfer,mobile,8
3647,579,2025-05-16,3182.65,transfer,branch,17
3648,446,2023-11-03,1860.56,withdraw,online,17
3649,816,2025-05-06,2743.1,withdraw,atm,12
3650,622,2025-02-08,2372.75,deposit,mobile,15
3651,346,2024-03-14,2371.13,payment,atm,9
3652,131,2024-02-12,1744.74,withdraw,online,16
3653,839,2025-09-16,2353.49,withdraw,atm,15
3654,352,2024-09-02,1223.8,payment,mobile,7
3655,336,2025-01-13,2383.91,payment,branch,3
3656,904,2024-09-17,1867.56,transfer,branch,19
3657,305,2023-10-09,1979.74,withdraw,mobile,6
3658,574,2025-04-24,729.73,transfer,branch,12
3659,12,2024-01-06,1498.02,withdraw,mobile,15
3660,80,2025-01-03,1655.44,payment,online,17
3661,417,2024-02-28,3402.66,payment,mobile,10
3662,979,2024-09-08,3183.44,payment,branch,2
3663,856,2025-05-07,2421.31,deposit,online,4
3664,566,2025-02-14,3651.48,payment,online,5
3665,551,2025-01-10,1492.13,payment,branch,1
3666,469,2024-09-20,1511.03,payment,atm,5
3667,579,2024-05-19,3075.2,deposit,atm,13
3668,815,2024-10-30,2175.45,transfer,atm,14
3669,525,2024-01-08,692.58,transfer,mobile,3
3670,638,2025-06-21,278.5,transfer,branch,1
3671,49,2024-03-26,5025.24,deposit,branch,2
3672,103,2024-03-02,3637.14,deposit,online,4
3673,482,2025-07-07,2929.02,payment,mobile,12
3674,478,2024-07-15,1447.74,transfer,mobile,10
3675,691,2024-09-04,2049.88,payment,mobile,4
3676,998,2025-06-17,2274.73,payment,online,18
3677,167,2025-08-26,517.07,withdraw,branch,12
3678,136,2024-09-09,1816.82,withdraw,online,8
3679,489,2024-03-21,3037.61,transfer,mobile,7
3680,892,2025-06-12,2346.52,deposit,atm,14
3681,17,2024-08-01,1199.46,transfer,branch,1
3682,285,2024-12-17,1751.3,deposit,atm,19
3683,430,2024-01-19,1542.74,deposit,mobile,2
3684,882,2024-01-26,5071.97,transfer,branch,9
3685,987,2024-04-08,655.76,payment,online,18
3686,468,2025-06-14,1119.93,withdraw,mobile,17
3687,176,2024-04-22,1572.24,deposit,branch,4
3688,631,2023-12-16,1485.11,payment,mobile,4
3689,223,2023-10-16,1620.44,deposit,atm,7
3690,376,2025-02-20,3390.4,deposit,online,1
3691,646,2024-09-27,1478.32,transfer,mobile,5
3692,365,2025-02-02,205.76,payment,mobile,10
3693,291,2025-01-12,654.02,payment,atm,12
3694,516,2023-10-15,258.54,withdraw,branch,3
3695,657,2025-08-26,1499.28,deposit,mobile,9
3696,226,2023-12-11,1899.91,transfer,online,16
3697,995,2024-10-04,2748.44,withdraw,branch,18
3698,38,2023-10-08,104.98,withdraw,branch,6
3699,166,2023-11-18,1486.11,payment,mobile,3
3700,722,2025-03-30,1153.21,withdraw,branch,8
3701,706,2024-11-13,2268.92,withdraw,branch,2
3702,606,2024-02-25,2519.41,deposit,mobile,12
3703,357,2024-07-05,1080.63,withdraw,atm,16
3704,827,2023-10-26,3048.14,withdraw,branch,16
3705,916,2024-03-02,1518.22,payment,atm,10
3706,549,2023-11-18,1883.22,payment,branch,5
3707,116,2025-08-13,2201.59,deposit,branch,17
3708,293,2024-11-26,1239.44,transfer,mobile,17
3709,61,2023-12-16,461.26,transfer,atm,6
3710,957,2023-12-25,2372.08,withdraw,online,3
3711,393,2025-07-12,2509.1,withdraw,online,10
3712,426,2024-04-30,1883.33,payment,atm,3
3713,129,2024-04-14,3168.52,transfer,online,17
3714,323,2024-11-17,3035.53,transfer,online,2
3715,718,2025-02-13,222.12,transfer,branch,15
3716,747,2025-09-21,2190.14,withdraw,branch,1
3717,595,2024-11-24,727.62,deposit,branch,14
3718,257,2023-11-09,67.64,payment,mobile,9
3719,337,2025-09-04,1512.44,withdraw,atm,2
3720,32,2024-11-29,2128.68,payment,branch,8
3721,312,2025-09-12,3498.45,transfer,atm,16
3722,389,2025-03-09,3568.95,payment,branch,2
3723,239,2024-08-01,1858.44,payment,online,16
3724,305,2024-09-05,1140.59,withdraw,online,4
3725,903,2025-09-19,135.31,transfer,branch,19
3726,873,2024-12-10,895.57,deposit,atm,4
3727,142,2023-11-07,3046.8,transfer,online,4
3728,850,2024-03-25,711.88,withdraw,branch,6
3729,857,2025-07-09,3613.62,deposit,mobile,19
3730,981,2024-07-20,2781.6,deposit,online,10
3731,50,2024-05-12,1933.1,deposit,online,10
3732,26,2024-10-17,1768.45,withdraw,branch,9
3733,441,2024-05-25,2719.32,transfer,atm,12
3734,694,2024-01-10,2212.8,transfer,online,15
3735,147,2025-08-24,2255.68,transfer,online,5
3736,699,2024-09-23,1120.82,payment,atm,6
3737,921,2025-06-12,97.7,withdraw,mobile,1
3738,69,2024-10-07,2427.77,payment,atm,5
3739,485,2025-09-11,3246.47,deposit,branch,10
3740,47,2025-09-14,2241.84,transfer,branch,11
3741,666,2023-12-17,952.52,payment,atm,16
3742,103,2025-07-31,1831.79,payment,mobile,15
3743,286,2024-09-12,1576.26,deposit,mobile,8
3744,366,2024-09-02,2037.02,payment,branch,19
3745,392,2024-12-12,2645.55,transfer,online,16
3746,312,2023-10-20,4142.34,payment,mobile,13
3747,757,2023-10-24,1021.53,payment,online,17
3748,735,2024-12-10,663.31,withdraw,atm,4
3749,744,2025-04-17,1679.6,deposit,branch,2
3750,759,2024-04-27,3042.84,withdraw,atm,19
3751,625,2024-11-24,1863.7,withdraw,atm,7
3752,842,2025-06-25,263.14,payment,mobile,14
3753,355,2024-05-08,367.97,payment,atm,15
3754,392,2024-06-28,1744.57,payment,branch,9
3755,633,2023-10-24,2977.68,deposit,branch,19
3756,182,2025-04-28,1633.24,withdraw,mobile,18
3757,524,2023-11-21,251.24,transfer,mobile,6
3758,973,2025-06-13,4448.42,transfer,branch,14
3759,68,2023-10-15,3928.9,transfer,branch,10
3760,651,2024-05-22,3806.29,deposit,atm,2
3761,667,2024-09-26,3589.42,payment,mobile,8
3762,129,2024-07-04,1569.93,withdraw,branch,13
3763,841,2025-04-17,3999.3,payment,online,17
3764,585,2025-08-31,2782.49,payment,branch,19
3765,692,2024-01-06,2417.53,deposit,atm,2
3766,264,2025-07-11,2861.28,withdraw,atm,9
3767,576,2023-10-31,1675.33,withdraw,mobile,9
3768,480,2024-11-06,1893.92,payment,branch,19
3769,481,2025-05-05,1707.91,deposit,branch,11
3770,637,2024-03-05,2138.29,payment,atm,2
3771,143,2025-09-17,2189.89,transfer,branch,8
3772,42,2024-12-04,777.43,transfer,atm,14
3773,553,2025-03-11,1339.55,payment,branch,4
3774,176,2024-05-09,1895.42,payment,branch,9
3775,855,2025-08-18,3074.53,deposit,mobile,13
3776,401,2025-06-24,3816.67,withdraw,branch,19
3777,26,2023-10-24,828.29,withdraw,mobile,4
3778,154,2024-03-08,3170.4,payment,mobile,19
3779,586,2025-07-22,3345.19,withdraw,branch,15
3780,273,2024-07-17,2777.23,transfer,mobile,13
3781,703,2025-02-15,21.22,deposit,branch,17
3782,965,2024-03-15,3764.86,withdraw,mobile,4
3783,246,2024-08-05,3352.55,transfer,mobile,17
3784,112,2025-06-30,1016.41,transfer,branch,3
3785,30,2024-05-18,1159.12,deposit,branch,6
3786,802,2024-02-24,2124.47,payment,online,19
3787,525,2025-01-22,3113.56,withdraw,online,5
3788,203,2025-05-30,951.16,transfer,online,14
3789,365,2025-07-24,2937.87,transfer,mobile,5
3790,870,2024-03-03,2267.47,withdraw,online,5
3791,886,2024-02-08,782.1,deposit,online,12
3792,749,2024-07-22,1280.84,payment,mobile,4
3793,618,2024-04-05,2960.61,deposit,branch,7
3794,179,2024-06-23,548.16,withdraw,branch,7
3795,663,2025-04-09,1568.85,transfer,atm,5
3796,569,2024-09-09,1691.13,transfer,atm,19
3797,369,2024-08-01,4629.84,payment,mobile,19
3798,121,2024-07-11,2097.14,withdraw,atm,19
3799,764,2024-08-01,1771.37,transfer,atm,4
3800,110,2024-06-21,2349.65,deposit,branch,9
3801,674,2025-06-19,2600.78,payment,online,5
3802,425,2025-07-21,130.05,transfer,branch,4
3803,944,2025-07-19,2329.93,payment,online,11
3804,321,2025-08-28,2484.41,transfer,online,4
3805,447,2025-05-13,2368.15,withdraw,mobile,10
3806,895,2024-12-19,559.74,deposit,branch,17
3807,790,2024-12-14,3192.91,payment,online,12
3808,670,2023-12-16,2020.16,payment,branch,7
3809,106,2023-11-25,3178.41,transfer,online,17
3810,30,2024-06-22,1483.07,payment,mobile,18
3811,46,2024-11-22,1823.83,transfer,branch,16
3812,310,2024-11-30,2643.64,transfer,online,1
3813,981,2025-07-21,694.92,deposit,branch,5
3814,414,2025-06-14,176.28,transfer,mobile,11
3815,949,2025-08-15,1827.28,transfer,branch,12
3816,910,2023-10-29,2273.5,deposit,atm,10
3817,180,2024-09-08,592.68,transfer,branch,15
3818,42,2024-01-13,3565.73,transfer,branch,6
3819,289,2025-06-07,1783.24,payment,branch,14
3820,980,2024-08-14,2990.54,withdraw,mobile,8
3821,651,2024-08-03,2104.22,deposit,branch,17
3822,550,2024-05-08,3317.28,deposit,online,15
3823,525,2024-09-16,2971.99,deposit,mobile,18
3824,357,2024-02-10,140.97,withdraw,mobile,7
3825,27,2025-09-02,1386.85,transfer,atm,6
3826,857,2024-06-10,3713.96,deposit,online,18
3827,150,2024-03-26,4380.05,transfer,mobile,11
3828,257,2025-04-01,2277.83,payment,mobile,9
3829,5,2024-08-04,3056.45,payment,mobile,13
3830,970,2024-06-30,2744.01,withdraw,branch,7
3831,60,2024-06-05,874.46,payment,atm,10
3832,202,2025-03-02,3918.38,withdraw,mobile,13
3833,399,2025-01-15,2316.58,payment,atm,11
3834,230,2023-10-07,2289.29,deposit,branch,15
3835,960,2024-01-25,1021.62,transfer,atm,5
3836,771,2023-12-24,2975.51,payment,mobile,12
3837,462,2024-09-18,2924.06,payment,atm,14
3838,28,2024-12-22,5059.44,transfer,online,7
3839,606,2025-05-05,1256.2,transfer,online,3
3840,433,2025-05-02,2602.81,withdraw,atm,15
3841,390,2024-11-16,3484.25,transfer,online,10
3842,26,2024-05-23,1346.85,payment,atm,18
3843,14,2024-06-19,2389.64,transfer,atm,8
3844,679,2023-10-30,2008.3,withdraw,mobile,17
3845,426,2025-01-23,268.41,deposit,online,14
3846,762,2025-08-03,1056.4,transfer,online,18
3847,223,2024-06-02,2949.78,withdraw,mobile,13
3848,4,2025-01-21,3813.62,payment,atm,11
3849,626,2025-03-16,1127.04,payment,mobile,4
3850,786,2023-10-08,2146.77,transfer,atm,3
3851,935,2023-11-13,624.26,payment,online,1
3852,250,2025-09-25,5359.79,deposit,atm,13
3853,555,2024-02-10,1224.02,transfer,mobile,12
3854,272,2024-09-05,120.35,withdraw,branch,19
3855,112,2025-03-01,258.18,withdraw,branch,17
3856,243,2025-02-09,3243.93,withdraw,branch,12
3857,951,2024-08-06,3764.12,transfer,online,7
3858,554,2024-11-13,172.46,deposit,online,10
3859,345,2025-02-08,411.96,withdraw,online,7
3860,313,2025-04-11,2376.85,transfer,mobile,10
3861,933,2023-12-23,2260.83,withdraw,online,9
3862,523,2024-06-02,2482.49,withdraw,online,2
3863,867,2025-02-08,2574.31,transfer,online,3
3864,654,2025-01-22,1168.49,withdraw,mobile,16
3865,294,2025-06-08,1353.99,transfer,branch,5
3866,297,2024-07-13,1478.55,transfer,mobile,14
3867,635,2024-09-19,2917.68,transfer,branch,6
3868,753,2023-11-03,1356.64,deposit,branch,14
3869,676,2025-02-15,3363.59,transfer,mobile,11
3870,444,2024-10-01,1753.24,deposit,online,9
3871,796,2025-01-26,1458.35,transfer,mobile,19
3872,509,2025-08-04,2184.23,deposit,mobile,1
3873,535,2024-12-30,1446.52,withdraw,atm,17
3874,551,2023-12-01,259.94,deposit,online,11
3875,202,2024-03-26,564.28,deposit,mobile,12
3876,804,2024-03-12,2387.07,transfer,branch,16
3877,557,2024-02-26,4100.4,transfer,online,13
3878,503,2025-05-08,2764.13,transfer,atm,12
3879,243,2025-09-09,5215.55,deposit,online,17
3880,550,2024-01-05,1274.58,payment,online,19
3881,428,2024-09-04,2377.72,transfer,branch,3
3882,829,2025-06-12,738.41,transfer,online,4
3883,54,2025-08-16,3263.75,deposit,online,10
3884,921,2024-07-30,1406.6,deposit,atm,12
3885,180,2024-02-03,865.44,payment,mobile,15
3886,77,2025-05-07,1553.44,payment,atm,2
3887,648,2025-05-04,5361.05,payment,atm,9
3888,228,2025-02-26,2589.64,transfer,atm,11
3889,963,2024-06-11,514.83,payment,branch,2
3890,130,2024-07-03,2786.68,withdraw,atm,15
3891,630,2025-08-07,3224.24,withdraw,branch,17
3892,207,2025-06-07,3816.88,payment,atm,16
3893,544,2024-03-18,2722.81,payment,branch,8
3894,382,2025-09-23,1995.66,transfer,mobile,4
3895,171,2025-07-12,1769.29,deposit,atm,11
3896,660,2024-06-01,1087.17,transfer,atm,14
3897,704,2025-06-21,3112.11,payment,branch,16
3898,675,2024-08-02,4218.6,payment,atm,2
3899,607,2024-10-12,1292.8,withdraw,mobile,4
3900,100,2024-08-22,2281.06,deposit,atm,5
3901,321,2025-07-24,1656.95,withdraw,branch,12
3902,394,2025-05-09,2193.82,withdraw,online,8
3903,430,2024-03-11,993.65,payment,branch,4
3904,414,2025-02-04,3415.31,transfer,mobile,18
3905,531,2023-12-31,961.75,deposit,online,16
3906,75,2024-04-29,1078.09,withdraw,online,18
3907,663,2023-11-19,3615.05,transfer,mobile,5
3908,438,2025-06-07,2742.15,withdraw,branch,2
3909,268,2025-02-20,4943.43,deposit,online,13
3910,27,2025-03-20,3246.03,withdraw,atm,17
3911,133,2025-06-18,2655.42,withdraw,atm,15
3912,18,2024-09-20,1253.3,withdraw,branch,11
3913,909,2025-09-29,2156.16,payment,branch,12
3914,13,2023-10-08,195.02,deposit,atm,13
3915,742,2024-08-06,1180.56,transfer,branch,15
3916,429,2024-12-01,379.24,transfer,online,5
3917,162,2025-09-04,2054.67,deposit,atm,6
3918,232,2024-04-15,3133.47,payment,branch,5
3919,273,2025-05-27,3519.85,withdraw,online,13
3920,690,2025-04-19,1127.09,withdraw,mobile,18
3921,19,2025-08-29,3572.23,withdraw,atm,15
3922,251,2024-12-12,3037.5,withdraw,atm,10
3923,440,2025-05-01,76.27,transfer,atm,17
3924,327,2025-06-04,1067.87,withdraw,atm,18
3925,252,2025-05-11,2919.88,deposit,mobile,3
3926,81,2023-10-30,109.3,payment,online,4
3927,436,2025-06-11,1887.03,withdraw,online,7
3928,266,2024-08-15,1058.99,payment,atm,18
3929,937,2024-10-26,5185.68,deposit,mobile,4
3930,612,2023-12-31,2251.26,withdraw,online,9
3931,941,2025-02-27,1431.55,transfer,atm,8
3932,882,2024-02-14,3199.05,withdraw,atm,6
3933,605,2024-01-23,3451.75,deposit,atm,17
3934,54,2025-01-21,172.5,payment,online,3
3935,974,2023-10-26,958.39,payment,online,2
3936,904,2025-03-19,1765.73,payment,mobile,16
3937,904,2025-03-17,2368.53,transfer,online,15
3938,996,2025-03-28,1489.81,payment,branch,11
3939,511,2025-07-03,1626.84,transfer,atm,5
3940,47,2024-06-27,2484.39,payment,mobile,2
3941,195,2025-02-17,2657.03,withdraw,branch,13
3942,16,2024-08-21,2870.71,withdraw,online,8
3943,510,2025-03-10,2781.43,deposit,mobile,16
3944,305,2025-07-01,2052.66,deposit,branch,14
3945,359,2024-04-25,1347.31,transfer,mobile,6
3946,933,2024-05-24,2991.02,payment,branch,2
3947,18,2024-09-15,3793.68,transfer,branch,7
3948,853,2025-09-05,368.96,transfer,atm,7
3949,368,2025-10-05,3597.66,withdraw,atm,19
3950,852,2023-12-05,2347.52,payment,online,15
3951,400,2025-08-19,2560.44,transfer,atm,11
3952,340,2024-04-18,2215.38,deposit,atm,17
3953,899,2024-09-30,867.74,transfer,branch,7
3954,764,2023-11-14,813.5,withdraw,mobile,15
3955,588,2025-08-14,2430.62,deposit,online,11
3956,392,2024-04-15,3228.97,transfer,branch,17
3957,599,2025-05-27,1063.03,transfer,mobile,18
3958,562,2024-01-24,1414.07,deposit,mobile,13
3959,445,2024-06-21,2336.34,payment,online,11
3960,878,2025-08-07,3518.97,withdraw,online,7
3961,133,2024-10-22,833.06,transfer,branch,16
3962,337,2024-09-29,2559.28,withdraw,branch,12
3963,648,2025-07-25,1373.65,payment,online,3
3964,934,2025-02-04,1103.48,withdraw,atm,17
3965,201,2025-01-06,1790.35,withdraw,branch,11
3966,642,2024-03-13,504.39,deposit,branch,5
3967,455,2025-05-14,1936.88,transfer,online,10
3968,985,2025-01-29,2526.21,deposit,atm,16
3969,207,2025-06-14,2430.06,transfer,online,18
3970,1000,2025-03-01,1858.32,payment,atm,15
3971,913,2024-10-17,1923.17,withdraw,branch,5
3972,30,2024-07-07,3402.3,payment,atm,15
3973,615,2025-09-09,210.6,withdraw,online,12
3974,32,2025-09-08,1667.15,transfer,atm,19
3975,981,2023-11-14,5981.1,payment,atm,9
3976,589,2024-06-06,2893.36,transfer,atm,14
3977,819,2025-06-03,2989.16,payment,online,2
3978,121,2024-08-08,1504.21,payment,branch,18
3979,410,2024-02-19,1415.53,transfer,mobile,13
3980,711,2025-07-16,1343.71,deposit,atm,18
3981,487,2025-09-04,1721.44,payment,online,10
3982,663,2025-02-11,1074.32,payment,online,18
3983,143,2025-06-04,3736.88,withdraw,online,1
3984,62,2023-11-28,4845.59,transfer,atm,12
3985,884,2023-11-07,2354.74,withdraw,mobile,10
3986,308,2023-11-16,4498.74,transfer,mobile,14
3987,515,2025-10-04,4773.55,transfer,online,6
3988,260,2024-10-09,2255.68,payment,online,4
3989,923,2024-09-24,803.53,withdraw,online,6
3990,694,2025-01-10,731.3,deposit,online,18
3991,181,2024-06-07,2693.4,withdraw,online,7
3992,140,2024-01-08,3300.13,withdraw,mobile,11
3993,589,2024-02-29,3527.49,withdraw,atm,8
3994,390,2024-01-05,1924.28,transfer,mobile,9
3995,69,2025-01-03,210.29,deposit,branch,4
3996,32,2024-01-13,2145.55,transfer,mobile,1
3997,513,2024-10-19,2065.35,payment,branch,9
3998,776,2024-07-16,3033.82,payment,branch,14
3999,476,2024-10-23,2017.18,withdraw,mobile,1
4000,397,2025-09-01,1393.87,deposit,branch,8
4001,743,2024-07-28,2845.1,payment,branch,12
4002,11,2025-01-28,2371.83,deposit,mobile,14
4003,310,2024-01-27,1514.56,payment,atm,1
4004,574,2024-03-23,3164.08,deposit,atm,12
4005,133,2024-12-17,2194.44,deposit,online,1
4006,912,2025-06-09,3570.5,withdraw,mobile,10
4007,61,2024-10-04,3724.75,payment,mobile,4
4008,302,2025-03-02,2888.48,deposit,online,5
4009,77,2024-02-09,26.37,withdraw,branch,8
4010,690,2024-07-13,1268.55,deposit,mobile,19
4011,554,2024-01-18,846.75,deposit,online,13
4012,415,2024-05-29,2418.24,payment,atm,16
4013,820,2023-12-17,984.47,payment,atm,16
4014,610,2024-06-24,4651.62,withdraw,branch,10
4015,819,2025-01-05,709.4,transfer,mobile,19
4016,340,2024-02-13,1883.08,deposit,branch,3
4017,835,2024-08-14,2178.66,withdraw,online,1
4018,436,2025-09-30,181.86,payment,branch,2
4019,883,2025-08-03,1477.77,payment,online,16
4020,191,2024-09-01,950.27,deposit,online,7
4021,368,2025-03-03,4137.68,deposit,mobile,5
4022,246,2025-03-29,2679.93,transfer,branch,3
4023,806,2025-05-07,4051.65,payment,online,16
4024,411,2023-10-22,3451.87,deposit,atm,17
4025,725,2025-08-28,793.33,withdraw,atm,15
4026,659,2025-08-06,1559.57,withdraw,online,7
4027,603,2024-11-07,3173.52,transfer,online,15
4028,590,2025-04-04,1412.49,transfer,mobile,5
4029,852,2023-10-25,762.91,transfer,branch,6
4030,352,2025-01-26,2453.42,transfer,atm,5
4031,327,2025-07-07,669.7,transfer,atm,7
4032,646,2024-10-21,3834.36,withdraw,mobile,16
4033,333,2024-03-01,2575.2,transfer,branch,6
4034,770,2024-04-30,3410.39,transfer,branch,6
4035,788,2024-02-05,1778.84,deposit,branch,18
4036,689,2024-07-20,2494.53,transfer,atm,17
4037,123,2023-10-17,759.57,transfer,mobile,16
4038,390,2024-12-18,742.23,withdraw,branch,2
4039,217,2024-02-16,2385.76,payment,branch,17
4040,237,2024-03-14,3682.62,payment,online,3
4041,598,2024-04-29,4117.69,deposit,mobile,4
4042,992,2025-09-11,5483.53,withdraw,mobile,13
4043,686,2023-12-25,2414.51,transfer,atm,19
4044,503,2024-07-29,790.58,transfer,branch,4
4045,318,2024-02-17,115.72,payment,online,17
4046,678,2025-01-16,3478.74,transfer,branch,2
4047,648,2025-09-20,3640.1,transfer,branch,5
4048,363,2024-07-06,2375.77,payment,online,13
4049,107,2023-11-02,1339.17,payment,atm,13
4050,759,2025-01-26,2329.48,withdraw,atm,4
4051,43,2025-06-24,3433.14,withdraw,mobile,14
4052,542,2025-02-10,5148.21,transfer,branch,3
4053,962,2025-02-02,3023.39,payment,atm,2
4054,503,2023-11-20,735.1,transfer,branch,6
4055,526,2025-03-15,2105.39,payment,atm,3
4056,681,2024-05-27,524.9,payment,branch,11
4057,447,2025-06-16,1290.38,payment,branch,11
4058,178,2025-01-15,3665.56,transfer,mobile,15
4059,3,2024-09-29,2530.76,payment,atm,16
4060,464,2024-05-16,146.85,payment,atm,15
4061,929,2023-10-20,431.62,withdraw,online,15
4062,775,2025-09-27,1144.88,deposit,mobile,10
4063,777,2024-06-08,184.06,payment,branch,14
4064,795,2023-12-11,434.54,payment,atm,7
4065,936,2025-03-16,353.78,withdraw,online,5
4066,948,2023-10-31,2728.46,transfer,mobile,10
4067,209,2024-11-07,1609.1,deposit,mobile,15
4068,858,2023-12-21,898.79,payment,online,10
4069,557,2024-08-01,2755.02,transfer,branch,12
4070,332,2023-12-25,45.09,transfer,branch,1
4071,62,2025-05-21,4750.17,transfer,atm,3
4072,605,2023-10-14,3408.65,withdraw,mobile,11
4073,69,2024-07-02,2005.24,payment,atm,6
4074,385,2025-09-08,1405.56,payment,mobile,8
4075,971,2024-09-06,3109.95,payment,atm,16
4076,869,2024-06-07,903.14,payment,online,12
4077,863,2024-04-15,1022.6,transfer,branch,3
4078,678,2025-01-03,1229.79,deposit,atm,17
4079,562,2024-05-22,4362.14,payment,online,9
4080,227,2024-08-13,1173.62,deposit,branch,15
4081,10,2025-06-16,2859.09,deposit,online,16
4082,99,2024-10-28,3094.1,deposit,mobile,6
4083,954,2025-02-15,2552.94,transfer,mobile,5
4084,6,2024-10-31,3359.74,withdraw,mobile,1
4085,222,2025-05-14,1009.5,transfer,online,2
4086,349,2025-03-29,1498.86,deposit,online,2
4087,293,2024-05-04,1223.22,deposit,atm,4
4088,615,2025-07-15,1258.99,withdraw,branch,18
4089,290,2023-10-17,1033.65,deposit,branch,18
4090,528,2025-10-01,1600.58,payment,online,6
4091,217,2024-06-28,634.81,deposit,atm,12
4092,642,2025-02-09,2017.53,transfer,online,17
4093,979,2025-06-10,3062.44,withdraw,mobile,4
4094,316,2025-09-02,133.63,transfer,mobile,16
4095,342,2025-03-19,1766.48,payment,online,6
4096,972,2025-05-16,668.78,deposit,branch,18
4097,507,2024-06-18,2484.89,withdraw,atm,3
4098,601,2025-02-15,4302.06,payment,online,16
4099,364,2024-11-01,757.06,transfer,atm,9
4100,620,2023-12-09,2642.69,withdraw,atm,16
4101,437,2025-02-22,2951.48,withdraw,online,4
4102,402,2024-09-03,804.76,withdraw,online,18
4103,140,2023-12-04,1925.09,transfer,branch,14
4104,386,2024-05-13,2276.72,deposit,mobile,12
4105,901,2023-12-19,2453.46,withdraw,mobile,14
4106,219,2024-06-18,1763.25,transfer,online,6
4107,904,2025-01-15,3000.61,transfer,online,17
4108,120,2024-08-07,3012.66,withdraw,online,9
4109,855,2024-03-15,1568.11,payment,online,4
4110,919,2024-02-18,1702.75,withdraw,atm,1
4111,24,2024-06-17,892.43,transfer,online,10
4112,897,2025-03-10,2112.69,deposit,mobile,14
4113,110,2024-04-13,2035.0,deposit,online,9
4114,212,2024-08-25,4689.18,payment,online,8
4115,775,2025-09-12,1618.23,transfer,branch,15
4116,582,2025-04-18,1937.96,deposit,online,10
4117,512,2024-05-17,845.06,deposit,atm,8
4118,604,2023-11-16,1362.73,transfer,branch,14
4119,564,2024-03-29,3426.17,transfer,mobile,15
4120,596,2024-10-30,1032.38,withdraw,branch,18
4121,289,2024-02-02,3577.14,deposit,online,6
4122,820,2025-06-20,1635.74,withdraw,online,8
4123,599,2023-12-16,3434.61,deposit,branch,11
4124,131,2025-06-15,1444.5,withdraw,mobile,17
4125,882,2025-08-20,2405.84,deposit,atm,7
4126,846,2025-07-22,2454.74,withdraw,online,15
4127,556,2024-11-21,940.42,withdraw,branch,16
4128,133,2025-05-04,1950.51,deposit,online,18
4129,773,2023-12-28,1174.31,deposit,branch,14
4130,108,2024-01-08,1889.73,withdraw,branch,18
4131,638,2024-08-21,3498.53,payment,branch,15
4132,849,2024-02-18,729.08,transfer,branch,18
4133,249,2025-09-12,550.67,deposit,mobile,17
4134,702,2025-01-29,3961.84,payment,online,8
4135,471,2024-09-24,2280.48,transfer,mobile,5
4136,208,2024-03-28,2120.37,payment,mobile,16
4137,608,2024-01-17,1013.11,withdraw,branch,17
4138,133,2024-03-12,2198.1,deposit,mobile,1
4139,731,2024-12-29,701.36,withdraw,atm,6
4140,66,2025-09-27,3411.22,transfer,mobile,10
4141,117,2023-10-07,1100.65,withdraw,online,19
4142,148,2025-05-05,457.3,deposit,online,10
4143,5,2024-11-09,2080.07,payment,online,15
4144,828,2025-09-04,2817.22,deposit,atm,9
4145,978,2025-05-17,2164.75,transfer,atm,10
4146,652,2024-05-17,1327.35,withdraw,branch,10
4147,202,2025-07-13,198.79,withdraw,mobile,16
4148,213,2025-01-29,2473.26,transfer,branch,5
4149,813,2025-01-12,1915.48,transfer,atm,16
4150,525,2023-10-07,2092.32,deposit,mobile,12
4151,397,2023-11-10,5092.3,deposit,online,4
4152,16,2023-12-28,1923.07,deposit,branch,4
4153,102,2024-09-24,1671.64,payment,mobile,18
4154,754,2024-05-01,2346.13,withdraw,mobile,12
4155,889,2025-07-25,1943.9,payment,atm,13
4156,163,2024-02-13,1040.31,transfer,mobile,8
4157,835,2023-12-08,1188.87,deposit,atm,3
4158,918,2024-06-19,3587.06,withdraw,branch,10
4159,788,2023-12-08,2657.04,deposit,branch,7
4160,11,2025-04-15,2157.94,payment,mobile,12
4161,94,2025-05-19,1443.22,payment,atm,6
4162,605,2024-12-20,4120.86,payment,mobile,5
4163,437,2025-09-10,399.98,payment,branch,10
4164,716,2024-05-15,517.82,withdraw,branch,19
4165,806,2025-09-02,649.08,withdraw,mobile,2
4166,642,2025-02-10,2289.24,payment,mobile,19
4167,892,2025-05-10,918.22,transfer,atm,7
4168,624,2025-04-06,3559.9,deposit,online,6
4169,18,2024-03-12,2498.99,deposit,branch,6
4170,678,2024-03-15,198.67,payment,online,18
4171,266,2025-08-18,1544.59,transfer,mobile,1
4172,850,2025-06-20,1372.27,transfer,mobile,17
4173,953,2025-05-14,2534.62,payment,mobile,10
4174,429,2025-08-08,1289.39,deposit,atm,1
4175,436,2025-06-22,4136.77,withdraw,atm,3
4176,482,2024-12-29,4195.48,withdraw,atm,3
4177,698,2025-02-16,5.0,withdraw,online,15
4178,722,2024-09-02,1786.93,transfer,online,7
4179,241,2023-12-24,3195.15,withdraw,online,10
4180,29,2023-12-13,2883.47,withdraw,atm,6
4181,724,2024-04-07,2161.54,payment,atm,8
4182,12,2024-11-30,2471.84,withdraw,mobile,4
4183,266,2025-09-10,2725.49,transfer,online,3
4184,104,2025-08-02,1833.56,transfer,branch,1
4185,941,2025-09-18,2760.9,withdraw,branch,14
4186,116,2024-12-10,2488.88,payment,online,3
4187,645,2025-07-05,624.38,withdraw,branch,16
4188,60,2025-04-09,1072.6,withdraw,branch,7
4189,165,2025-07-20,2229.11,payment,branch,1
4190,509,2024-07-17,2128.57,transfer,mobile,12
4191,385,2024-05-30,1113.9,withdraw,atm,9
4192,270,2023-12-26,1817.14,deposit,atm,8
4193,182,2024-09-02,507.97,withdraw,mobile,18
4194,678,2024-04-08,735.84,withdraw,branch,11
4195,849,2025-01-02,3130.75,payment,online,12
4196,748,2024-09-25,3144.5,payment,online,5
4197,965,2024-11-09,692.85,deposit,mobile,9
4198,735,2023-11-24,714.85,withdraw,mobile,9
4199,955,2024-02-24,2519.46,deposit,atm,12
4200,932,2024-07-28,757.28,withdraw,online,19
4201,872,2024-04-04,3469.57,deposit,mobile,9
4202,573,2023-10-25,1539.83,transfer,branch,15
4203,756,2024-03-02,3552.58,payment,atm,1
4204,817,2024-04-16,1069.42,withdraw,atm,19
4205,309,2025-09-06,2664.56,payment,atm,11
4206,404,2023-11-28,2957.76,deposit,mobile,16
4207,766,2025-06-18,1574.59,payment,branch,8
4208,822,2024-02-06,2495.66,transfer,mobile,3
4209,996,2024-03-06,2938.64,transfer,online,10
4210,175,2024-11-28,2193.34,transfer,branch,2
4211,646,2024-09-18,1970.57,deposit,online,16
4212,590,2025-02-25,724.16,withdraw,mobile,1
4213,62,2025-04-21,62.18,deposit,mobile,1
4214,572,2023-12-11,879.37,withdraw,online,9
4215,977,2024-05-23,4534.92,payment,branch,3
4216,625,2025-07-23,2212.66,deposit,atm,4
4217,337,2025-05-16,1836.38,payment,online,8
4218,653,2025-03-17,2550.9,withdraw,branch,11
4219,422,2024-10-25,2314.76,deposit,atm,16
4220,717,2024-07-19,323.39,payment,branch,18
4221,386,2025-02-16,3891.74,deposit,online,16
4222,977,2025-08-02,3649.36,transfer,online,7
4223,10,2023-11-06,1919.54,payment,branch,14
4224,462,2025-01-25,2129.31,deposit,branch,18
4225,559,2025-07-28,3170.5,transfer,mobile,12
4226,339,2023-12-09,2456.2,transfer,online,2
4227,992,2025-01-06,4256.98,withdraw,mobile,12
4228,253,2024-04-10,3226.88,transfer,mobile,2
4229,473,2025-05-25,1529.13,transfer,mobile,8
4230,328,2025-08-09,1957.34,withdraw,online,17
4231,619,2024-08-30,1431.71,payment,online,11
4232,938,2024-04-05,849.88,transfer,branch,9
4233,220,2024-10-31,298.57,transfer,atm,18
4234,161,2023-10-08,2814.26,transfer,branch,2
4235,42,2024-08-06,870.38,withdraw,online,13
4236,350,2024-02-06,2416.35,payment,atm,2
4237,661,2023-12-08,1803.62,withdraw,branch,1
4238,954,2024-10-27,2805.15,deposit,mobile,7
4239,269,2024-07-20,2867.33,withdraw,online,12
4240,680,2025-09-25,2226.33,deposit,branch,11
4241,628,2023-12-28,1112.61,deposit,atm,17
4242,503,2024-01-18,3032.33,withdraw,atm,15
4243,1,2024-10-17,2519.38,withdraw,mobile,2
4244,19,2024-05-13,2720.61,withdraw,online,19
4245,129,2024-11-06,3344.8,payment,online,5
4246,451,2023-11-08,2882.46,payment,mobile,10
4247,325,2024-05-31,2279.39,transfer,atm,14
4248,983,2025-05-15,1563.27,deposit,mobile,1
4249,514,2024-08-01,2113.08,payment,branch,4
4250,400,2023-10-12,2519.75,payment,mobile,9
4251,625,2024-12-02,2631.65,deposit,branch,3
4252,599,2023-11-28,1732.4,withdraw,mobile,15
4253,775,2024-08-02,1839.71,transfer,mobile,9
4254,602,2025-03-27,992.94,payment,atm,10
4255,155,2024-10-03,856.86,payment,atm,7
4256,240,2024-01-13,3710.18,deposit,mobile,3
4257,249,2025-05-20,2280.46,deposit,mobile,6
4258,665,2024-08-13,1251.63,transfer,online,11
4259,453,2025-02-12,2858.73,transfer,atm,10
4260,98,2024-03-31,1528.12,payment,mobile,8
4261,973,2025-09-14,3107.64,payment,online,19
4262,633,2023-10-26,2661.51,payment,atm,1
4263,392,2023-12-19,1895.38,deposit,branch,14
4264,216,2024-03-09,2341.51,withdraw,atm,14
4265,510,2024-06-22,2661.72,payment,branch,17
4266,229,2024-10-09,2870.99,withdraw,atm,17
4267,980,2024-06-18,1442.09,transfer,online,2
4268,667,2025-09-28,1783.22,transfer,branch,5
4269,651,2025-07-26,2594.71,deposit,branch,6
4270,267,2024-05-14,2240.12,transfer,branch,4
4271,764,2025-04-01,1278.35,transfer,online,7
4272,900,2025-07-26,152.38,payment,mobile,14
4273,570,2025-04-03,2709.27,withdraw,online,19
4274,384,2024-12-19,1281.69,deposit,branch,8
4275,875,2024-08-15,2400.73,payment,online,8
4276,639,2025-06-13,1544.11,payment,online,6
4277,451,2024-05-01,210.5,withdraw,mobile,11
4278,708,2025-05-08,96.6,deposit,branch,3
4279,946,2024-05-19,1082.54,payment,atm,4
4280,385,2023-12-15,2775.09,deposit,mobile,15
4281,244,2025-01-08,98.81,transfer,mobile,17
4282,625,2024-05-21,3709.14,withdraw,mobile,9
4283,646,2024-12-03,1692.06,payment,atm,1
4284,116,2025-06-01,654.87,transfer,mobile,5
4285,720,2025-07-26,1939.66,payment,mobile,4
4286,479,2025-02-28,2258.74,deposit,online,1
4287,933,2024-02-16,309.46,transfer,mobile,8
4288,819,2023-11-03,1832.73,withdraw,atm,4
4289,463,2024-07-23,2079.79,deposit,atm,17
4290,797,2024-04-24,440.26,transfer,atm,2
4291,723,2024-05-01,3649.86,transfer,branch,6
4292,543,2024-09-15,1788.65,deposit,online,9
4293,748,2024-03-22,73.54,payment,online,7
4294,722,2023-12-28,3551.88,deposit,online,5
4295,274,2024-09-07,3640.75,transfer,atm,14
4296,321,2025-09-15,2489.27,transfer,mobile,8
4297,967,2024-10-15,1668.8,withdraw,online,5
4298,85,2025-03-18,1186.07,deposit,mobile,13
4299,541,2025-07-09,4172.07,payment,branch,19
4300,670,2025-01-19,2412.31,payment,online,13
4301,581,2025-05-02,540.87,transfer,mobile,17
4302,896,2025-03-26,1705.02,deposit,mobile,3
4303,922,2025-04-21,1203.73,deposit,mobile,13
4304,174,2025-10-06,4052.8,transfer,mobile,14
4305,594,2024-11-24,2404.8,deposit,online,13
4306,708,2024-09-26,2122.96,transfer,online,8
4307,889,2024-06-07,1725.13,payment,atm,14
4308,699,2023-12-06,2510.45,withdraw,mobile,18
4309,524,2025-01-21,1191.64,payment,mobile,1
4310,93,2025-05-03,898.39,transfer,online,7
4311,933,2024-10-18,3740.41,deposit,mobile,15
4312,104,2025-03-30,653.42,transfer,branch,13
4313,563,2024-01-05,1303.57,payment,online,4
4314,899,2025-09-23,4336.79,withdraw,branch,5
4315,107,2025-06-06,1873.37,deposit,mobile,12
4316,227,2025-05-29,1678.36,payment,mobile,12
4317,761,2024-12-17,4480.29,withdraw,branch,8
4318,745,2025-03-02,2286.63,transfer,mobile,6
4319,310,2024-06-19,2298.48,payment,mobile,12
4320,725,2024-01-26,676.34,deposit,online,13
4321,818,2024-10-30,815.68,payment,mobile,16
4322,662,2024-09-24,1545.14,payment,branch,1
4323,260,2024-07-02,1762.21,payment,mobile,12
4324,397,2025-09-10,1870.55,withdraw,online,9
4325,31,2025-06-20,3164.76,transfer,online,12
4326,811,2024-03-28,472.09,transfer,branch,9
4327,988,2023-12-08,2236.39,transfer,branch,18
4328,790,2025-06-01,1402.89,deposit,branch,12
4329,160,2025-08-10,1084.9,transfer,mobile,1
4330,408,2025-06-14,3252.53,deposit,atm,5
4331,294,2024-03-04,2422.31,payment,online,2
4332,879,2025-09-28,174.38,withdraw,online,2
4333,533,2024-10-15,2059.16,withdraw,branch,3
4334,747,2024-01-29,441.91,transfer,online,3
4335,329,2023-11-23,714.64,withdraw,atm,10
4336,202,2024-07-24,2963.37,payment,mobile,6
4337,693,2024-06-12,1773.62,transfer,atm,13
4338,662,2024-03-16,1032.67,transfer,online,17
4339,261,2024-04-27,546.56,transfer,online,10
4340,7,2025-05-11,1019.72,deposit,online,7
4341,603,2024-12-20,2999.14,withdraw,branch,19
4342,219,2023-12-12,4518.74,withdraw,branch,13
4343,351,2025-03-06,2068.45,withdraw,mobile,4
4344,759,2025-04-16,4599.06,withdraw,atm,18
4345,17,2024-04-18,1138.56,payment,online,12
4346,504,2024-05-24,1613.31,deposit,online,12
4347,891,2025-03-23,1427.62,deposit,branch,12
4348,877,2024-08-26,1260.16,deposit,mobile,17
4349,472,2024-08-07,2995.15,payment,branch,4
4350,84,2024-09-03,41.76,deposit,mobile,12
4351,355,2024-05-09,831.13,transfer,mobile,11
4352,576,2024-01-11,342.09,transfer,atm,2
4353,115,2025-08-16,2361.01,payment,online,16
4354,415,2023-12-26,1440.03,deposit,atm,9
4355,923,2025-04-20,3151.93,withdraw,atm,1
4356,795,2024-03-10,1227.32,payment,branch,19
4357,173,2025-03-12,1400.1,transfer,branch,3
4358,525,2024-08-01,438.21,transfer,mobile,13
4359,897,2025-09-25,1051.25,payment,mobile,13
4360,677,2025-03-21,1661.23,withdraw,atm,14
4361,825,2024-07-02,2139.64,withdraw,branch,15
4362,884,2024-02-14,1217.53,payment,mobile,3
4363,239,2025-08-10,2162.11,transfer,online,6
4364,182,2023-12-24,4085.21,transfer,branch,4
4365,685,2025-02-21,1993.13,withdraw,branch,1
4366,245,2025-08-01,149.22,deposit,online,16
4367,16,2024-08-12,959.61,payment,branch,2
4368,750,2025-03-04,687.58,payment,branch,3
4369,479,2025-07-20,2046.67,transfer,online,3
4370,397,2023-12-30,2253.66,payment,atm,16
4371,130,2025-03-29,1906.58,withdraw,online,6
4372,160,2024-03-27,2135.32,withdraw,mobile,17
4373,186,2025-01-11,2219.36,payment,online,15
4374,128,2025-06-10,1065.7,transfer,atm,17
4375,841,2025-04-03,3319.19,transfer,atm,17
4376,693,2025-02-26,1270.6,withdraw,atm,7
4377,336,2024-08-12,3585.45,payment,branch,8
4378,71,2023-10-28,63.32,deposit,branch,2
4379,300,2025-08-09,1700.26,transfer,atm,13
4380,469,2023-10-23,2707.39,payment,mobile,2
4381,678,2024-10-06,2093.95,transfer,branch,8
4382,966,2024-10-26,1555.81,deposit,online,3
4383,535,2024-08-22,2261.79,withdraw,branch,12
4384,628,2024-05-28,2118.37,payment,mobile,8
4385,339,2025-01-17,3407.24,withdraw,mobile,4
4386,681,2025-03-19,1428.78,deposit,branch,9
4387,137,2025-05-22,3466.88,withdraw,mobile,16
4388,260,2024-12-01,2074.62,withdraw,atm,15
4389,505,2025-09-14,58.85,withdraw,online,17
4390,356,2024-12-01,2539.66,transfer,atm,11
4391,45,2024-01-27,2397.47,transfer,branch,2
4392,797,2025-08-10,2608.16,withdraw,mobile,13
4393,45,2024-02-10,1693.75,deposit,mobile,18
4394,269,2024-12-16,3814.01,payment,atm,10
4395,951,2025-04-13,1817.88,payment,branch,8
4396,976,2024-03-20,1213.1,transfer,atm,3
4397,413,2025-08-08,1253.45,deposit,atm,17
4398,305,2025-01-10,3842.64,transfer,online,14
4399,558,2024-12-22,1789.71,deposit,mobile,17
4400,815,2024-03-11,1029.45,withdraw,branch,11
4401,68,2023-10-30,1472.38,withdraw,mobile,8
4402,284,2025-04-06,3362.04,deposit,mobile,1
4403,737,2024-05-11,1437.7,payment,mobile,12
4404,491,2025-01-25,409.48,transfer,atm,10
4405,801,2025-02-24,4453.93,deposit,branch,1
4406,863,2024-03-14,2270.21,transfer,atm,12
4407,947,2024-02-01,1621.09,withdraw,branch,1
4408,866,2025-01-22,2721.73,payment,online,17
4409,994,2025-08-18,2229.79,withdraw,branch,8
4410,485,2024-07-21,1880.43,transfer,branch,7
4411,643,2025-01-07,2025.69,withdraw,branch,3
4412,705,2025-05-12,3420.87,deposit,atm,4
4413,318,2024-05-04,4041.71,payment,online,13
4414,656,2024-08-26,3013.82,payment,atm,9
4415,816,2023-11-04,2400.61,payment,mobile,8
4416,866,2024-12-18,2611.79,transfer,atm,17
4417,600,2025-05-14,979.58,deposit,atm,9
4418,771,2024-12-01,1521.37,deposit,mobile,13
4419,361,2023-12-11,3136.35,deposit,atm,4
4420,950,2024-10-09,2509.32,transfer,branch,8
4421,531,2025-03-06,1367.94,deposit,online,3
4422,748,2024-05-22,1791.02,transfer,online,13
4423,199,2024-06-14,332.39,payment,mobile,12
4424,434,2025-01-30,2637.74,transfer,online,2
4425,782,2023-11-17,983.02,payment,mobile,17
4426,823,2024-07-13,3837.07,transfer,atm,15
4427,849,2023-12-24,2971.68,withdraw,atm,15
4428,869,2023-11-24,2070.51,withdraw,mobile,16
4429,228,2024-02-01,1735.99,payment,branch,15
4430,612,2024-10-16,2887.28,deposit,online,7
4431,441,2024-10-10,1744.77,withdraw,branch,15
4432,74,2024-10-19,1654.76,transfer,atm,6
4433,143,2025-02-04,254.65,transfer,mobile,14
4434,707,2025-03-19,1223.18,payment,branch,14
4435,415,2025-01-30,2319.34,deposit,branch,8
4436,619,2024-10-19,2303.19,withdraw,branch,4
4437,420,2024-05-11,25.31,transfer,branch,7
4438,799,2025-01-11,1923.71,deposit,atm,13
4439,477,2025-01-22,1066.05,deposit,branch,19
4440,924,2025-08-21,2670.24,payment,mobile,13
4441,975,2024-01-08,2174.45,transfer,branch,2
4442,537,2025-02-10,563.32,transfer,mobile,16
4443,369,2024-02-03,3395.48,deposit,atm,6
4444,499,2024-11-01,1823.41,deposit,atm,11
4445,960,2025-05-08,2526.36,deposit,branch,19
4446,119,2025-10-04,2783.27,transfer,branch,3
4447,507,2024-03-17,3126.85,payment,online,19
4448,191,2024-10-12,944.61,transfer,online,15
4449,237,2025-03-02,2506.34,transfer,mobile,4
4450,44,2023-10-26,2668.62,transfer,online,2
4451,529,2025-04-17,3197.55,withdraw,online,1
4452,922,2025-09-07,1516.02,transfer,atm,11
4453,711,2024-06-17,2620.69,transfer,branch,3
4454,97,2025-04-11,1627.74,transfer,branch,2
4455,955,2024-10-16,2503.47,deposit,atm,5
4456,119,2025-07-29,1849.2,deposit,branch,10
4457,693,2024-04-08,1846.85,withdraw,mobile,7
4458,190,2023-12-03,1778.9,payment,atm,18
4459,978,2025-06-08,2000.14,payment,branch,16
4460,566,2024-02-27,2945.11,transfer,mobile,9
4461,674,2024-08-26,484.33,payment,mobile,19
4462,319,2025-09-02,2049.42,transfer,branch,5
4463,746,2025-07-26,2616.41,payment,online,1
4464,498,2024-11-09,1206.21,transfer,branch,4
4465,207,2025-05-24,2087.83,transfer,atm,19
4466,41,2025-04-05,3383.48,withdraw,online,13
4467,816,2024-07-31,2702.1,deposit,atm,17
4468,315,2024-05-26,933.01,deposit,atm,16
4469,933,2025-01-09,3310.48,payment,atm,18
4470,359,2024-03-28,1825.12,deposit,atm,9
4471,971,2024-05-30,2612.37,payment,atm,8
4472,929,2025-05-08,2385.82,payment,atm,2
4473,656,2025-10-03,3095.59,payment,mobile,10
4474,596,2025-08-21,1683.45,payment,branch,18
4475,402,2025-01-13,1274.03,withdraw,online,19
4476,650,2023-12-04,1082.98,transfer,branch,15
4477,30,2025-06-10,2882.82,transfer,atm,3
4478,933,2023-11-11,1315.77,withdraw,branch,12
4479,533,2024-07-27,3089.93,withdraw,atm,9
4480,612,2024-04-30,2203.93,transfer,branch,9
4481,986,2024-08-07,1725.53,payment,branch,14
4482,521,2023-10-28,2406.83,deposit,branch,17
4483,751,2024-04-20,2040.24,payment,mobile,14
4484,131,2025-09-16,1097.49,deposit,mobile,12
4485,566,2025-06-28,2680.97,transfer,online,11
4486,952,2023-12-28,1844.15,withdraw,mobile,13
4487,539,2023-11-08,3066.73,transfer,mobile,12
4488,157,2024-01-14,2424.07,deposit,online,8
4489,792,2024-03-13,604.26,transfer,branch,5
4490,659,2024-09-27,901.9,transfer,online,2
4491,455,2025-05-04,17.98,payment,branch,2
4492,982,2024-12-15,1374.6,deposit,online,8
4493,152,2024-03-21,4253.94,transfer,mobile,8
4494,211,2024-05-24,3711.87,payment,branch,2
4495,367,2024-05-08,1341.92,payment,mobile,15
4496,969,2025-01-18,2319.46,transfer,branch,16
4497,466,2025-06-16,1398.02,payment,atm,14
4498,189,2024-01-06,1706.94,withdraw,atm,10
4499,808,2024-02-21,906.85,withdraw,branch,10
4500,602,2025-03-28,3580.26,transfer,branch,9
4501,234,2025-02-28,224.43,payment,atm,2
4502,35,2023-11-23,2470.78,payment,atm,14
4503,876,2023-12-27,3813.13,deposit,mobile,1
4504,729,2025-07-03,1944.35,withdraw,atm,15
4505,191,2024-01-10,2087.17,deposit,atm,1
4506,790,2024-02-12,3823.27,transfer,branch,6
4507,165,2024-10-13,4731.15,withdraw,mobile,7
4508,648,2024-02-29,3785.8,withdraw,atm,19
4509,663,2024-06-06,2199.06,deposit,branch,6
4510,879,2024-08-28,3069.13,deposit,atm,11
4511,970,2024-01-23,1316.01,transfer,mobile,5
4512,503,2023-11-26,2483.09,payment,mobile,16
4513,528,2024-05-02,851.02,transfer,atm,6
4514,902,2024-11-20,2854.08,withdraw,atm,19
4515,962,2025-03-22,2972.36,deposit,online,7
4516,292,2025-01-31,2014.81,transfer,branch,2
4517,138,2025-09-12,375.58,deposit,atm,2
4518,532,2024-12-08,1802.13,deposit,atm,7
4519,984,2023-10-14,3099.04,payment,atm,8
4520,254,2025-02-23,1516.54,withdraw,atm,15
4521,549,2025-02-26,281.92,transfer,online,12
4522,367,2025-08-11,5389.0,transfer,atm,3
4523,921,2024-09-16,1026.61,payment,atm,6
4524,402,2024-10-22,975.25,payment,online,11
4525,908,2025-07-27,394.33,deposit,online,4
4526,169,2024-10-03,654.32,deposit,mobile,15
4527,290,2025-06-11,968.17,transfer,atm,5
4528,738,2024-06-13,1950.78,payment,mobile,5
4529,535,2024-12-03,2351.03,deposit,online,8
4530,651,2024-05-04,2423.29,withdraw,online,17
4531,106,2024-08-13,1899.58,transfer,atm,10
4532,988,2024-07-31,2066.82,payment,online,4
4533,621,2024-05-26,1357.32,transfer,mobile,17
4534,970,2025-06-23,1738.71,payment,atm,14
4535,773,2024-10-08,1449.44,payment,branch,16
4536,117,2025-07-26,4903.28,payment,mobile,14
4537,236,2025-06-08,2007.11,deposit,atm,4
4538,702,2024-11-23,1581.87,withdraw,atm,11
4539,80,2024-02-17,1742.6,payment,mobile,4
4540,165,2025-03-09,2661.35,withdraw,mobile,12
4541,993,2025-04-26,795.15,payment,online,16
4542,901,2025-08-24,1360.69,deposit,branch,12
4543,685,2024-12-31,3121.8,withdraw,branch,1
4544,39,2023-10-16,752.14,deposit,mobile,3
4545,938,2024-11-07,2321.77,deposit,online,8
4546,582,2023-12-20,1166.42,payment,online,11
4547,913,2025-01-21,1563.08,transfer,atm,7
4548,80,2025-04-30,479.94,withdraw,online,15
4549,703,2025-07-09,977.17,withdraw,atm,16
4550,714,2023-10-28,640.55,payment,mobile,13
4551,780,2024-11-29,2025.68,payment,atm,14
4552,626,2023-11-03,3416.63,withdraw,branch,5
4553,500,2024-12-24,2797.46,deposit,atm,3
4554,817,2024-03-19,2929.73,withdraw,mobile,10
4555,16,2025-01-27,86.99,payment,online,12
4556,339,2025-08-08,2627.86,transfer,online,16
4557,76,2024-06-30,36.52,transfer,branch,14
4558,546,2024-01-23,3250.0,deposit,branch,6
4559,396,2025-07-27,1358.25,transfer,atm,2
4560,373,2025-08-09,3777.46,withdraw,branch,10
4561,31,2024-08-30,1261.6,payment,atm,14
4562,270,2024-09-09,2000.27,withdraw,mobile,17
4563,690,2025-05-20,2413.33,deposit,online,7
4564,779,2024-08-03,3417.47,withdraw,branch,19
4565,360,2025-03-02,2523.93,withdraw,mobile,11
4566,905,2024-04-14,2286.29,transfer,online,5
4567,368,2023-12-06,1125.64,payment,branch,17
4568,812,2024-03-30,263.34,transfer,mobile,7
4569,846,2024-04-11,2868.98,deposit,atm,4
4570,655,2024-04-05,1986.1,deposit,branch,16
4571,606,2025-07-03,2305.91,transfer,atm,18
4572,828,2024-08-25,4271.97,transfer,online,15
4573,797,2024-09-24,1579.19,transfer,mobile,11
4574,337,2024-12-26,1414.83,deposit,branch,11
4575,231,2024-08-12,1551.55,payment,atm,9
4576,305,2025-04-30,1339.17,withdraw,mobile,14
4577,804,2025-02-18,1738.92,payment,branch,16
4578,421,2024-04-12,2398.15,transfer,online,13
4579,864,2024-06-22,1499.35,transfer,branch,17
4580,342,2025-01-28,457.07,withdraw,branch,8
4581,534,2025-08-05,1404.0,transfer,mobile,19
4582,526,2025-03-11,4259.02,withdraw,atm,13
4583,895,2024-12-11,1365.86,withdraw,branch,4
4584,291,2024-09-11,823.62,transfer,online,4
4585,126,2024-08-31,1896.25,withdraw,atm,5
4586,108,2025-06-30,1333.56,transfer,atm,7
4587,44,2025-05-20,2905.18,withdraw,branch,3
4588,796,2025-04-26,3559.4,deposit,mobile,16
4589,310,2023-12-02,730.22,transfer,mobile,10
4590,157,2024-04-22,2469.04,withdraw,branch,16
4591,601,2024-11-24,992.24,transfer,mobile,4
4592,428,2024-02-01,1386.67,withdraw,online,16
4593,962,2025-07-27,2805.68,payment,branch,7
4594,759,2024-08-21,2460.97,transfer,online,12
4595,869,2025-06-18,4643.97,deposit,branch,12
4596,399,2024-08-22,2758.58,payment,mobile,13
4597,585,2024-06-04,1140.18,payment,branch,6
4598,58,2025-06-23,2526.92,transfer,atm,9
4599,525,2024-10-12,1696.25,deposit,mobile,15
4600,984,2025-08-15,825.17,payment,atm,4
4601,857,2025-01-15,2913.61,payment,atm,11
4602,889,2024-04-29,3479.18,payment,branch,15
4603,147,2024-08-17,1347.1,payment,branch,5
4604,287,2025-03-04,323.62,deposit,mobile,16
4605,802,2025-08-09,98.74,withdraw,atm,7
4606,561,2025-04-15,97.68,payment,online,1
4607,303,2024-08-05,451.8,transfer,branch,15
4608,349,2024-12-19,2795.59,deposit,online,2
4609,655,2025-05-07,1990.62,transfer,atm,10
4610,121,2024-01-18,560.23,deposit,branch,5
4611,382,2024-05-31,3055.69,payment,atm,7
4612,84,2025-01-31,921.17,withdraw,mobile,11
4613,334,2024-04-17,1956.47,deposit,atm,14
4614,922,2025-06-21,1656.33,transfer,online,5
4615,682,2025-04-24,1502.46,payment,branch,6
4616,842,2025-09-25,2501.68,withdraw,online,3
4617,903,2025-02-28,2278.66,deposit,branch,9
4618,45,2024-01-07,1163.17,transfer,mobile,17
4619,200,2024-06-03,3111.13,payment,branch,7
4620,657,2025-07-09,589.42,transfer,branch,5
4621,721,2024-01-09,3240.56,deposit,branch,3
4622,365,2025-06-03,4255.03,payment,online,7
4623,597,2025-09-16,645.56,payment,atm,2
4624,74,2024-11-02,2677.16,payment,mobile,4
4625,239,2025-07-21,1790.76,deposit,branch,15
4626,462,2024-07-06,1129.26,deposit,online,5
4627,798,2024-08-25,2793.95,deposit,branch,4
4628,834,2024-05-28,8.61,payment,online,1
4629,672,2024-12-15,1887.19,payment,atm,4
4630,561,2024-01-06,1953.41,payment,atm,11
4631,8,2025-05-04,3815.83,deposit,mobile,17
4632,877,2024-07-24,2227.73,payment,branch,14
4633,719,2024-01-19,2124.96,deposit,online,12
4634,886,2025-08-22,3099.59,deposit,branch,18
4635,209,2024-01-06,3134.79,deposit,online,7
4636,362,2025-05-08,1854.79,payment,online,17
4637,716,2024-06-25,659.83,withdraw,atm,13
4638,949,2025-01-08,4027.89,payment,mobile,17
4639,803,2025-03-23,1162.4,transfer,atm,10
4640,674,2024-11-08,1458.17,withdraw,online,14
4641,203,2024-01-02,1987.69,payment,branch,3
4642,645,2024-11-20,2693.51,payment,mobile,14
4643,944,2024-12-12,1731.96,withdraw,atm,10
4644,580,2024-10-03,1976.58,withdraw,atm,9
4645,909,2025-08-21,2148.72,transfer,atm,10
4646,569,2024-08-16,2678.28,transfer,mobile,7
4647,389,2024-01-02,2763.48,payment,online,8
4648,982,2024-08-22,2416.84,withdraw,online,14
4649,36,2025-01-02,2893.51,payment,atm,11
4650,220,2024-11-01,1855.46,transfer,branch,9
4651,134,2024-04-20,805.58,withdraw,branch,5
4652,895,2024-04-16,4455.07,payment,atm,1
4653,649,2023-10-10,1680.76,withdraw,branch,19
4654,551,2024-12-20,1203.33,transfer,online,4
4655,746,2024-05-15,2730.39,deposit,atm,13
4656,905,2024-01-23,1586.62,deposit,atm,1
4657,706,2023-10-17,1596.3,transfer,mobile,5
4658,229,2024-04-16,1889.16,deposit,online,2
4659,487,2024-08-07,3161.27,deposit,branch,3
4660,352,2024-11-08,345.98,withdraw,mobile,5
4661,109,2024-10-16,2454.17,payment,atm,18
4662,537,2024-02-17,938.28,withdraw,online,1
4663,8,2023-12-30,329.29,deposit,branch,15
4664,462,2024-07-20,2398.86,withdraw,mobile,3
4665,903,2023-10-18,1716.16,withdraw,online,15
4666,550,2024-06-02,540.99,withdraw,online,1
4667,658,2025-01-02,2205.25,transfer,branch,9
4668,450,2023-10-16,2160.41,payment,branch,1
4669,820,2024-07-27,1022.15,deposit,online,4
4670,693,2024-07-05,1155.43,transfer,mobile,4
4671,957,2024-11-10,1562.31,transfer,online,3
4672,684,2025-08-26,1916.59,transfer,mobile,8
4673,684,2024-11-28,141.7,deposit,mobile,12
4674,32,2025-07-08,2954.03,payment,branch,18
4675,381,2023-10-18,3612.58,withdraw,atm,9
4676,830,2024-03-07,3084.54,transfer,atm,5
4677,883,2024-04-26,1839.81,withdraw,atm,19
4678,379,2023-11-20,836.38,transfer,online,13
4679,378,2024-12-14,397.01,payment,atm,11
4680,650,2025-07-26,4217.19,transfer,branch,7
4681,573,2025-06-13,2479.02,withdraw,mobile,12
4682,547,2024-04-27,3122.81,withdraw,branch,19
4683,555,2025-06-07,1851.78,deposit,branch,7
4684,538,2024-05-24,2642.09,payment,mobile,16
4685,473,2024-09-29,1248.08,withdraw,atm,10
4686,56,2024-10-29,1505.3,deposit,mobile,18
4687,957,2024-11-10,830.16,withdraw,online,14
4688,795,2024-09-22,3219.09,withdraw,online,10
4689,594,2025-05-02,565.31,payment,online,19
4690,934,2025-02-12,1204.98,withdraw,mobile,8
4691,55,2025-08-11,742.74,payment,online,6
4692,111,2025-02-01,1318.5,transfer,branch,12
4693,418,2025-09-30,1669.2,payment,atm,9
4694,973,2024-06-10,1660.85,payment,atm,9
4695,110,2024-09-01,1509.09,transfer,atm,12
4696,301,2024-04-03,1424.21,payment,online,16
4697,149,2025-09-02,2938.54,deposit,online,4
4698,335,2024-10-20,1665.21,transfer,atm,19
4699,925,2025-07-29,2752.01,withdraw,online,8
4700,657,2024-10-29,2116.88,deposit,branch,12
4701,261,2025-09-14,2705.4,payment,mobile,6
4702,312,2025-08-24,2702.08,withdraw,atm,3
4703,351,2024-12-15,736.56,deposit,online,16
4704,287,2023-12-27,4627.61,payment,atm,6
4705,649,2024-04-17,1998.14,payment,mobile,11
4706,733,2024-07-18,2021.21,transfer,branch,2
4707,33,2025-06-23,1536.77,withdraw,mobile,5
4708,34,2025-08-16,2936.89,transfer,atm,19
4709,30,2025-09-07,2358.58,deposit,atm,14
4710,496,2024-06-29,3423.46,transfer,atm,3
4711,762,2025-07-06,2260.8,withdraw,atm,3
4712,243,2024-06-28,75.36,withdraw,mobile,8
4713,48,2024-01-10,1438.32,deposit,atm,5
4714,992,2025-04-20,3325.51,payment,branch,6
4715,264,2024-01-30,2482.19,withdraw,branch,2
4716,147,2025-07-24,168.21,withdraw,branch,4
4717,118,2024-01-04,1499.86,payment,mobile,6
4718,374,2025-04-22,1132.78,withdraw,online,1
4719,414,2024-11-23,1427.63,transfer,online,17
4720,112,2025-07-16,2824.22,payment,branch,18
4721,406,2025-09-05,737.99,transfer,online,4
4722,381,2024-01-27,665.78,transfer,online,17
4723,886,2024-08-14,2095.95,transfer,mobile,18
4724,14,2025-10-02,1974.89,payment,atm,7
4725,860,2024-08-01,729.9,deposit,branch,16
4726,535,2025-06-22,3016.14,transfer,online,14
4727,992,2025-09-23,2313.41,payment,branch,4
4728,479,2024-03-09,4926.26,deposit,online,13
4729,292,2025-09-04,108.91,withdraw,online,3
4730,502,2023-10-23,2373.25,transfer,mobile,10
4731,553,2024-12-11,1367.21,payment,online,7
4732,107,2024-12-07,1197.76,transfer,mobile,9
4733,854,2025-06-21,51.21,deposit,atm,17
4734,668,2025-07-26,2753.68,deposit,mobile,9
4735,183,2024-05-28,1589.7,payment,online,8
4736,72,2023-12-08,637.45,payment,branch,10
4737,101,2024-04-29,1228.67,deposit,online,14
4738,785,2025-06-24,1676.56,payment,online,12
4739,318,2024-02-04,386.02,withdraw,branch,15
4740,715,2024-10-28,3299.41,withdraw,branch,2
4741,935,2024-04-12,1683.74,withdraw,atm,14
4742,413,2024-01-10,2732.0,deposit,online,2
4743,2,2024-05-24,2485.29,deposit,atm,10
4744,483,2025-08-14,895.06,deposit,mobile,15
4745,318,2025-09-28,2045.13,payment,branch,17
4746,656,2024-11-21,1586.96,payment,online,7
4747,287,2024-05-29,2034.98,deposit,branch,16
4748,466,2023-12-07,770.13,transfer,atm,3
4749,637,2024-12-13,1071.9,transfer,mobile,14
4750,981,2024-02-21,2778.05,payment,online,1
4751,62,2024-07-06,70.79,deposit,online,2
4752,60,2024-10-08,2051.53,deposit,branch,5
4753,100,2024-08-29,1310.38,deposit,branch,19
4754,791,2025-05-13,4153.78,transfer,atm,18
4755,262,2025-05-09,3624.6,deposit,atm,8
4756,540,2024-05-24,303.1,deposit,mobile,6
4757,308,2024-09-09,2605.85,withdraw,branch,4
4758,461,2023-10-29,2222.63,transfer,branch,3
4759,137,2025-04-19,3044.78,transfer,mobile,14
4760,147,2025-09-30,2767.08,payment,atm,7
4761,571,2024-01-28,3990.72,transfer,atm,3
4762,530,2024-04-13,395.77,deposit,mobile,5
4763,92,2025-05-19,1160.82,transfer,branch,17
4764,238,2024-08-14,1185.13,withdraw,atm,6
4765,109,2024-07-07,314.82,transfer,atm,7
4766,91,2025-06-17,1299.54,transfer,branch,17
4767,169,2024-11-20,2259.57,transfer,branch,13
4768,965,2025-08-09,2139.88,deposit,atm,10
4769,136,2023-12-15,2832.84,payment,atm,16
4770,138,2024-04-28,527.21,transfer,atm,15
4771,989,2024-01-04,931.0,deposit,atm,16
4772,824,2024-05-06,338.05,withdraw,online,19
4773,934,2024-09-18,1119.89,deposit,atm,3
4774,994,2025-02-08,1986.79,withdraw,atm,18
4775,243,2023-12-10,2440.38,transfer,branch,11
4776,210,2024-11-25,2027.13,transfer,atm,13
4777,831,2024-03-16,962.77,deposit,branch,3
4778,630,2024-12-31,3106.01,deposit,atm,11
4779,818,2024-09-02,2955.74,payment,branch,18
4780,567,2024-05-05,2752.77,payment,mobile,12
4781,83,2024-09-15,1344.04,payment,atm,19
4782,713,2023-11-30,830.15,transfer,atm,17
4783,717,2025-05-13,633.46,transfer,branch,4
4784,452,2025-08-26,1215.32,payment,online,1
4785,601,2024-08-11,3909.46,transfer,mobile,8
4786,119,2024-06-29,2651.33,payment,online,16
4787,623,2024-02-23,1569.76,withdraw,atm,12
4788,502,2025-02-17,1272.64,withdraw,mobile,14
4789,614,2025-07-11,2427.48,payment,online,3
4790,196,2024-01-01,2067.4,deposit,online,13
4791,836,2024-10-11,2888.42,withdraw,online,7
4792,83,2023-12-06,1114.75,transfer,mobile,9
4793,229,2024-05-06,3552.79,deposit,online,13
4794,888,2023-11-06,2508.2,transfer,mobile,13
4795,742,2025-05-21,2724.86,withdraw,online,10
4796,83,2025-09-01,829.81,transfer,branch,7
4797,549,2024-05-24,312.17,transfer,atm,8
4798,719,2024-04-12,798.25,deposit,atm,17
4799,243,2023-12-23,1824.26,deposit,branch,9
4800,26,2024-07-24,1673.49,transfer,atm,2
4801,128,2025-05-22,3452.29,payment,atm,6
4802,421,2025-02-13,3073.62,payment,online,17
4803,141,2025-03-19,1652.38,transfer,mobile,17
4804,662,2024-08-27,2219.61,deposit,atm,14
4805,908,2025-03-22,2825.79,transfer,online,17
4806,966,2024-09-04,2598.35,transfer,atm,16
4807,136,2023-12-11,1452.44,transfer,online,14
4808,323,2024-11-16,273.52,transfer,mobile,9
4809,727,2023-10-24,276.02,payment,mobile,18
4810,462,2024-01-01,2661.27,deposit,branch,19
4811,992,2024-08-18,743.27,payment,branch,9
4812,443,2023-10-16,1589.67,transfer,online,7
4813,150,2024-04-30,2399.54,deposit,mobile,19
4814,617,2025-01-28,1309.53,withdraw,online,19
4815,528,2024-01-17,2770.55,withdraw,branch,14
4816,161,2024-04-23,1088.42,transfer,branch,9
4817,278,2024-08-02,2604.49,transfer,online,7
4818,597,2023-10-23,1629.86,transfer,online,12
4819,762,2025-09-05,2896.03,transfer,mobile,5
4820,564,2024-05-01,2355.75,payment,online,16
4821,947,2024-04-16,1735.09,payment,branch,14
4822,440,2025-01-28,1381.71,payment,mobile,8
4823,400,2025-05-12,877.79,transfer,branch,11
4824,834,2024-11-13,2203.92,withdraw,online,19
4825,824,2025-07-22,1961.68,transfer,branch,8
4826,100,2025-06-08,3718.49,deposit,mobile,14
4827,353,2025-06-22,1593.06,withdraw,branch,16
4828,477,2024-06-21,463.74,transfer,branch,15
4829,503,2024-01-29,3222.35,payment,online,6
4830,910,2024-06-24,3033.32,transfer,atm,15
4831,442,2024-11-16,2697.35,deposit,online,18
4832,246,2024-02-29,2151.57,transfer,atm,18
4833,794,2024-03-03,3960.22,withdraw,branch,4
4834,281,2024-09-06,3128.67,withdraw,branch,7
4835,283,2025-07-17,1178.97,withdraw,online,15
4836,440,2024-04-01,1570.06,transfer,atm,8
4837,43,2025-07-13,1137.69,withdraw,online,5
4838,143,2024-10-10,1965.12,payment,mobile,15
4839,475,2025-01-20,2695.45,deposit,mobile,19
4840,991,2025-04-20,2182.43,deposit,branch,5
4841,394,2025-04-17,3097.05,withdraw,online,4
4842,965,2025-07-31,1967.06,transfer,atm,5
4843,756,2025-09-08,3149.33,withdraw,online,18
4844,970,2025-09-21,2522.53,transfer,atm,10
4845,417,2024-03-19,2342.57,payment,online,3
4846,725,2023-11-27,2963.78,transfer,branch,11
4847,189,2025-09-28,3727.71,withdraw,branch,16
4848,232,2024-10-15,837.65,withdraw,branch,19
4849,429,2024-11-16,1299.61,payment,atm,2
4850,909,2023-12-31,3487.68,withdraw,mobile,11
4851,813,2023-11-01,1585.45,transfer,atm,3
4852,642,2024-04-20,743.75,withdraw,online,8
4853,427,2024-03-05,683.6,deposit,atm,13
4854,130,2024-01-03,3877.85,payment,branch,3
4855,425,2023-10-29,615.73,deposit,mobile,5
4856,983,2025-07-19,2122.44,transfer,mobile,15
4857,990,2024-04-14,1464.31,withdraw,branch,18
4858,42,2025-04-15,300.63,deposit,atm,14
4859,571,2024-10-19,4742.25,payment,atm,7
4860,128,2024-01-17,4607.92,payment,atm,17
4861,783,2023-12-14,3151.79,transfer,atm,2
4862,103,2025-05-11,4008.75,transfer,atm,10
4863,684,2024-07-15,1128.62,withdraw,atm,6
4864,314,2025-04-02,3113.99,payment,atm,8
4865,869,2024-03-27,1738.16,payment,online,17
4866,22,2025-08-06,3033.65,withdraw,atm,9
4867,716,2023-11-17,351.47,deposit,atm,10
4868,703,2025-10-01,1285.83,withdraw,atm,11
4869,276,2025-09-02,745.45,withdraw,branch,7
4870,536,2024-08-29,803.94,withdraw,online,7
4871,584,2025-04-07,745.55,deposit,online,4
4872,473,2025-09-16,2101.42,payment,online,9
4873,37,2023-12-23,2350.44,payment,branch,6
4874,905,2024-11-21,5298.54,transfer,atm,14
4875,632,2024-11-29,2277.22,deposit,atm,10
4876,325,2024-12-05,892.21,withdraw,atm,4
4877,519,2024-02-03,2421.2,withdraw,branch,10
4878,484,2024-01-29,3453.84,payment,atm,11
4879,467,2023-12-05,3354.05,payment,branch,5
4880,378,2025-07-27,3951.79,deposit,branch,19
4881,641,2024-02-18,2557.39,transfer,mobile,9
4882,661,2025-01-11,1568.29,withdraw,online,11
4883,632,2024-12-30,487.13,deposit,mobile,15
4884,524,2024-02-23,1270.05,withdraw,atm,11
4885,448,2024-09-30,2363.22,payment,online,12
4886,286,2024-06-06,2015.11,transfer,mobile,15
4887,488,2025-08-24,1970.13,deposit,online,18
4888,146,2024-07-27,2277.26,deposit,atm,3
4889,627,2024-07-01,2975.26,deposit,atm,1
4890,843,2024-10-01,1640.87,withdraw,atm,9
4891,436,2024-12-29,4308.44,payment,atm,13
4892,653,2025-01-14,2035.46,transfer,online,4
4893,265,2024-09-29,807.13,transfer,atm,19
4894,447,2023-11-23,547.76,withdraw,mobile,11
4895,354,2023-10-14,3484.13,transfer,online,7
4896,801,2023-11-14,1130.65,deposit,branch,18
4897,824,2024-02-15,1445.37,transfer,atm,8
4898,191,2024-07-01,65.62,transfer,branch,15
4899,1,2025-04-16,2206.65,deposit,online,10
4900,73,2025-07-13,1121.37,deposit,atm,4
4901,6,2024-08-09,497.22,payment,atm,5
4902,834,2024-03-07,1520.08,deposit,atm,11
4903,743,2024-08-20,1853.23,withdraw,online,6
4904,227,2024-12-03,2287.86,transfer,branch,3
4905,577,2025-02-09,1302.06,deposit,atm,4
4906,326,2024-09-01,406.5,deposit,branch,6
4907,162,2025-09-10,1819.87,payment,online,10
4908,793,2024-03-18,2575.95,transfer,branch,7
4909,750,2025-07-17,3165.76,transfer,mobile,3
4910,256,2025-09-14,2503.31,transfer,branch,4
4911,904,2025-08-25,1899.27,transfer,mobile,12
4912,93,2025-08-21,1849.13,deposit,branch,17
4913,623,2025-01-25,1245.91,withdraw,online,13
4914,766,2025-08-18,4017.91,payment,mobile,16
4915,554,2025-08-03,295.4,payment,branch,13
4916,484,2024-01-17,1488.17,payment,branch,19
4917,75,2024-08-16,1572.18,withdraw,atm,7
4918,245,2025-05-14,873.87,withdraw,online,14
4919,594,2024-06-06,3342.69,payment,atm,6
4920,344,2024-09-26,4665.44,transfer,mobile,13
4921,374,2024-03-30,1787.99,withdraw,online,6
4922,643,2024-11-22,2956.32,deposit,online,4
4923,236,2025-06-01,3125.69,transfer,mobile,19
4924,296,2025-04-24,176.33,payment,online,11
4925,530,2024-09-24,2812.21,payment,branch,14
4926,420,2024-06-14,702.67,transfer,branch,16
4927,17,2024-07-10,3600.37,transfer,mobile,10
4928,949,2025-08-07,3369.75,deposit,atm,5
4929,270,2024-10-28,2400.44,payment,branch,18
4930,861,2024-08-24,2972.69,deposit,mobile,8
4931,357,2024-12-24,2126.56,deposit,mobile,4
4932,673,2025-02-04,1442.58,withdraw,branch,1
4933,796,2024-02-05,2720.38,deposit,branch,17
4934,896,2024-06-06,1454.06,transfer,atm,7
4935,394,2025-10-04,1213.82,transfer,branch,15
4936,32,2024-12-17,3232.83,payment,online,16
4937,492,2024-01-24,2941.77,deposit,online,16
4938,886,2024-02-15,2831.43,payment,branch,14
4939,491,2025-03-14,1487.07,payment,mobile,17
4940,521,2024-02-05,2394.08,withdraw,online,10
4941,841,2025-02-23,1109.42,transfer,mobile,16
4942,272,2023-11-18,1976.42,withdraw,branch,13
4943,310,2025-10-03,1135.92,payment,branch,16
4944,384,2025-06-14,4310.78,deposit,branch,19
4945,299,2023-11-04,627.82,withdraw,atm,7
4946,463,2024-03-10,2467.28,withdraw,atm,8
4947,286,2024-03-22,1178.98,transfer,mobile,18
4948,548,2025-01-14,1534.29,withdraw,online,2
4949,21,2025-01-22,1346.88,payment,online,18
4950,382,2025-04-04,2249.46,payment,mobile,11
4951,120,2023-12-19,2075.49,withdraw,branch,11
4952,315,2025-05-26,1599.4,transfer,online,11
4953,655,2023-10-16,2142.53,withdraw,atm,18
4954,12,2024-09-13,2971.55,withdraw,branch,7
4955,500,2025-02-24,3995.5,withdraw,branch,9
4956,791,2024-05-09,955.23,withdraw,atm,10
4957,915,2023-10-08,3549.26,transfer,online,9
4958,253,2024-02-22,4282.12,transfer,online,4
4959,353,2024-01-07,2169.35,transfer,online,9
4960,420,2024-10-22,1296.7,withdraw,branch,9
4961,351,2024-08-26,2987.9,deposit,atm,18
4962,9,2025-06-26,2665.68,transfer,branch,10
4963,537,2025-01-12,3178.15,deposit,mobile,7
4964,327,2024-09-01,1589.59,withdraw,atm,18
4965,490,2025-09-28,1823.37,transfer,atm,5
4966,15,2024-05-04,3701.45,withdraw,online,4
4967,846,2023-11-16,1463.16,payment,branch,9
4968,834,2025-05-18,3022.42,transfer,atm,3
4969,216,2025-07-07,2554.7,deposit,branch,18
4970,342,2024-09-28,3256.25,withdraw,atm,2
4971,96,2024-03-31,863.09,deposit,online,5
4972,186,2025-02-12,1695.01,withdraw,atm,18
4973,668,2024-05-01,2299.55,payment,branch,13
4974,333,2025-05-24,3107.1,deposit,online,4
4975,23,2023-11-25,1706.05,transfer,mobile,5
4976,965,2025-07-04,2784.28,transfer,atm,9
4977,483,2025-04-02,1030.61,payment,online,9
4978,746,2024-08-03,3182.8,payment,mobile,13
4979,667,2024-03-10,1786.14,transfer,branch,7
4980,399,2024-01-11,977.09,transfer,branch,19
4981,110,2025-04-24,3824.72,deposit,mobile,2
4982,969,2024-07-16,3514.11,transfer,branch,5
4983,846,2024-03-13,2645.02,deposit,atm,9
4984,156,2024-08-17,1123.59,payment,branch,6
4985,296,2024-10-25,2145.98,transfer,atm,1
4986,662,2025-01-21,383.6,payment,mobile,4
4987,570,2025-08-29,1793.56,deposit,online,10
4988,203,2024-01-28,1118.82,transfer,online,4
4989,129,2023-12-08,919.03,withdraw,mobile,7
4990,64,2025-07-29,1617.08,deposit,online,2
4991,873,2024-10-06,5274.2,transfer,mobile,12
4992,315,2024-03-03,363.91,deposit,online,13
4993,790,2023-11-13,2209.24,payment,mobile,6
4994,740,2024-07-31,3513.8,payment,online,11
4995,873,2024-09-23,2114.18,withdraw,mobile,3
4996,567,2025-04-15,1232.01,payment,atm,1
4997,331,2023-12-14,2998.08,withdraw,branch,13
4998,624,2025-07-11,1771.42,transfer,atm,3
4999,742,2024-03-22,2141.86,deposit,mobile,7
5000,197,2024-01-14,3100.12,withdraw,mobile,8
5001,776,2023-12-10,1788.18,transfer,atm,4
5002,234,2024-09-26,342.57,payment,branch,13
5003,196,2025-09-10,3076.98,deposit,atm,2
5004,797,2024-07-15,287.57,transfer,branch,13
5005,455,2025-06-23,1996.94,payment,branch,16
5006,340,2024-01-14,2714.65,withdraw,mobile,13
5007,543,2025-07-25,1006.23,withdraw,mobile,13
5008,88,2025-09-13,1170.13,payment,atm,19
5009,489,2024-06-14,2153.26,withdraw,mobile,10
5010,73,2024-06-23,3089.57,deposit,mobile,17
5011,435,2025-09-09,3070.41,deposit,online,18
5012,676,2025-03-29,2112.73,transfer,branch,1
5013,751,2024-12-04,2347.17,withdraw,online,10
5014,824,2023-10-31,3370.2,transfer,atm,2
5015,566,2024-06-29,156.31,transfer,atm,16
5016,666,2024-07-24,5192.0,withdraw,online,16
5017,949,2025-07-19,4143.89,deposit,online,8
5018,74,2024-05-16,1530.74,transfer,atm,18
5019,46,2023-10-28,3703.63,deposit,atm,11
5020,940,2024-09-13,2263.32,transfer,branch,15
5021,741,2024-08-19,1103.3,payment,atm,16
5022,825,2025-01-04,1358.96,payment,branch,18
5023,739,2025-08-25,3732.37,transfer,mobile,2
5024,343,2024-11-27,768.59,payment,branch,15
5025,850,2024-11-23,1716.41,deposit,online,4
5026,817,2024-10-26,2237.72,withdraw,online,1
5027,870,2024-03-04,1896.89,withdraw,branch,14
5028,212,2025-06-26,1860.02,payment,branch,2
5029,997,2023-12-01,1613.41,payment,mobile,3
5030,496,2025-07-04,2228.69,payment,branch,15
5031,100,2024-08-13,2041.72,transfer,branch,18
5032,560,2025-07-06,3342.25,deposit,atm,9
5033,888,2024-07-11,2309.32,deposit,branch,15
5034,49,2025-07-25,2022.92,transfer,branch,2
5035,329,2025-01-26,646.36,deposit,mobile,6
5036,690,2024-08-27,2697.95,withdraw,mobile,4
5037,575,2023-10-25,1322.06,payment,online,1
5038,388,2024-03-30,2754.96,transfer,online,1
5039,564,2025-08-28,1755.34,payment,atm,8
5040,33,2025-04-08,2859.1,payment,branch,12
5041,114,2025-05-30,3634.28,payment,mobile,15
5042,767,2024-07-18,3343.58,deposit,atm,6
5043,137,2023-12-12,4554.99,payment,branch,4
5044,725,2025-07-04,2175.57,payment,branch,19
5045,549,2025-05-25,1773.9,payment,mobile,16
5046,524,2024-05-28,2498.8,deposit,online,16
5047,14,2024-04-29,2010.25,payment,atm,4
5048,585,2024-09-04,3931.45,payment,atm,19
5049,46,2025-04-07,2102.31,withdraw,atm,13
5050,528,2025-09-28,1757.76,withdraw,atm,16
5051,247,2024-11-25,2750.27,transfer,online,3
5052,987,2024-01-16,3397.37,withdraw,atm,11
5053,229,2024-01-18,4910.5,payment,mobile,13
5054,830,2024-07-26,1905.05,transfer,online,18
5055,357,2023-12-12,2176.1,payment,mobile,4
5056,71,2025-01-11,2395.95,transfer,online,2
5057,100,2023-10-31,1428.79,payment,branch,8
5058,861,2024-11-15,1882.65,deposit,mobile,14
5059,434,2025-08-13,3569.87,payment,branch,16
5060,907,2024-12-21,2033.17,payment,mobile,3
5061,151,2024-02-09,2176.77,withdraw,atm,6
5062,855,2024-02-04,2023.08,withdraw,online,2
5063,594,2025-04-10,2262.34,withdraw,mobile,11
5064,705,2024-11-12,2008.4,withdraw,mobile,12
5065,858,2025-04-23,2427.14,payment,branch,1
5066,961,2024-04-27,4747.7,deposit,mobile,1
5067,470,2024-06-02,3073.51,payment,online,15
5068,735,2024-03-02,1496.95,deposit,branch,14
5069,346,2023-11-29,1884.59,payment,atm,12
5070,831,2024-09-08,3049.42,payment,atm,9
5071,355,2024-10-02,2422.41,withdraw,branch,8
5072,179,2025-08-16,1743.59,deposit,branch,5
5073,773,2024-02-13,2473.78,deposit,branch,6
5074,830,2024-08-09,1368.6,withdraw,online,8
5075,126,2024-11-25,1894.63,withdraw,branch,1
5076,118,2024-12-26,4494.99,withdraw,online,4
5077,485,2024-02-05,2362.29,transfer,online,5
5078,463,2025-08-22,1609.2,payment,atm,10
5079,727,2025-05-11,1341.57,deposit,mobile,11
5080,320,2024-03-29,2712.29,transfer,mobile,8
5081,839,2024-07-15,563.4,withdraw,online,14
5082,128,2024-05-20,4007.59,deposit,online,6
5083,739,2024-03-16,3772.85,payment,online,6
5084,956,2025-02-17,3213.32,payment,branch,17
5085,277,2024-01-25,2648.41,payment,mobile,6
5086,149,2025-06-12,1480.78,transfer,atm,9
5087,464,2024-04-04,3071.71,payment,mobile,7
5088,35,2025-01-20,622.9,payment,mobile,15
5089,220,2025-09-25,1070.05,transfer,branch,17
5090,863,2025-07-09,2387.79,payment,online,9
5091,938,2025-03-11,336.15,payment,mobile,7
5092,743,2024-10-15,539.13,transfer,mobile,9
5093,175,2025-01-03,2353.79,transfer,branch,8
5094,812,2025-08-19,896.65,transfer,branch,13
5095,535,2024-10-18,1560.51,deposit,mobile,4
5096,852,2025-04-17,1748.86,withdraw,online,16
5097,317,2024-05-07,3153.97,deposit,mobile,16
5098,952,2025-01-19,778.39,payment,mobile,16
5099,96,2025-04-14,2897.59,deposit,mobile,9
5100,710,2024-12-10,525.46,transfer,branch,5
5101,359,2025-08-13,2568.01,withdraw,atm,3
5102,157,2025-08-11,1739.85,payment,mobile,7
5103,396,2025-07-28,4443.25,deposit,branch,18
5104,536,2024-04-10,1499.72,deposit,branch,11
5105,867,2025-07-03,2874.01,payment,atm,2
5106,580,2023-11-15,2940.49,withdraw,online,14
5107,840,2025-05-31,4618.43,payment,mobile,5
5108,619,2024-07-01,1126.77,payment,online,9
5109,624,2024-10-15,2962.09,withdraw,mobile,5
5110,655,2023-10-27,947.09,deposit,online,4
5111,852,2025-06-24,1239.21,payment,atm,15
5112,182,2025-06-27,3054.1,transfer,mobile,18
5113,519,2025-09-08,1973.74,transfer,mobile,2
5114,982,2024-09-06,1155.53,transfer,online,11
5115,581,2024-03-24,503.62,transfer,mobile,15
5116,203,2025-03-18,562.54,withdraw,online,4
5117,472,2024-11-08,1539.93,withdraw,atm,9
5118,936,2024-06-11,1491.74,payment,atm,15
5119,409,2025-07-22,2499.83,transfer,online,12
5120,177,2024-01-03,2236.84,transfer,online,19
5121,834,2025-04-06,1510.64,payment,atm,15
5122,383,2023-12-05,261.97,deposit,atm,2
5123,942,2025-05-04,448.28,withdraw,branch,17
5124,489,2024-05-07,1884.0,payment,branch,2
5125,965,2023-11-07,774.48,payment,online,14
5126,52,2024-03-14,125.53,withdraw,online,8
5127,61,2024-07-15,2414.46,payment,atm,19
5128,994,2023-11-02,2791.41,transfer,online,11
5129,904,2025-07-25,2400.21,deposit,atm,8
5130,431,2024-01-21,1949.13,payment,online,9
5131,459,2025-02-17,3600.75,transfer,branch,15
5132,585,2024-12-20,2319.9,payment,atm,7
5133,76,2023-12-12,3245.57,withdraw,mobile,13
5134,371,2024-03-11,2322.47,deposit,atm,1
5135,983,2024-11-12,2602.88,payment,atm,14
5136,216,2024-12-22,2418.13,payment,mobile,4
5137,831,2024-03-23,937.22,deposit,atm,3
5138,94,2025-04-16,2301.91,transfer,online,18
5139,494,2024-12-02,45.2,payment,online,9
5140,776,2025-10-05,1629.49,payment,mobile,9
5141,941,2023-12-25,1003.8,transfer,online,7
5142,428,2023-12-01,4359.24,withdraw,branch,18
5143,786,2024-03-18,996.87,deposit,branch,7
5144,457,2025-01-31,67.8,payment,mobile,7
5145,371,2024-04-04,2787.15,transfer,branch,18
5146,305,2023-12-02,1998.11,payment,online,10
5147,836,2024-10-04,2130.54,payment,branch,9
5148,803,2023-11-18,717.88,deposit,branch,9
5149,845,2023-12-14,1458.36,payment,mobile,11
5150,482,2023-10-08,2444.75,deposit,branch,3
5151,581,2025-08-18,613.02,deposit,atm,19
5152,77,2024-02-11,2019.2,payment,branch,12
5153,571,2025-02-14,2522.05,transfer,mobile,1
5154,925,2024-11-22,4183.14,deposit,branch,11
5155,331,2024-06-16,2782.97,withdraw,mobile,12
5156,432,2023-11-01,2818.91,transfer,atm,17
5157,478,2025-02-25,1903.84,transfer,mobile,13
5158,720,2024-10-28,2231.63,transfer,branch,8
5159,502,2025-04-02,3013.09,transfer,atm,18
5160,112,2023-12-27,3175.99,withdraw,online,17
5161,800,2025-03-24,2067.42,deposit,online,14
5162,901,2025-05-17,1910.26,payment,mobile,14
5163,32,2024-05-27,1966.55,withdraw,atm,8
5164,298,2023-10-13,3049.3,payment,branch,18
5165,585,2024-01-05,2689.27,transfer,branch,14
5166,53,2024-09-11,1999.34,payment,mobile,15
5167,853,2025-03-21,2033.1,deposit,mobile,8
5168,332,2024-08-10,3112.04,payment,online,6
5169,549,2025-09-25,3542.48,deposit,branch,6
5170,367,2024-01-15,3317.63,transfer,online,8
5171,435,2025-07-10,2985.33,withdraw,online,1
5172,164,2025-06-26,4502.39,withdraw,online,14
5173,279,2024-01-14,2091.53,withdraw,branch,4
5174,172,2025-02-24,1364.8,withdraw,mobile,1
5175,232,2025-05-24,1219.89,payment,mobile,7
5176,255,2025-05-28,1457.68,withdraw,atm,2
5177,162,2025-08-20,429.56,payment,mobile,18
5178,358,2025-04-12,2241.91,payment,branch,10
5179,764,2025-05-03,1490.33,payment,atm,14
5180,569,2024-07-01,1203.37,transfer,branch,19
5181,133,2024-03-30,4541.65,payment,branch,4
5182,762,2025-01-27,1358.97,transfer,branch,15
5183,678,2024-05-01,2153.72,deposit,mobile,13
5184,834,2024-10-12,1019.77,transfer,mobile,9
5185,22,2024-10-17,1830.52,withdraw,mobile,17
5186,579,2025-04-10,1012.58,transfer,mobile,5
5187,804,2025-05-11,2050.92,deposit,branch,7
5188,222,2025-08-12,1823.32,deposit,online,10
5189,929,2025-01-20,2154.87,deposit,mobile,1
5190,243,2023-12-26,2367.83,withdraw,online,13
5191,270,2023-10-22,704.85,deposit,mobile,14
5192,390,2025-06-21,1046.24,deposit,online,6
5193,129,2023-10-30,819.53,deposit,mobile,13
5194,215,2024-12-28,1591.39,transfer,online,17
5195,469,2024-12-03,668.36,withdraw,online,15
5196,829,2024-12-16,2421.01,withdraw,mobile,9
5197,535,2024-07-14,2913.3,deposit,atm,2
5198,510,2023-12-09,1805.11,payment,atm,16
5199,123,2024-04-25,3651.83,withdraw,online,16
5200,487,2025-06-12,2241.28,deposit,branch,13
5201,453,2025-03-08,1157.25,withdraw,atm,2
5202,440,2023-11-25,6267.75,deposit,branch,15
5203,238,2023-12-10,3077.97,transfer,online,17
5204,399,2024-10-21,1650.82,payment,online,14
5205,731,2023-10-11,2047.86,deposit,branch,1
5206,167,2024-02-18,172.17,deposit,atm,5
5207,898,2024-01-31,3432.39,withdraw,online,9
5208,192,2024-10-21,1990.26,deposit,atm,12
5209,140,2024-03-20,1529.53,deposit,online,19
5210,480,2023-11-13,1927.88,deposit,branch,19
5211,334,2024-07-29,2109.31,payment,online,17
5212,577,2024-08-21,1323.0,payment,mobile,15
5213,177,2024-03-07,1352.33,deposit,atm,16
5214,126,2024-06-14,2170.89,payment,branch,3
5215,271,2024-08-25,3400.91,deposit,online,8
5216,435,2025-03-04,915.37,deposit,branch,5
5217,491,2025-06-21,1010.71,deposit,mobile,17
5218,721,2025-03-09,1234.66,withdraw,branch,1
5219,900,2024-04-13,3296.35,withdraw,mobile,15
5220,938,2024-10-09,3493.68,transfer,atm,9
5221,57,2025-02-19,1090.76,payment,mobile,5
5222,984,2024-01-21,2332.41,payment,branch,11
5223,182,2025-09-07,2216.89,transfer,branch,19
5224,849,2024-04-03,1110.85,transfer,branch,5
5225,92,2025-08-06,1588.24,transfer,online,5
5226,533,2024-01-27,1567.13,deposit,branch,5
5227,503,2024-11-18,2218.77,transfer,online,18
5228,35,2025-09-10,2038.12,payment,online,9
5229,408,2023-11-26,2404.75,deposit,atm,16
5230,854,2024-04-02,2481.79,payment,branch,7
5231,505,2023-11-23,1093.55,payment,mobile,18
5232,240,2024-09-19,337.36,transfer,branch,4
5233,997,2024-10-28,3042.47,transfer,mobile,10
5234,52,2023-12-16,1472.41,deposit,mobile,16
5235,288,2023-12-28,816.93,deposit,online,7
5236,209,2025-09-29,2636.53,transfer,mobile,7
5237,222,2023-12-28,1451.22,transfer,atm,7
5238,117,2025-02-24,2186.81,payment,atm,8
5239,656,2025-08-28,2223.05,deposit,branch,2
5240,616,2023-12-14,2763.42,payment,atm,6
5241,307,2025-04-08,3736.41,payment,branch,12
5242,115,2024-11-22,3526.3,payment,online,9
5243,874,2023-10-22,2215.72,payment,branch,3
5244,400,2024-04-27,3093.93,withdraw,online,9
5245,486,2024-04-21,2483.02,deposit,mobile,4
5246,218,2023-11-01,2779.53,withdraw,online,2
5247,66,2024-04-14,74.7,transfer,mobile,7
5248,409,2024-08-24,705.36,withdraw,mobile,17
5249,461,2025-10-04,2042.96,transfer,mobile,9
5250,692,2025-06-26,1136.32,payment,mobile,1
5251,302,2025-08-16,2601.39,deposit,atm,10
5252,730,2025-03-27,3143.13,payment,branch,3
5253,285,2024-04-21,1394.76,withdraw,mobile,12
5254,969,2024-03-23,2359.02,withdraw,mobile,3
5255,932,2024-12-18,1346.02,payment,branch,15
5256,255,2025-08-28,1296.49,deposit,atm,5
5257,637,2025-04-09,1495.68,withdraw,online,12
5258,880,2024-01-15,2266.96,deposit,online,14
5259,519,2024-01-21,1973.2,withdraw,atm,1
5260,287,2025-05-23,951.48,payment,atm,4
5261,91,2025-05-11,830.95,withdraw,atm,10
5262,754,2025-01-08,1454.71,deposit,mobile,16
5263,876,2024-10-06,716.26,deposit,mobile,3
5264,700,2025-09-01,2789.96,withdraw,atm,15
5265,63,2024-05-09,418.37,transfer,mobile,4
5266,381,2023-12-17,2881.8,deposit,branch,4
5267,663,2024-01-20,2178.84,withdraw,branch,1
5268,457,2025-08-21,1617.54,withdraw,online,1
5269,39,2025-10-05,988.27,deposit,mobile,16
5270,945,2024-04-12,2367.42,deposit,branch,12
5271,784,2025-09-24,534.02,withdraw,mobile,4
5272,664,2024-03-26,1409.27,transfer,branch,1
5273,734,2024-07-11,3500.95,payment,online,12
5274,808,2023-11-03,1252.61,payment,mobile,8
5275,341,2023-10-29,1187.88,deposit,branch,9
5276,517,2025-06-22,3854.15,payment,branch,15
5277,328,2024-05-31,1929.89,transfer,mobile,9
5278,916,2024-01-27,209.88,transfer,atm,8
5279,341,2024-06-17,2632.49,transfer,mobile,9
5280,5,2025-06-29,1234.9,payment,online,4
5281,681,2024-06-08,2483.92,transfer,mobile,3
5282,836,2023-11-20,1934.45,deposit,branch,1
5283,139,2025-01-23,3095.74,transfer,online,6
5284,728,2025-06-14,827.93,payment,mobile,8
5285,846,2024-08-07,1057.27,deposit,atm,6
5286,513,2024-08-06,122.13,payment,mobile,4
5287,130,2024-04-05,885.49,payment,mobile,9
5288,310,2024-06-05,1834.18,deposit,atm,5
5289,473,2025-05-11,638.9,deposit,mobile,14
5290,143,2023-12-19,2542.3,deposit,mobile,11
5291,650,2024-05-02,2049.25,withdraw,branch,1
5292,148,2024-07-21,4340.61,payment,atm,4
5293,986,2023-12-21,431.42,deposit,atm,12
5294,502,2024-10-17,3696.57,deposit,mobile,13
5295,105,2025-08-18,392.0,withdraw,mobile,5
5296,794,2024-10-29,2116.77,payment,branch,3
5297,203,2024-10-30,2416.81,withdraw,online,3
5298,362,2024-12-01,1748.87,withdraw,atm,1
5299,187,2024-06-08,1308.51,payment,atm,18
5300,962,2025-10-02,3632.05,withdraw,online,1
5301,915,2023-10-21,338.48,payment,online,2
5302,129,2024-05-24,4327.63,payment,mobile,2
5303,922,2024-01-18,989.63,transfer,branch,12
5304,940,2025-03-05,1467.0,payment,atm,10
5305,701,2025-02-15,663.25,payment,branch,2
5306,920,2025-02-15,4065.22,payment,online,16
5307,932,2024-07-15,2497.67,deposit,atm,19
5308,399,2024-04-25,2605.77,transfer,mobile,17
5309,692,2024-09-14,1048.32,transfer,branch,2
5310,18,2025-05-09,643.21,transfer,branch,19
5311,7,2023-10-18,36.08,deposit,online,6
5312,469,2025-08-01,269.11,deposit,online,6
5313,493,2025-05-12,2762.72,transfer,mobile,7
5314,140,2025-08-01,2789.07,withdraw,mobile,4
5315,606,2023-12-20,1599.79,payment,online,8
5316,593,2025-03-28,1260.25,payment,branch,12
5317,963,2023-12-16,377.8,withdraw,mobile,11
5318,280,2024-09-10,3033.62,payment,branch,9
5319,925,2024-09-24,936.73,payment,mobile,1
5320,268,2024-10-10,246.73,transfer,branch,5
5321,468,2025-01-25,892.26,deposit,atm,14
5322,309,2024-08-17,1913.09,payment,mobile,17
5323,110,2025-08-29,4980.97,payment,atm,12
5324,811,2025-01-12,3430.97,transfer,mobile,8
5325,236,2023-12-29,3566.93,transfer,mobile,3
5326,117,2025-05-20,3210.79,payment,branch,7
5327,985,2025-06-13,3514.69,deposit,branch,12
5328,146,2024-10-16,1179.1,payment,atm,9
5329,861,2023-10-19,244.28,withdraw,atm,7
5330,203,2025-07-25,2292.34,withdraw,atm,18
5331,396,2025-01-11,1106.9,deposit,mobile,5
5332,543,2024-03-15,544.05,deposit,atm,17
5333,267,2025-05-15,708.16,deposit,online,7
5334,37,2025-05-06,2036.76,withdraw,online,7
5335,109,2024-05-13,1802.09,transfer,atm,7
5336,89,2023-12-08,2134.07,payment,atm,17
5337,911,2023-11-09,2845.03,transfer,atm,6
5338,463,2025-09-28,1718.6,deposit,mobile,5
5339,211,2024-12-20,4902.07,deposit,atm,13
5340,946,2024-10-02,1879.45,payment,mobile,15
5341,366,2024-04-09,2104.03,withdraw,online,9
5342,160,2024-01-25,2891.59,payment,mobile,13
5343,995,2025-08-13,2952.72,withdraw,online,1
5344,106,2024-04-15,2256.32,withdraw,branch,14
5345,952,2024-02-10,2205.26,withdraw,online,2
5346,231,2024-03-27,530.27,transfer,atm,13
5347,883,2025-04-01,2341.99,deposit,mobile,18
5348,633,2024-01-30,3001.01,payment,mobile,13
5349,794,2024-07-23,1746.25,withdraw,branch,14
5350,457,2025-05-24,1697.1,deposit,atm,3
5351,1000,2025-04-13,1670.87,transfer,online,7
5352,14,2024-12-26,1611.34,payment,mobile,5
5353,572,2024-08-03,1936.39,deposit,online,17
5354,163,2024-06-22,4007.26,transfer,branch,19
5355,351,2024-12-27,881.31,payment,branch,12
5356,442,2024-09-27,1031.3,withdraw,branch,12
5357,527,2025-06-15,3586.91,deposit,branch,5
5358,697,2025-08-23,1248.82,payment,atm,2
5359,405,2024-01-12,4614.1,payment,online,5
5360,423,2024-08-31,1531.25,payment,atm,3
5361,549,2025-02-04,4295.4,deposit,branch,18
5362,720,2024-02-23,1009.19,payment,branch,1
5363,279,2024-10-22,2672.14,deposit,atm,6
5364,495,2023-12-06,2030.2,transfer,atm,3
5365,206,2025-02-03,2437.88,payment,mobile,1
5366,105,2023-12-20,96.04,payment,online,4
5367,538,2023-10-27,1892.4,deposit,branch,17
5368,70,2025-02-11,3439.15,withdraw,atm,15
5369,257,2023-12-22,1187.55,deposit,branch,19
5370,119,2025-07-18,1792.32,payment,branch,12
5371,524,2024-03-15,1384.89,transfer,branch,1
5372,954,2025-10-04,3419.18,payment,online,9
5373,763,2025-02-10,3018.57,payment,branch,10
5374,980,2025-05-12,1922.69,withdraw,mobile,5
5375,557,2024-08-29,1900.85,transfer,atm,8
5376,796,2025-09-17,3131.41,deposit,branch,18
5377,667,2024-09-03,4096.8,payment,atm,16
5378,894,2024-05-23,1590.59,transfer,mobile,12
5379,494,2024-05-10,2788.51,transfer,branch,12
5380,768,2025-08-16,2141.75,transfer,mobile,14
5381,847,2024-04-03,1480.06,payment,atm,4
5382,51,2024-11-05,3117.05,withdraw,mobile,12
5383,985,2024-03-01,1429.28,deposit,mobile,1
5384,469,2025-09-19,872.89,payment,atm,10
5385,48,2025-09-05,59.42,transfer,online,15
5386,522,2024-05-16,1367.65,deposit,online,13
5387,499,2024-10-31,841.54,payment,branch,16
5388,575,2024-11-30,3356.2,transfer,atm,11
5389,835,2024-12-21,4572.26,deposit,branch,5
5390,204,2024-11-07,2373.13,payment,online,12
5391,720,2023-10-11,2985.7,withdraw,mobile,2
5392,474,2024-03-26,1879.91,withdraw,online,17
5393,614,2024-02-08,3711.76,withdraw,mobile,1
5394,965,2025-03-30,2533.68,transfer,mobile,14
5395,539,2024-11-27,1537.81,transfer,online,3
5396,504,2024-07-03,1499.26,deposit,atm,14
5397,585,2024-01-31,1568.24,withdraw,online,3
5398,226,2025-03-25,934.22,withdraw,branch,10
5399,480,2025-09-22,3158.36,payment,branch,11
5400,167,2024-07-25,3198.58,transfer,mobile,7
5401,735,2024-11-16,2917.52,withdraw,branch,4
5402,452,2025-04-18,110.14,payment,mobile,1
5403,660,2025-08-29,2644.19,transfer,branch,3
5404,887,2024-03-05,3985.56,withdraw,branch,7
5405,713,2025-09-16,5716.03,deposit,branch,19
5406,13,2025-08-04,116.77,withdraw,mobile,15
5407,21,2025-01-20,3670.57,transfer,mobile,10
5408,225,2024-09-19,2115.7,deposit,atm,10
5409,780,2024-05-20,491.85,transfer,mobile,1
5410,896,2023-10-18,1932.86,payment,mobile,15
5411,22,2024-10-17,3479.65,deposit,mobile,7
5412,528,2024-01-01,1023.11,payment,online,13
5413,298,2024-11-07,1633.69,deposit,online,13
5414,715,2025-08-08,3672.12,transfer,branch,10
5415,169,2024-11-23,1045.4,payment,online,17
5416,473,2024-11-20,2393.97,withdraw,atm,3
5417,421,2024-08-05,2019.32,withdraw,branch,9
5418,638,2025-09-25,1514.82,deposit,atm,7
5419,813,2024-04-15,2907.31,deposit,online,4
5420,5,2024-11-10,5104.73,deposit,online,19
5421,663,2024-08-12,3019.43,payment,online,15
5422,278,2024-08-14,959.92,transfer,mobile,12
5423,358,2024-01-26,277.89,transfer,atm,8
5424,563,2024-01-25,1444.25,transfer,branch,7
5425,270,2024-09-05,1229.79,payment,online,1
5426,465,2025-08-15,2601.65,deposit,online,1
5427,464,2024-04-18,2233.71,withdraw,mobile,9
5428,878,2024-01-08,3706.69,deposit,branch,13
5429,52,2025-04-12,4702.27,deposit,online,17
5430,323,2024-04-24,1686.47,deposit,mobile,5
5431,928,2025-07-13,1214.55,deposit,atm,12
5432,674,2025-06-16,2386.84,deposit,atm,16
5433,497,2024-08-01,2704.24,transfer,online,6
5434,781,2024-09-24,2529.79,transfer,branch,17
5435,63,2025-03-28,2939.18,deposit,online,18
5436,653,2023-10-15,1016.87,deposit,atm,13
5437,600,2024-08-14,949.1,deposit,mobile,9
5438,814,2025-02-25,3663.67,deposit,mobile,4
5439,860,2025-08-09,1573.4,deposit,branch,3
5440,510,2024-11-20,4042.81,withdraw,online,2
5441,940,2024-08-31,1605.4,payment,online,4
5442,531,2025-05-02,3241.76,withdraw,mobile,11
5443,794,2024-11-30,964.89,transfer,atm,18
5444,369,2023-11-26,3405.45,deposit,online,14
5445,627,2025-03-02,659.1,payment,online,11
5446,639,2024-12-27,250.44,transfer,atm,1
5447,80,2024-08-21,4518.7,deposit,mobile,8
5448,189,2025-03-26,1287.14,deposit,mobile,7
5449,107,2025-06-18,2937.61,deposit,branch,13
5450,999,2024-11-13,883.32,transfer,branch,1
5451,684,2024-03-18,3037.86,payment,branch,5
5452,93,2023-12-29,3670.98,transfer,online,13
5453,459,2025-07-27,1612.51,deposit,mobile,6
5454,954,2025-06-09,544.22,payment,online,12
5455,273,2025-03-22,1670.34,payment,online,14
5456,933,2025-09-23,2122.12,withdraw,branch,11
5457,954,2024-11-28,1598.2,deposit,online,9
5458,77,2024-11-08,1613.58,withdraw,atm,17
5459,377,2025-02-11,2910.75,transfer,branch,18
5460,21,2025-04-13,259.43,transfer,branch,14
5461,330,2025-02-20,3682.65,transfer,mobile,16
5462,280,2024-10-13,2513.91,transfer,atm,9
5463,871,2025-08-30,2541.43,withdraw,online,18
5464,959,2024-04-11,1761.04,withdraw,online,11
5465,152,2024-02-18,3364.12,transfer,mobile,1
5466,821,2024-11-16,3018.95,transfer,atm,15
5467,57,2025-02-13,1748.68,withdraw,atm,1
5468,515,2024-04-25,2917.98,payment,mobile,17
5469,815,2025-03-31,1949.67,transfer,branch,3
5470,851,2025-01-25,237.93,deposit,mobile,1
5471,794,2025-01-23,1968.29,transfer,branch,3
5472,720,2023-10-26,1968.3,deposit,online,3
5473,389,2025-08-01,750.28,transfer,mobile,2
5474,377,2023-12-01,1025.04,transfer,atm,1
5475,821,2024-03-23,3116.16,payment,branch,11
5476,310,2024-03-31,2016.06,transfer,mobile,19
5477,281,2024-07-19,1309.4,payment,atm,19
5478,418,2025-06-23,1617.28,payment,mobile,8
5479,341,2024-09-15,4103.07,deposit,branch,6
5480,375,2025-07-13,2805.18,withdraw,atm,3
5481,682,2024-04-24,3781.42,deposit,branch,12
5482,504,2024-12-20,5468.77,transfer,online,9
5483,625,2025-04-05,2310.6,payment,mobile,1
5484,873,2025-06-28,3140.75,payment,atm,6
5485,391,2025-10-02,2896.91,withdraw,atm,3
5486,148,2025-01-06,243.69,withdraw,atm,10
5487,182,2024-12-04,2502.37,payment,branch,11
5488,75,2024-11-01,2651.81,payment,atm,9
5489,552,2024-05-29,3495.4,transfer,atm,6
5490,133,2024-04-22,2373.01,payment,branch,15
5491,259,2024-09-28,3476.58,deposit,mobile,9
5492,727,2025-04-29,394.0,deposit,atm,4
5493,628,2025-05-20,3233.18,transfer,mobile,5
5494,878,2025-05-11,2669.97,transfer,mobile,6
5495,728,2023-12-07,2099.34,deposit,branch,14
5496,246,2025-03-10,1726.11,transfer,atm,6
5497,117,2025-05-09,2455.8,transfer,atm,7
5498,517,2024-03-27,2680.77,payment,mobile,11
5499,740,2024-01-25,2376.14,transfer,atm,1
5500,958,2023-11-16,1455.72,deposit,online,5
5501,499,2025-05-06,821.61,withdraw,mobile,17
5502,563,2025-10-03,1657.33,payment,online,11
5503,944,2023-11-13,3214.77,transfer,atm,11
5504,167,2024-08-24,1031.56,withdraw,atm,9
5505,562,2024-06-30,1202.04,transfer,mobile,14
5506,736,2024-07-02,148.61,deposit,branch,1
5507,5,2024-07-23,4443.74,transfer,branch,18
5508,493,2025-06-10,3623.78,transfer,online,15
5509,856,2025-05-31,4264.17,payment,branch,7
5510,807,2025-07-30,725.36,withdraw,mobile,17
5511,397,2024-08-08,4393.68,payment,mobile,19
5512,215,2024-09-18,1191.06,transfer,branch,8
5513,25,2024-04-17,3636.59,withdraw,atm,2
5514,773,2025-07-21,2007.51,deposit,branch,12
5515,806,2024-03-25,2789.48,payment,branch,3
5516,881,2025-06-12,1934.28,deposit,branch,6
5517,84,2024-11-19,206.57,deposit,online,11
5518,88,2025-08-21,2997.33,payment,atm,5
5519,421,2025-01-28,2226.44,payment,mobile,2
5520,212,2024-12-31,2596.55,payment,mobile,7
5521,993,2024-07-27,538.22,withdraw,atm,15
5522,934,2024-07-03,3433.36,withdraw,mobile,15
5523,163,2025-05-09,1311.28,withdraw,online,18
5524,954,2024-08-18,2011.15,withdraw,mobile,8
5525,44,2024-05-31,379.92,payment,mobile,17
5526,111,2024-01-13,1446.99,payment,mobile,17
5527,13,2023-11-12,2021.72,transfer,branch,10
5528,222,2025-01-24,259.5,deposit,atm,1
5529,316,2024-06-23,2573.6,withdraw,online,15
5530,816,2025-07-26,1594.92,payment,online,19
5531,344,2024-12-27,4692.87,deposit,online,1
5532,999,2025-03-18,2087.7,payment,atm,10
5533,99,2023-11-15,1977.58,payment,online,11
5534,327,2023-12-10,4629.64,withdraw,branch,16
5535,231,2025-03-05,1126.46,deposit,atm,7
5536,491,2025-04-17,1574.09,deposit,mobile,19
5537,175,2025-02-28,2804.72,deposit,atm,1
5538,586,2023-10-27,633.15,withdraw,atm,8
5539,884,2024-11-30,1582.03,withdraw,mobile,16
5540,245,2025-02-07,2230.84,withdraw,mobile,16
5541,997,2025-09-19,2859.26,transfer,branch,4
5542,576,2025-06-28,444.08,payment,branch,18
5543,34,2024-11-07,2241.43,transfer,mobile,14
5544,679,2024-08-11,1921.32,withdraw,mobile,6
5545,808,2025-04-01,662.51,deposit,branch,17
5546,64,2024-01-04,1815.53,payment,online,8
5547,931,2025-08-20,1335.28,deposit,atm,18
5548,280,2024-04-14,2875.24,payment,atm,14
5549,306,2024-12-22,3907.59,deposit,atm,7
5550,394,2024-12-17,1803.8,withdraw,atm,16
5551,37,2024-03-07,1803.02,deposit,branch,1
5552,416,2025-01-08,2817.51,deposit,atm,5
5553,326,2024-04-20,4155.63,payment,branch,18
5554,76,2025-09-13,3858.22,transfer,online,4
5555,313,2025-01-01,2013.52,transfer,branch,7
5556,632,2024-01-14,3714.85,transfer,mobile,15
5557,714,2025-01-02,1519.83,payment,branch,11
5558,292,2023-10-28,1709.68,payment,mobile,10
5559,160,2024-03-03,1416.16,withdraw,mobile,13
5560,343,2025-04-01,3239.96,payment,branch,3
5561,191,2025-03-27,1843.69,transfer,online,13
5562,125,2025-04-29,552.54,payment,branch,8
5563,360,2025-05-05,2615.88,deposit,mobile,17
5564,358,2024-03-18,1338.3,withdraw,mobile,12
5565,858,2025-09-11,1033.61,deposit,mobile,9
5566,124,2023-12-31,998.97,payment,branch,3
5567,823,2025-07-09,3264.48,deposit,atm,9
5568,672,2025-09-07,2992.96,transfer,atm,11
5569,700,2025-01-12,1675.24,deposit,branch,5
5570,702,2024-09-08,3320.34,payment,atm,15
5571,770,2025-04-01,2486.4,payment,online,14
5572,37,2024-11-01,2131.76,transfer,online,6
5573,154,2023-10-28,1998.62,payment,branch,19
5574,841,2023-11-08,3115.43,deposit,branch,10
5575,644,2024-09-07,1260.62,withdraw,branch,8
5576,848,2024-11-22,1528.79,payment,online,16
5577,550,2025-09-21,2589.9,transfer,branch,17
5578,369,2024-06-19,2256.82,payment,online,12
5579,582,2024-11-20,1722.35,payment,atm,11
5580,788,2025-03-03,1972.79,withdraw,online,13
5581,649,2024-07-11,2101.21,payment,online,3
5582,768,2025-05-21,3019.35,payment,online,15
5583,181,2024-02-03,1606.6,transfer,online,5
5584,717,2025-09-05,1556.52,transfer,mobile,8
5585,213,2024-12-14,1501.46,transfer,atm,18
5586,796,2025-05-21,2104.04,withdraw,mobile,1
5587,17,2024-05-08,3671.48,deposit,online,9
5588,366,2025-04-14,5020.15,transfer,online,16
5589,525,2024-10-29,2516.49,transfer,atm,9
5590,693,2024-06-26,1487.09,payment,branch,3
5591,373,2025-01-16,1957.17,deposit,branch,10
5592,981,2025-07-10,253.71,transfer,branch,15
5593,783,2024-04-13,1878.38,withdraw,mobile,15
5594,630,2024-05-29,539.29,withdraw,mobile,2
5595,150,2025-08-20,2956.7,deposit,mobile,19
5596,74,2024-12-28,153.13,deposit,mobile,13
5597,951,2023-10-16,2437.0,transfer,branch,6
5598,53,2025-06-24,800.98,transfer,atm,9
5599,396,2023-10-17,2138.74,transfer,atm,14
5600,182,2025-07-02,840.95,transfer,atm,17
5601,190,2024-10-07,3912.83,payment,atm,2
5602,701,2025-09-18,3189.15,withdraw,atm,9
5603,385,2024-02-03,1822.94,payment,mobile,18
5604,482,2025-04-27,371.97,withdraw,atm,19
5605,525,2024-10-25,1140.57,withdraw,branch,8
5606,846,2024-06-10,2229.63,withdraw,mobile,10
5607,328,2024-06-30,3213.15,payment,atm,19
5608,120,2024-07-19,1047.85,transfer,branch,2
5609,630,2024-02-05,502.05,transfer,online,17
5610,57,2024-07-31,2309.55,withdraw,online,12
5611,724,2024-05-27,4104.22,deposit,branch,18
5612,284,2024-03-17,1680.02,payment,branch,11
5613,894,2025-04-23,3081.37,payment,mobile,5
5614,806,2024-12-12,3948.63,payment,branch,18
5615,828,2023-12-05,2934.77,withdraw,online,15
5616,396,2025-02-15,217.6,payment,atm,10
5617,652,2024-07-10,3294.06,deposit,atm,7
5618,594,2025-05-03,2195.63,transfer,online,3
5619,559,2025-06-29,797.81,payment,online,10
5620,376,2024-06-15,3000.65,payment,online,8
5621,124,2023-11-30,273.82,payment,atm,1
5622,926,2024-10-07,1302.28,deposit,atm,18
5623,794,2024-05-03,2864.73,deposit,mobile,1
5624,711,2024-10-31,742.1,payment,online,10
5625,947,2024-08-09,1667.32,transfer,mobile,19
5626,722,2024-04-06,1836.07,deposit,atm,16
5627,680,2025-07-07,578.19,withdraw,mobile,12
5628,881,2024-10-31,2568.46,withdraw,atm,6
5629,309,2025-02-19,3147.35,payment,atm,4
5630,442,2024-02-08,774.94,deposit,atm,6
5631,749,2025-06-15,1218.14,transfer,branch,17
5632,13,2024-12-08,2935.85,deposit,branch,13
5633,435,2024-02-21,1208.84,payment,branch,1
5634,182,2024-01-07,1716.61,deposit,online,19
5635,431,2024-06-05,1298.49,withdraw,atm,4
5636,294,2024-05-17,987.09,payment,online,13
5637,204,2025-02-28,1850.17,deposit,atm,13
5638,313,2024-06-01,2901.84,withdraw,atm,9
5639,628,2023-11-08,1394.49,withdraw,atm,19
5640,569,2025-08-23,2516.8,transfer,mobile,16
5641,363,2023-10-31,3544.48,withdraw,atm,5
5642,127,2024-08-10,3002.79,transfer,online,9
5643,745,2024-06-02,2835.08,withdraw,mobile,3
5644,182,2024-06-12,4144.91,deposit,mobile,4
5645,85,2023-11-29,3376.86,payment,atm,1
5646,635,2024-08-11,1253.35,deposit,mobile,12
5647,358,2025-05-25,1780.82,transfer,atm,1
5648,566,2025-05-06,3521.24,payment,branch,18
5649,72,2024-06-04,4051.65,transfer,atm,10
5650,984,2024-09-22,2930.28,payment,atm,12
5651,528,2025-10-04,4562.87,transfer,atm,9
5652,872,2024-11-26,1198.92,withdraw,mobile,13
5653,466,2024-12-30,3286.87,withdraw,online,8
5654,603,2025-05-21,2113.08,transfer,atm,10
5655,300,2024-08-26,205.54,deposit,atm,7
5656,6,2025-09-28,51.83,withdraw,mobile,14
5657,248,2025-01-30,527.76,payment,mobile,12
5658,643,2024-01-28,3276.8,payment,atm,9
5659,38,2023-11-05,668.83,withdraw,online,8
5660,258,2025-06-01,137.06,deposit,mobile,16
5661,478,2025-01-03,1219.89,payment,online,11
5662,408,2025-09-11,2821.7,withdraw,atm,5
5663,446,2024-05-27,4397.01,payment,mobile,16
5664,239,2025-03-13,1435.04,transfer,atm,15
5665,280,2024-08-23,2574.2,payment,atm,12
5666,496,2025-10-03,2646.76,deposit,mobile,6
5667,947,2023-12-09,3241.66,deposit,online,8
5668,492,2025-06-16,3657.75,deposit,branch,4
5669,77,2024-11-15,4754.25,payment,branch,18
5670,629,2025-09-03,4184.7,withdraw,mobile,2
5671,271,2024-06-03,4033.32,payment,online,5
5672,900,2024-11-11,1875.25,transfer,online,19
5673,463,2024-01-01,3569.76,payment,atm,2
5674,7,2024-02-10,3150.6,payment,atm,5
5675,212,2024-01-04,1554.28,withdraw,online,11
5676,834,2024-01-12,2211.26,deposit,mobile,9
5677,177,2025-09-01,2405.55,deposit,branch,16
5678,384,2025-09-17,1917.6,withdraw,mobile,12
5679,989,2024-04-29,768.28,withdraw,mobile,6
5680,428,2024-08-13,1390.77,deposit,atm,2
5681,877,2024-04-08,2393.86,deposit,branch,3
5682,558,2024-01-02,550.7,payment,online,9
5683,719,2024-11-13,1614.71,deposit,mobile,5
5684,191,2025-04-14,673.73,transfer,atm,7
5685,885,2024-05-14,1686.96,payment,online,4
5686,29,2024-05-01,4021.0,transfer,mobile,6
5687,597,2024-01-21,2233.81,deposit,mobile,3
5688,633,2024-05-03,1163.51,transfer,branch,10
5689,53,2025-09-04,2318.85,withdraw,mobile,9
5690,97,2024-01-25,1520.74,deposit,online,10
5691,40,2025-08-12,520.97,payment,branch,19
5692,202,2024-06-14,2484.9,deposit,atm,19
5693,499,2024-12-09,3217.82,transfer,mobile,18
5694,273,2023-12-03,865.49,withdraw,online,14
5695,243,2024-05-11,2245.35,payment,online,16
5696,377,2024-09-10,1551.95,payment,online,14
5697,727,2025-08-06,1754.17,payment,mobile,13
5698,901,2025-05-07,4687.96,transfer,mobile,18
5699,532,2025-05-18,1172.6,deposit,mobile,15
5700,26,2024-10-17,1162.41,payment,mobile,1
5701,238,2024-07-03,3371.93,transfer,mobile,18
5702,911,2025-05-19,4076.15,payment,mobile,2
5703,324,2024-02-22,1391.96,payment,online,12
5704,362,2024-03-23,4018.79,deposit,mobile,5
5705,348,2024-07-21,3024.43,deposit,branch,3
5706,325,2025-06-03,1614.23,payment,branch,9
5707,850,2025-07-05,1563.58,payment,online,10
5708,954,2023-12-04,1459.03,deposit,atm,13
5709,27,2025-08-04,1883.64,withdraw,atm,11
5710,11,2024-02-10,811.83,transfer,atm,1
5711,460,2024-10-24,3263.68,payment,mobile,18
5712,160,2025-01-20,2177.84,payment,branch,10
5713,636,2024-06-17,2711.54,deposit,branch,7
5714,865,2025-04-27,1097.32,deposit,online,17
5715,879,2024-08-01,2210.65,withdraw,branch,14
5716,116,2024-02-26,3050.61,transfer,mobile,3
5717,666,2023-10-11,1511.56,deposit,mobile,8
5718,403,2025-08-05,2728.71,withdraw,online,15
5719,755,2023-12-23,972.68,withdraw,online,11
5720,290,2024-12-23,854.35,payment,atm,3
5721,324,2024-04-26,1035.99,transfer,online,1
5722,422,2024-04-07,4196.56,transfer,mobile,3
5723,65,2024-12-03,4218.34,transfer,mobile,8
5724,269,2025-08-19,1802.43,payment,branch,11
5725,257,2024-04-06,2849.63,payment,mobile,4
5726,113,2024-11-02,4379.65,transfer,branch,5
5727,106,2025-06-15,1084.5,withdraw,mobile,3
5728,699,2024-08-07,2468.6,payment,atm,11
5729,952,2025-01-19,174.19,withdraw,branch,17
5730,245,2024-02-07,285.35,payment,branch,4
5731,153,2025-08-11,1876.26,withdraw,mobile,18
5732,221,2024-01-01,2643.92,transfer,online,15
5733,92,2025-07-17,2807.79,transfer,mobile,16
5734,732,2023-12-12,2790.35,payment,mobile,6
5735,183,2024-03-22,2092.11,deposit,branch,3
5736,6,2023-12-15,2305.69,payment,branch,13
5737,36,2024-02-04,1475.78,payment,mobile,11
5738,653,2024-04-10,1560.87,deposit,atm,4
5739,133,2025-09-03,182.13,transfer,atm,11
5740,418,2025-07-19,2461.48,withdraw,branch,6
5741,467,2025-09-20,1055.45,deposit,mobile,17
5742,170,2025-07-28,2576.98,transfer,branch,3
5743,315,2025-03-12,1346.04,deposit,online,6
5744,451,2024-11-09,3197.85,withdraw,online,1
5745,150,2025-09-28,1990.44,withdraw,online,19
5746,508,2024-12-31,2376.09,payment,atm,8
5747,74,2024-08-02,2547.58,withdraw,online,1
5748,299,2024-10-12,2649.71,transfer,mobile,8
5749,802,2025-03-03,2810.2,withdraw,mobile,1
5750,174,2025-02-21,1571.24,withdraw,atm,4
5751,540,2025-07-22,2840.97,deposit,atm,18
5752,618,2024-10-05,2236.67,deposit,mobile,14
5753,592,2023-12-24,1375.0,transfer,mobile,9
5754,643,2023-12-10,3216.1,deposit,atm,10
5755,239,2024-04-22,1840.93,deposit,branch,7
5756,615,2024-02-21,1118.04,transfer,atm,9
5757,232,2023-10-25,828.29,deposit,branch,8
5758,882,2023-12-09,2081.05,withdraw,branch,7
5759,507,2024-11-09,1844.11,payment,branch,13
5760,360,2025-08-19,1183.56,deposit,online,14
5761,49,2023-12-31,2237.8,withdraw,mobile,9
5762,33,2024-12-04,2076.43,payment,atm,11
5763,551,2024-11-10,2749.52,deposit,branch,16
5764,312,2025-03-11,5169.24,payment,mobile,10
5765,809,2024-11-09,3458.61,payment,branch,8
5766,453,2024-11-17,735.45,withdraw,branch,10
5767,15,2024-05-13,1291.64,payment,atm,9
5768,369,2025-01-28,1299.87,deposit,online,8
5769,206,2023-12-10,4519.1,withdraw,online,5
5770,833,2025-06-02,1152.53,deposit,branch,2
5771,848,2025-08-26,2105.73,transfer,branch,10
5772,236,2024-01-25,54.6,withdraw,branch,19
5773,432,2024-04-27,2658.67,payment,atm,17
5774,300,2024-04-28,2339.73,transfer,branch,4
5775,384,2025-04-22,1848.17,payment,mobile,15
5776,658,2024-05-06,2929.9,payment,mobile,19
5777,426,2025-06-18,4862.77,payment,online,17
5778,766,2025-04-16,4322.41,withdraw,online,5
5779,558,2024-03-13,413.79,transfer,branch,1
5780,735,2023-11-18,3115.03,deposit,online,4
5781,499,2024-12-08,5165.72,withdraw,atm,18
5782,107,2024-08-09,2310.16,deposit,mobile,3
5783,594,2024-03-28,5019.98,payment,branch,17
5784,543,2024-01-02,1178.84,deposit,branch,15
5785,564,2023-12-27,2186.9,deposit,online,3
5786,727,2024-06-16,1879.94,payment,atm,7
5787,89,2024-01-14,1301.37,transfer,online,9
5788,399,2024-06-07,2674.81,payment,online,3
5789,251,2024-01-31,4271.64,withdraw,branch,4
5790,867,2025-04-05,46.01,deposit,branch,12
5791,88,2025-02-23,3396.18,withdraw,atm,1
5792,362,2025-01-03,2810.16,deposit,branch,10
5793,894,2024-11-14,295.69,payment,branch,11
5794,998,2024-08-21,314.14,transfer,branch,3
5795,891,2023-11-29,751.21,payment,atm,12
5796,122,2024-11-13,909.45,transfer,mobile,3
5797,482,2025-03-04,1291.93,payment,mobile,8
5798,246,2024-08-24,224.16,transfer,branch,13
5799,729,2024-05-23,2536.0,withdraw,mobile,7
5800,993,2024-06-19,87.59,transfer,mobile,6
5801,357,2025-06-14,678.07,transfer,branch,14
5802,988,2024-02-07,1678.5,withdraw,online,15
5803,145,2024-04-24,1945.03,deposit,online,9
5804,520,2024-08-19,1924.05,transfer,branch,1
5805,512,2024-07-18,639.49,deposit,atm,4
5806,861,2025-02-12,890.07,deposit,atm,19
5807,463,2024-08-19,995.47,transfer,online,14
5808,613,2025-03-07,2340.17,deposit,atm,5
5809,419,2024-01-24,3628.81,deposit,branch,13
5810,118,2024-08-27,1796.13,withdraw,branch,12
5811,875,2024-11-08,2236.03,deposit,branch,14
5812,229,2024-11-16,448.4,transfer,online,12
5813,445,2025-03-20,2738.23,transfer,atm,13
5814,928,2024-11-30,2216.03,withdraw,atm,10
5815,595,2024-02-18,2424.16,deposit,mobile,17
5816,143,2025-02-22,2429.62,deposit,mobile,11
5817,33,2025-03-18,2312.54,withdraw,online,4
5818,185,2025-09-26,1964.83,withdraw,atm,18
5819,215,2024-04-27,2696.63,withdraw,atm,8
5820,403,2025-01-04,1622.11,payment,atm,19
5821,369,2025-02-20,1392.46,deposit,atm,17
5822,281,2024-10-30,2747.12,deposit,atm,4
5823,343,2023-11-03,2095.17,deposit,atm,15
5824,733,2024-09-21,2373.6,payment,branch,11
5825,431,2025-04-26,3814.68,deposit,atm,2
5826,540,2024-05-21,1955.67,deposit,online,6
5827,428,2025-02-08,1761.85,payment,online,14
5828,84,2024-07-19,194.91,withdraw,online,13
5829,637,2023-12-27,2690.09,transfer,mobile,9
5830,395,2024-02-12,1132.87,deposit,online,13
5831,274,2025-07-29,1981.18,payment,mobile,8
5832,549,2024-06-15,4092.28,deposit,branch,19
5833,947,2025-06-24,2877.25,withdraw,mobile,3
5834,237,2024-11-19,3022.93,withdraw,branch,18
5835,575,2024-07-26,2307.36,deposit,atm,5
5836,223,2025-08-29,2108.51,transfer,atm,13
5837,911,2025-02-08,2378.89,withdraw,atm,14
5838,551,2024-06-27,2094.02,transfer,atm,10
5839,715,2024-05-01,1285.8,withdraw,mobile,12
5840,499,2024-12-13,1650.31,transfer,mobile,5
5841,665,2023-12-27,1004.34,payment,mobile,4
5842,221,2024-10-25,1621.73,transfer,atm,3
5843,727,2024-09-29,2277.59,withdraw,branch,9
5844,954,2024-05-05,3260.5,transfer,atm,9
5845,309,2024-01-14,3462.33,payment,atm,18
5846,109,2024-05-04,1579.77,transfer,atm,6
5847,568,2024-04-28,2855.88,payment,mobile,17
5848,394,2024-07-28,1742.42,transfer,online,10
5849,27,2025-06-19,693.7,deposit,online,8
5850,613,2025-07-04,1184.32,deposit,atm,4
5851,386,2024-06-30,1550.72,payment,atm,10
5852,183,2025-06-26,1805.3,withdraw,branch,13
5853,702,2025-03-22,1324.67,payment,branch,19
5854,507,2023-11-11,1681.27,withdraw,branch,13
5855,936,2024-06-26,3733.65,payment,branch,19
5856,683,2025-07-26,667.81,transfer,online,5
5857,812,2024-10-04,3535.72,transfer,online,17
5858,691,2025-06-10,1196.74,transfer,mobile,13
5859,912,2024-02-03,499.12,transfer,atm,3
5860,73,2023-12-17,2148.74,payment,mobile,18
5861,309,2025-03-25,1362.42,deposit,atm,10
5862,351,2024-11-03,3180.32,transfer,online,17
5863,936,2024-02-03,150.12,withdraw,online,16
5864,745,2025-04-02,916.08,withdraw,mobile,5
5865,442,2025-02-18,754.23,payment,atm,10
5866,686,2024-10-02,1151.47,transfer,online,9
5867,119,2025-06-24,1813.41,deposit,mobile,2
5868,532,2025-09-27,2530.09,transfer,atm,9
5869,277,2024-12-20,1710.9,deposit,atm,3
5870,749,2024-11-24,1664.58,withdraw,branch,11
5871,740,2024-10-24,1508.39,transfer,online,15
5872,831,2025-01-27,1015.2,withdraw,atm,11
5873,717,2024-10-29,2838.12,payment,atm,19
5874,507,2023-12-23,15.16,transfer,online,9
5875,219,2024-07-01,2748.07,deposit,mobile,12
5876,565,2025-09-20,1028.45,withdraw,atm,2
5877,82,2023-10-24,1809.78,payment,branch,17
5878,690,2023-10-07,1186.16,withdraw,atm,15
5879,826,2024-08-02,176.03,transfer,atm,3
5880,723,2023-12-16,2562.87,deposit,online,17
5881,587,2024-06-05,3664.94,transfer,mobile,12
5882,260,2025-01-30,2381.35,deposit,online,15
5883,939,2024-03-04,4219.26,payment,atm,4
5884,91,2024-03-29,1502.03,payment,online,10
5885,698,2024-02-20,3765.59,transfer,online,3
5886,189,2023-11-15,3782.64,payment,online,5
5887,114,2024-06-30,848.07,deposit,atm,16
5888,778,2024-12-27,222.92,transfer,mobile,10
5889,483,2024-02-09,1646.98,payment,branch,15
5890,77,2024-05-04,2661.73,transfer,atm,19
5891,681,2024-03-11,295.28,payment,atm,14
5892,483,2025-08-03,1855.6,payment,branch,17
5893,296,2024-02-24,2000.84,transfer,atm,12
5894,346,2023-11-04,1706.95,payment,branch,9
5895,886,2024-05-08,4581.4,deposit,branch,19
5896,758,2023-11-06,4167.54,deposit,branch,17
5897,173,2024-12-24,3071.67,withdraw,branch,2
5898,843,2025-03-11,1713.66,deposit,branch,7
5899,533,2024-10-23,1958.89,payment,mobile,12
5900,391,2024-06-13,1901.2,withdraw,mobile,12
5901,81,2023-12-24,2619.15,transfer,branch,3
5902,968,2024-05-25,2352.09,withdraw,atm,9
5903,581,2024-12-31,1847.84,withdraw,branch,17
5904,566,2024-02-14,3768.2,payment,mobile,15
5905,298,2024-04-16,2635.73,deposit,branch,9
5906,476,2024-01-23,717.67,withdraw,mobile,11
5907,831,2024-05-28,154.09,deposit,mobile,4
5908,826,2024-11-23,534.39,payment,online,18
5909,90,2025-03-15,185.07,withdraw,mobile,15
5910,329,2023-10-22,2348.95,transfer,online,6
5911,996,2025-04-13,2016.9,payment,mobile,13
5912,820,2024-05-25,2078.47,transfer,online,14
5913,686,2025-04-02,1958.32,payment,online,1
5914,779,2024-08-19,1670.38,withdraw,online,15
5915,844,2025-01-01,1501.46,payment,branch,14
5916,654,2025-07-26,396.4,transfer,mobile,3
5917,793,2025-08-16,326.56,transfer,mobile,18
5918,898,2024-11-26,637.47,payment,branch,12
5919,642,2025-04-04,2072.83,withdraw,atm,7
5920,995,2025-06-21,2490.57,transfer,online,1
5921,815,2023-11-15,1899.95,payment,branch,4
5922,546,2025-09-13,1037.37,transfer,online,3
5923,476,2025-02-23,2796.27,payment,mobile,3
5924,388,2024-08-12,1271.04,withdraw,branch,17
5925,798,2025-07-21,3409.2,withdraw,online,19
5926,604,2025-08-07,864.4,payment,mobile,8
5927,36,2023-12-25,799.17,transfer,mobile,4
5928,970,2023-11-02,1660.6,withdraw,online,3
5929,364,2024-08-31,2710.29,withdraw,branch,18
5930,597,2024-05-09,1977.02,withdraw,atm,3
5931,114,2024-07-02,313.19,transfer,atm,10
5932,100,2023-12-13,156.25,withdraw,branch,13
5933,816,2025-06-15,1413.86,deposit,atm,2
5934,699,2025-05-10,945.92,deposit,mobile,11
5935,673,2025-09-02,229.51,payment,mobile,17
5936,660,2024-04-13,1007.7,withdraw,atm,13
5937,935,2024-08-07,2286.27,withdraw,branch,11
5938,788,2023-10-17,1479.88,deposit,atm,16
5939,997,2024-08-25,1129.2,transfer,atm,10
5940,903,2025-01-30,1955.34,withdraw,mobile,8
5941,332,2024-07-21,1264.11,deposit,atm,19
5942,948,2025-09-21,2210.81,transfer,mobile,13
5943,993,2024-08-30,701.21,transfer,branch,3
5944,590,2025-05-11,284.16,payment,online,4
5945,927,2025-05-22,3835.02,deposit,online,5
5946,754,2025-02-19,1669.46,payment,atm,9
5947,892,2024-04-09,4484.33,deposit,atm,16
5948,510,2024-04-15,3522.66,transfer,atm,1
5949,166,2024-09-10,51.11,payment,branch,19
5950,678,2025-04-08,2549.07,withdraw,atm,10
5951,521,2024-05-08,2968.32,transfer,branch,15
5952,585,2024-12-17,47.62,transfer,online,4
5953,517,2023-11-28,2156.89,deposit,atm,6
5954,837,2025-04-03,2649.26,withdraw,atm,5
5955,72,2024-08-02,792.36,deposit,branch,5
5956,466,2024-11-24,4327.02,withdraw,branch,16
5957,918,2025-02-11,1104.51,transfer,online,15
5958,651,2025-09-10,2066.49,withdraw,online,15
5959,434,2024-10-04,2666.35,deposit,mobile,6
5960,686,2024-01-24,3590.37,payment,branch,19
5961,869,2023-10-12,1597.95,deposit,mobile,19
5962,160,2024-12-14,640.31,withdraw,branch,8
5963,55,2024-11-04,2377.5,deposit,mobile,1
5964,721,2025-07-23,3263.61,transfer,atm,18
5965,626,2024-12-30,1335.87,transfer,mobile,5
5966,69,2025-05-11,3368.98,deposit,branch,13
5967,45,2024-01-28,2149.29,transfer,mobile,12
5968,121,2024-10-12,1779.36,deposit,mobile,18
5969,526,2025-02-01,2714.59,payment,atm,4
5970,895,2025-03-15,2223.5,withdraw,atm,11
5971,240,2024-04-08,3522.54,transfer,online,9
5972,392,2025-08-24,336.13,transfer,atm,17
5973,171,2025-05-07,3015.96,payment,branch,17
5974,6,2024-01-26,2585.62,deposit,branch,8
5975,800,2025-04-22,4252.94,transfer,branch,6
5976,443,2024-10-02,1077.8,payment,online,19
5977,149,2025-09-22,1760.39,withdraw,online,12
5978,86,2023-11-05,4050.87,transfer,atm,16
5979,24,2025-02-05,3256.16,deposit,mobile,16
5980,890,2023-10-27,2176.78,deposit,atm,15
5981,879,2025-06-13,1886.9,withdraw,branch,5
5982,944,2024-03-01,2976.03,deposit,online,3
5983,766,2023-11-27,1957.94,transfer,branch,6
5984,793,2024-12-19,3367.41,payment,branch,4
5985,399,2025-09-03,1131.0,transfer,branch,4
5986,816,2025-05-25,2012.29,withdraw,atm,5
5987,493,2025-08-28,1096.08,payment,atm,15
5988,126,2023-12-09,3325.12,deposit,atm,14
5989,179,2024-09-17,2190.37,transfer,online,4
5990,748,2024-03-22,1895.54,withdraw,branch,8
5991,241,2024-12-18,2715.85,withdraw,online,10
5992,240,2024-03-08,3987.34,payment,branch,12
5993,912,2025-07-14,3683.06,payment,atm,12
5994,347,2025-02-01,3499.51,payment,mobile,2
5995,811,2025-01-23,1083.97,deposit,atm,13
5996,621,2023-11-10,219.02,withdraw,branch,10
5997,23,2025-04-14,738.74,transfer,mobile,2
5998,692,2025-01-06,3197.45,transfer,mobile,5
5999,651,2024-08-21,2139.15,transfer,mobile,19
6000,667,2024-11-16,2785.57,payment,mobile,8
6001,500,2024-06-01,1827.9,deposit,atm,2
6002,337,2024-06-28,1228.62,deposit,mobile,19
6003,125,2024-07-16,3704.65,withdraw,online,14
6004,623,2025-04-27,402.84,withdraw,online,5
6005,528,2025-04-28,288.32,payment,atm,5
6006,149,2024-01-10,3271.07,transfer,branch,6
6007,157,2025-02-22,88.0,withdraw,online,12
6008,889,2025-06-16,2708.8,withdraw,atm,13
6009,220,2024-03-30,2635.79,transfer,branch,5
6010,501,2023-11-20,3041.42,payment,branch,9
6011,811,2024-01-05,957.86,deposit,online,18
6012,912,2025-09-19,2248.43,transfer,branch,4
6013,858,2024-08-06,2940.13,deposit,branch,4
6014,495,2023-11-30,29.48,transfer,branch,17
6015,200,2024-01-20,2775.26,payment,branch,14
6016,48,2025-04-10,2934.99,transfer,branch,4
6017,971,2024-08-19,1443.44,payment,branch,5
6018,48,2025-05-25,2486.04,deposit,atm,10
6019,728,2025-04-09,3448.26,payment,atm,14
6020,155,2025-04-27,2143.42,withdraw,mobile,12
6021,56,2025-02-25,3397.63,deposit,mobile,18
6022,209,2025-08-13,2327.5,deposit,mobile,10
6023,596,2023-11-12,2463.75,transfer,atm,18
6024,18,2024-07-29,2246.49,withdraw,mobile,3
6025,903,2025-08-27,4.84,transfer,mobile,9
6026,987,2024-03-03,1584.52,payment,branch,17
6027,758,2025-09-24,3197.89,withdraw,mobile,19
6028,157,2025-04-05,3508.12,payment,mobile,1
6029,976,2023-10-31,3030.02,transfer,online,10
6030,144,2024-06-10,1990.78,transfer,atm,7
6031,136,2024-02-18,202.57,withdraw,online,11
6032,259,2024-06-28,1353.07,deposit,branch,16
6033,75,2024-10-27,1448.51,transfer,atm,15
6034,256,2024-07-30,2194.24,withdraw,online,17
6035,868,2024-11-30,3474.16,payment,branch,7
6036,92,2025-07-27,1142.02,deposit,branch,17
6037,608,2024-03-20,1078.74,deposit,atm,3
6038,350,2024-08-17,1852.51,deposit,atm,2
6039,934,2025-04-24,4894.85,payment,mobile,11
6040,976,2024-07-05,938.49,withdraw,branch,11
6041,200,2024-03-01,2599.11,withdraw,branch,9
6042,782,2024-11-15,1373.74,withdraw,online,3
6043,682,2024-05-04,2640.75,deposit,atm,13
6044,289,2024-09-29,2887.6,deposit,online,4
6045,891,2024-01-23,3438.04,withdraw,atm,7
6046,938,2023-10-09,3177.38,withdraw,branch,15
6047,518,2024-09-28,2721.36,payment,atm,18
6048,645,2024-09-30,3104.56,deposit,online,10
6049,499,2025-05-21,3194.68,deposit,branch,6
6050,205,2025-03-16,1596.8,deposit,online,11
6051,118,2023-10-19,2922.88,transfer,atm,19
6052,337,2025-09-28,1775.87,payment,branch,6
6053,591,2025-03-07,1512.06,payment,branch,5
6054,590,2023-10-08,2734.28,payment,online,17
6055,713,2025-01-25,2102.06,payment,mobile,3
6056,937,2024-06-05,2351.79,withdraw,atm,18
6057,395,2025-02-20,2286.3,payment,atm,12
6058,22,2025-02-23,3251.44,payment,branch,8
6059,412,2025-06-26,2149.85,transfer,branch,8
6060,259,2024-04-02,2489.57,withdraw,mobile,15
6061,350,2023-10-17,750.58,payment,branch,1
6062,318,2025-08-18,2793.02,payment,atm,7
6063,279,2025-09-01,3790.64,withdraw,online,7
6064,368,2024-04-24,999.7,payment,atm,15
6065,433,2024-03-12,2620.98,deposit,online,9
6066,140,2024-12-08,1228.96,deposit,online,1
6067,206,2024-05-30,3120.09,transfer,atm,7
6068,345,2025-01-24,1276.76,withdraw,online,8
6069,164,2023-10-19,1155.21,transfer,atm,11
6070,300,2024-10-28,1434.68,transfer,mobile,6
6071,853,2024-06-01,2179.78,payment,branch,10
6072,28,2024-03-15,2808.56,transfer,online,11
6073,978,2025-03-23,2357.41,payment,atm,5
6074,758,2024-12-18,2552.84,deposit,atm,10
6075,206,2024-04-10,2063.97,withdraw,online,19
6076,564,2024-08-30,1110.15,withdraw,branch,12
6077,570,2025-04-27,1455.82,deposit,branch,15
6078,559,2024-11-25,561.55,payment,branch,9
6079,275,2024-04-07,5050.12,withdraw,mobile,10
6080,342,2024-05-19,498.23,transfer,atm,11
6081,988,2023-12-29,1789.59,transfer,online,16
6082,430,2025-07-06,3095.42,transfer,online,9
6083,560,2024-02-08,1346.47,deposit,mobile,8
6084,81,2025-04-14,2228.35,deposit,branch,2
6085,606,2025-01-28,2771.59,withdraw,online,3
6086,297,2025-03-22,2033.56,withdraw,online,9
6087,443,2024-10-12,3320.51,withdraw,mobile,14
6088,479,2024-08-13,4164.94,withdraw,atm,7
6089,594,2024-09-06,1367.78,withdraw,mobile,12
6090,992,2024-10-18,3277.09,transfer,atm,3
6091,242,2024-07-21,2873.06,withdraw,atm,19
6092,273,2025-01-22,1821.23,withdraw,atm,15
6093,625,2024-08-08,1828.67,withdraw,online,16
6094,185,2024-12-31,386.79,transfer,mobile,5
6095,527,2025-02-04,2536.77,withdraw,mobile,1
6096,678,2025-04-13,2072.3,transfer,atm,11
6097,11,2025-06-18,1501.8,withdraw,mobile,14
6098,410,2024-08-26,1045.2,withdraw,branch,9
6099,40,2024-09-18,953.27,withdraw,branch,4
6100,826,2025-05-04,1796.95,transfer,branch,13
6101,118,2024-10-26,408.76,payment,online,6
6102,26,2024-08-22,97.46,payment,branch,14
6103,904,2025-04-08,1930.38,deposit,mobile,11
6104,831,2025-06-25,1455.96,withdraw,branch,13
6105,874,2023-12-19,4368.48,transfer,atm,18
6106,656,2024-10-13,1804.07,payment,online,19
6107,911,2024-02-10,1050.31,transfer,mobile,7
6108,346,2025-03-21,1252.51,payment,online,18
6109,149,2024-03-12,1449.77,deposit,branch,12
6110,351,2024-12-09,2847.5,deposit,branch,9
6111,392,2023-11-21,3481.57,withdraw,branch,6
6112,743,2025-02-07,2300.93,transfer,branch,16
6113,998,2025-05-23,2930.22,payment,atm,17
6114,120,2025-10-01,3444.45,withdraw,online,3
6115,504,2025-01-02,1708.35,transfer,branch,17
6116,149,2025-04-27,3686.51,payment,mobile,1
6117,880,2024-03-21,3444.8,transfer,mobile,15
6118,830,2024-03-21,1451.61,deposit,branch,5
6119,291,2024-11-06,187.62,withdraw,branch,4
6120,107,2024-11-04,3864.1,payment,atm,15
6121,23,2025-07-02,1286.22,withdraw,branch,18
6122,377,2024-01-12,2048.96,withdraw,branch,6
6123,156,2025-05-16,2574.28,payment,online,17
6124,501,2025-05-15,2025.69,withdraw,online,5
6125,135,2025-03-27,2957.86,withdraw,online,17
6126,749,2025-04-19,3288.06,deposit,mobile,12
6127,620,2024-09-25,16.94,transfer,online,2
6128,671,2025-01-05,2897.13,payment,mobile,5
6129,161,2025-08-17,2415.38,transfer,atm,1
6130,740,2025-07-19,1663.66,deposit,online,16
6131,167,2025-03-05,1541.22,withdraw,mobile,12
6132,53,2024-09-26,3525.62,transfer,mobile,19
6133,965,2025-07-15,565.92,transfer,atm,18
6134,957,2024-08-18,2064.22,withdraw,atm,5
6135,182,2025-02-14,4028.48,withdraw,mobile,5
6136,607,2024-10-26,3182.96,transfer,branch,4
6137,702,2024-08-22,1265.28,payment,atm,16
6138,235,2025-05-06,3520.41,deposit,branch,10
6139,876,2025-07-19,4208.68,deposit,mobile,19
6140,423,2024-01-01,1686.0,withdraw,online,6
6141,458,2025-01-19,3086.07,transfer,atm,13
6142,971,2024-01-16,3046.84,transfer,atm,14
6143,497,2025-01-13,1430.92,payment,online,10
6144,51,2025-03-25,2228.35,transfer,online,11
6145,539,2024-04-08,155.52,withdraw,atm,16
6146,612,2025-07-31,2802.85,payment,atm,7
6147,763,2024-03-23,49.98,payment,mobile,5
6148,771,2024-04-21,788.32,withdraw,branch,1
6149,136,2025-07-11,2889.08,withdraw,online,8
6150,414,2025-06-12,3206.14,deposit,online,15
6151,378,2025-07-09,1622.07,transfer,mobile,17
6152,820,2024-12-12,2665.58,deposit,mobile,9
6153,974,2025-08-27,3124.79,deposit,online,16
6154,976,2024-11-03,1538.37,withdraw,atm,14
6155,717,2023-11-11,5343.09,withdraw,online,9
6156,291,2025-10-01,3178.19,withdraw,atm,19
6157,962,2024-09-02,1599.25,withdraw,atm,16
6158,750,2023-10-22,2337.27,payment,branch,13
6159,367,2025-08-26,3127.48,withdraw,online,11
6160,629,2025-02-11,2762.13,deposit,online,6
6161,131,2025-09-30,614.65,deposit,branch,11
6162,633,2024-03-09,2840.03,transfer,mobile,10
6163,185,2025-07-22,2720.2,payment,branch,4
6164,780,2024-08-28,1373.01,payment,atm,18
6165,925,2025-08-27,2342.58,deposit,online,8
6166,283,2024-11-03,716.72,transfer,branch,10
6167,697,2024-03-18,2780.37,withdraw,branch,12
6168,852,2024-06-14,3030.15,withdraw,mobile,16
6169,935,2024-05-22,83.05,transfer,atm,18
6170,683,2025-04-26,1911.28,deposit,mobile,19
6171,87,2024-11-18,4881.28,payment,branch,7
6172,260,2025-05-21,1854.94,payment,branch,16
6173,316,2023-10-11,1544.11,payment,atm,17
6174,996,2025-04-21,2032.12,transfer,online,2
6175,383,2024-12-07,1020.85,withdraw,atm,14
6176,974,2024-03-12,3073.8,withdraw,online,6
6177,982,2025-02-09,2806.5,payment,mobile,10
6178,73,2025-03-27,1490.23,transfer,atm,12
6179,475,2025-04-03,1893.91,withdraw,online,15
6180,122,2024-09-13,310.67,withdraw,mobile,16
6181,292,2024-12-13,3196.81,deposit,branch,13
6182,428,2025-01-09,1856.83,deposit,atm,3
6183,836,2024-12-27,1856.54,deposit,mobile,12
6184,491,2024-03-09,1837.51,deposit,online,14
6185,372,2024-04-05,2123.86,transfer,online,17
6186,832,2024-12-24,1145.36,withdraw,branch,18
6187,896,2025-02-24,3899.38,payment,mobile,9
6188,684,2024-03-07,2874.09,transfer,branch,13
6189,531,2025-09-16,3432.16,deposit,online,11
6190,226,2025-03-25,911.44,transfer,branch,17
6191,735,2025-05-18,2105.94,transfer,mobile,5
6192,204,2023-12-15,2148.52,payment,mobile,2
6193,202,2024-10-07,4471.45,deposit,online,17
6194,115,2024-01-07,2225.04,withdraw,branch,13
6195,182,2025-05-24,2859.87,payment,branch,2
6196,60,2024-06-20,1916.77,deposit,mobile,11
6197,632,2025-02-05,2037.97,transfer,mobile,13
6198,604,2023-12-16,2923.43,payment,mobile,10
6199,268,2025-08-20,3341.44,withdraw,online,19
6200,735,2023-12-22,1219.4,transfer,mobile,7
6201,498,2024-06-19,31.44,deposit,atm,12
6202,477,2025-05-10,1606.58,withdraw,branch,7
6203,854,2024-06-30,2151.49,payment,online,3
6204,585,2025-03-21,818.54,transfer,mobile,7
6205,84,2024-05-06,1797.74,transfer,online,8
6206,461,2024-05-17,2470.26,deposit,online,10
6207,796,2025-06-30,978.37,withdraw,mobile,14
6208,458,2025-09-10,2287.53,withdraw,online,14
6209,45,2025-08-23,2249.25,deposit,online,3
6210,252,2025-09-07,2260.45,payment,mobile,13
6211,119,2025-01-20,655.52,payment,mobile,10
6212,926,2024-05-09,1275.35,deposit,atm,3
6213,795,2025-07-30,1305.34,withdraw,online,13
6214,426,2024-11-16,2139.13,transfer,online,14
6215,685,2024-10-16,1990.35,deposit,atm,9
6216,606,2025-03-26,239.45,deposit,online,8
6217,748,2025-09-18,1516.29,transfer,online,17
6218,797,2025-03-21,2105.15,transfer,branch,18
6219,263,2024-02-03,1480.43,deposit,online,5
6220,89,2024-06-22,4710.15,transfer,mobile,7
6221,286,2024-07-31,840.36,withdraw,mobile,13
6222,227,2025-07-02,2091.43,payment,branch,12
6223,181,2025-06-17,1361.75,payment,atm,14
6224,732,2025-06-18,1655.95,withdraw,mobile,11
6225,480,2023-11-29,1862.58,withdraw,online,5
6226,847,2024-10-07,621.08,transfer,branch,16
6227,740,2025-01-25,773.91,transfer,atm,13
6228,691,2024-05-30,2560.09,transfer,branch,3
6229,943,2025-04-21,3618.64,deposit,online,11
6230,855,2024-12-12,580.65,payment,branch,15
6231,429,2023-11-28,1884.92,transfer,atm,1
6232,98,2024-05-28,1015.72,deposit,mobile,17
6233,425,2023-11-25,2343.79,transfer,atm,13
6234,694,2024-03-27,2532.93,transfer,branch,14
6235,27,2025-05-30,1738.56,transfer,atm,4
6236,362,2024-01-03,1770.32,payment,branch,12
6237,692,2024-05-17,877.64,payment,online,9
6238,372,2023-12-31,1560.19,deposit,mobile,1
6239,607,2024-09-15,2781.12,withdraw,online,4
6240,896,2024-03-12,1984.45,payment,online,9
6241,707,2024-03-13,3449.78,deposit,mobile,14
6242,389,2025-09-11,2189.84,transfer,branch,1
6243,513,2024-05-05,1982.6,deposit,online,19
6244,997,2024-03-16,1651.87,deposit,online,14
6245,106,2024-04-13,1831.05,withdraw,online,14
6246,722,2025-05-02,1407.2,deposit,online,9
6247,231,2025-10-06,1026.07,withdraw,atm,9
6248,255,2024-12-10,665.84,payment,online,10
6249,528,2024-03-16,521.37,payment,online,9
6250,690,2025-05-20,1509.6,transfer,atm,5
6251,363,2025-09-12,2768.99,transfer,branch,6
6252,343,2023-11-05,1870.28,withdraw,atm,12
6253,968,2025-08-24,3846.57,transfer,online,10
6254,125,2024-11-05,1021.09,withdraw,mobile,10
6255,556,2025-04-19,1792.47,payment,online,4
6256,966,2024-12-06,2111.77,withdraw,online,5
6257,146,2023-12-13,3424.55,transfer,mobile,3
6258,12,2024-12-18,663.39,payment,mobile,14
6259,872,2025-02-13,49.14,payment,online,5
6260,137,2025-06-04,2359.89,transfer,branch,17
6261,161,2024-12-09,519.57,deposit,online,1
6262,477,2024-09-19,2302.8,transfer,atm,2
6263,957,2024-11-26,3652.72,deposit,online,8
6264,134,2024-04-19,440.15,transfer,branch,2
6265,243,2025-03-04,1551.38,withdraw,atm,6
6266,525,2024-11-12,2536.19,deposit,branch,9
6267,990,2025-04-30,2234.37,withdraw,online,19
6268,976,2024-02-08,4367.59,withdraw,online,12
6269,545,2024-05-28,1550.52,deposit,atm,10
6270,328,2024-09-25,3393.14,payment,branch,10
6271,840,2024-01-17,202.06,transfer,online,17
6272,269,2024-10-31,4808.0,payment,atm,19
6273,925,2025-04-17,2542.13,deposit,online,9
6274,390,2025-03-31,616.45,payment,branch,16
6275,163,2024-03-19,2170.98,transfer,atm,11
6276,955,2025-02-18,2939.93,deposit,mobile,10
6277,667,2024-04-18,1523.26,payment,online,4
6278,257,2025-06-12,1786.87,transfer,mobile,8
6279,63,2023-12-09,4565.3,payment,atm,13
6280,926,2024-05-21,2674.05,transfer,mobile,19
6281,627,2025-08-07,4235.58,transfer,atm,3
6282,651,2025-04-12,1108.84,deposit,atm,15
6283,627,2025-08-21,872.15,transfer,branch,6
6284,639,2024-10-08,2630.86,transfer,branch,5
6285,225,2024-08-20,2856.48,deposit,branch,12
6286,375,2024-07-01,2393.56,transfer,atm,13
6287,856,2023-12-08,3493.72,payment,branch,16
6288,457,2025-01-28,2865.75,payment,mobile,15
6289,711,2024-04-07,2758.67,transfer,atm,11
6290,764,2025-09-29,2962.29,payment,branch,2
6291,60,2023-11-06,2294.87,transfer,online,16
6292,174,2025-08-22,3318.1,payment,mobile,18
6293,708,2024-06-11,2217.45,transfer,mobile,14
6294,766,2024-07-24,2594.68,withdraw,mobile,5
6295,251,2024-06-19,80.66,transfer,online,3
6296,739,2025-01-16,120.32,payment,branch,18
6297,478,2024-03-10,2627.57,deposit,mobile,7
6298,891,2023-11-05,1914.18,payment,branch,14
6299,906,2024-11-02,2758.01,withdraw,mobile,6
6300,342,2025-03-10,3199.52,withdraw,online,10
6301,74,2025-01-26,4248.29,withdraw,branch,2
6302,922,2023-11-26,927.9,deposit,atm,19
6303,381,2025-07-27,1528.7,withdraw,branch,8
6304,749,2024-07-17,361.83,payment,online,19
6305,899,2023-12-10,534.38,withdraw,branch,8
6306,377,2024-07-18,3159.14,deposit,branch,5
6307,595,2024-08-04,3962.46,withdraw,mobile,11
6308,891,2024-02-13,2859.04,deposit,atm,7
6309,160,2023-10-12,1024.98,withdraw,branch,11
6310,302,2024-01-16,1624.95,payment,mobile,3
6311,848,2023-10-18,957.78,transfer,atm,6
6312,349,2024-02-17,4008.46,transfer,atm,2
6313,504,2024-11-20,2220.52,payment,mobile,13
6314,630,2024-09-01,2444.11,payment,branch,1
6315,500,2024-11-09,1075.16,deposit,mobile,1
6316,625,2024-07-02,4772.12,transfer,mobile,2
6317,459,2025-07-12,1489.7,transfer,branch,16
6318,212,2024-03-19,3005.4,deposit,online,4
6319,93,2024-04-02,1674.34,transfer,online,2
6320,732,2023-11-09,362.51,payment,branch,9
6321,980,2023-10-29,126.86,deposit,online,11
6322,350,2025-04-14,409.27,payment,mobile,15
6323,921,2024-11-26,2224.36,transfer,atm,11
6324,778,2024-02-18,787.42,deposit,online,13
6325,208,2024-02-14,1042.64,deposit,mobile,4
6326,873,2025-03-24,1383.49,payment,atm,14
6327,462,2024-07-31,3317.07,payment,branch,7
6328,1000,2025-03-10,54.65,deposit,mobile,19
6329,598,2025-08-19,3501.9,payment,mobile,6
6330,737,2024-01-11,1452.52,withdraw,branch,8
6331,286,2025-03-20,510.89,withdraw,branch,11
6332,5,2023-12-05,2673.77,transfer,online,4
6333,776,2024-05-06,3374.23,deposit,mobile,8
6334,531,2025-06-22,3395.34,withdraw,mobile,4
6335,640,2025-02-24,1869.78,payment,mobile,13
6336,602,2023-10-07,394.57,deposit,atm,2
6337,518,2023-12-21,126.3,withdraw,online,13
6338,650,2024-05-08,1204.46,payment,mobile,8
6339,57,2025-02-07,855.4,withdraw,atm,19
6340,868,2025-06-03,4251.94,deposit,atm,2
6341,860,2023-12-07,2388.9,withdraw,mobile,14
6342,705,2024-01-29,1636.69,deposit,branch,18
6343,831,2024-09-02,380.59,withdraw,online,2
6344,336,2024-06-10,3633.91,payment,branch,5
6345,497,2023-11-19,69.31,transfer,atm,18
6346,461,2024-11-23,3982.27,payment,branch,12
6347,518,2024-04-28,3070.55,withdraw,atm,14
6348,701,2024-10-19,609.54,deposit,atm,19
6349,283,2024-12-01,1841.07,transfer,branch,13
6350,917,2024-01-27,3205.52,payment,mobile,1
6351,95,2025-05-14,2335.72,deposit,atm,15
6352,601,2024-07-06,848.82,payment,atm,8
6353,467,2025-03-02,2185.97,deposit,mobile,12
6354,2,2024-12-06,2920.67,transfer,mobile,14
6355,802,2024-12-07,823.65,deposit,online,12
6356,874,2025-02-03,1921.61,withdraw,branch,15
6357,261,2024-01-12,277.08,withdraw,mobile,4
6358,896,2024-10-30,5160.07,transfer,online,1
6359,353,2025-10-04,1267.46,withdraw,atm,12
6360,757,2024-12-20,3797.78,transfer,online,10
6361,936,2023-10-13,2058.66,transfer,branch,4
6362,417,2024-11-05,2396.9,transfer,online,5
6363,573,2025-02-25,1822.96,payment,atm,19
6364,351,2024-12-09,3138.9,payment,atm,6
6365,972,2025-03-30,1389.25,withdraw,atm,3
6366,636,2025-09-07,672.65,transfer,mobile,4
6367,287,2023-11-03,1618.46,payment,online,15
6368,735,2024-09-18,1907.65,payment,branch,6
6369,541,2025-09-23,898.99,payment,branch,13
6370,62,2024-03-02,4542.32,withdraw,mobile,1
6371,297,2024-11-13,1131.88,payment,mobile,11
6372,357,2024-10-20,1839.12,withdraw,atm,3
6373,478,2023-12-28,2689.89,payment,atm,5
6374,259,2025-05-05,2636.54,deposit,atm,5
6375,201,2024-10-23,28.08,withdraw,branch,7
6376,95,2025-02-10,1562.43,transfer,branch,8
6377,387,2025-02-14,468.98,withdraw,branch,15
6378,522,2024-07-19,3048.91,payment,mobile,3
6379,367,2023-11-12,2017.33,transfer,atm,3
6380,13,2025-05-31,747.23,transfer,branch,8
6381,789,2024-10-23,2181.72,withdraw,atm,10
6382,563,2024-11-16,3681.28,payment,mobile,14
6383,43,2025-05-23,2968.02,withdraw,atm,13
6384,60,2025-08-11,1871.76,transfer,branch,13
6385,62,2023-10-30,63.81,transfer,online,4
6386,16,2024-01-23,1081.89,transfer,branch,16
6387,101,2024-02-25,695.56,deposit,mobile,3
6388,273,2024-05-29,2255.71,transfer,mobile,5
6389,175,2023-12-21,4773.93,deposit,atm,3
6390,836,2024-07-25,1910.21,transfer,online,3
6391,146,2024-10-20,3056.03,payment,mobile,1
6392,435,2024-04-02,121.36,withdraw,branch,12
6393,785,2025-09-11,2162.07,withdraw,branch,6
6394,782,2025-04-14,3127.24,withdraw,atm,15
6395,890,2024-02-28,2412.04,transfer,branch,19
6396,42,2025-01-23,2906.61,deposit,branch,7
6397,899,2024-11-09,1018.24,deposit,mobile,6
6398,744,2024-12-21,439.96,withdraw,atm,16
6399,50,2023-12-16,99.33,deposit,online,2
6400,52,2024-09-22,587.7,payment,atm,7
6401,337,2025-02-01,5316.2,transfer,online,1
6402,359,2024-07-18,1879.47,withdraw,mobile,16
6403,689,2024-11-07,1525.64,withdraw,atm,13
6404,350,2025-04-10,2464.67,payment,atm,15
6405,465,2025-08-20,754.68,withdraw,mobile,7
6406,967,2024-08-27,1953.88,withdraw,atm,14
6407,567,2024-03-29,2949.29,withdraw,online,9
6408,798,2024-02-16,800.37,transfer,online,16
6409,214,2024-10-20,3515.1,payment,online,7
6410,836,2024-02-25,1287.1,payment,atm,3
6411,97,2024-12-08,3298.42,deposit,atm,13
6412,458,2024-09-27,591.01,withdraw,online,3
6413,732,2023-12-21,1949.98,deposit,mobile,2
6414,375,2025-06-29,105.71,withdraw,branch,15
6415,155,2025-01-27,1826.51,transfer,online,11
6416,401,2025-07-08,2231.11,payment,branch,17
6417,620,2024-12-03,4146.96,withdraw,online,18
6418,475,2025-03-09,1457.71,deposit,mobile,4
6419,358,2024-04-20,2033.62,payment,branch,18
6420,472,2025-08-25,1008.23,deposit,mobile,5
6421,640,2023-12-30,2600.12,withdraw,mobile,10
6422,186,2025-08-08,1554.56,deposit,mobile,10
6423,295,2025-02-04,793.12,payment,branch,19
6424,861,2023-11-05,2924.58,deposit,mobile,18
6425,411,2023-11-21,3359.37,deposit,atm,14
6426,196,2024-03-01,1571.47,transfer,branch,6
6427,308,2024-01-31,2513.06,deposit,mobile,11
6428,122,2024-08-05,1984.56,withdraw,branch,14
6429,516,2025-04-19,4815.68,transfer,branch,15
6430,750,2025-02-02,2787.66,payment,online,12
6431,452,2024-12-28,1189.58,withdraw,atm,4
6432,954,2025-07-25,3810.82,transfer,mobile,9
6433,151,2025-01-05,127.63,transfer,online,18
6434,225,2023-12-08,1169.38,deposit,atm,14
6435,698,2025-01-23,1625.56,deposit,mobile,14
6436,718,2023-12-25,1300.69,withdraw,mobile,11
6437,928,2024-10-03,1412.12,transfer,branch,14
6438,920,2024-02-26,2968.92,payment,atm,5
6439,908,2023-12-18,3762.85,payment,online,16
6440,231,2023-12-25,957.13,transfer,mobile,4
6441,52,2023-10-21,1059.35,deposit,atm,8
6442,374,2024-07-29,1931.99,transfer,branch,9
6443,387,2025-02-28,1417.28,deposit,mobile,16
6444,12,2024-05-03,3119.72,withdraw,online,9
6445,565,2025-03-02,2037.27,deposit,branch,19
6446,403,2024-02-22,1979.14,transfer,branch,16
6447,199,2024-04-18,3485.0,transfer,online,16
6448,511,2024-02-26,1545.13,transfer,atm,3
6449,559,2023-12-21,3962.82,payment,mobile,19
6450,298,2024-06-11,1650.73,deposit,atm,12
6451,433,2025-06-25,1013.48,deposit,atm,11
6452,695,2023-11-16,499.11,transfer,atm,7
6453,781,2024-12-15,1420.92,withdraw,branch,18
6454,380,2023-10-07,1798.44,payment,mobile,19
6455,283,2024-04-28,3517.72,transfer,mobile,16
6456,465,2024-04-09,1614.6,transfer,mobile,1
6457,694,2024-03-25,2882.56,payment,branch,15
6458,740,2025-06-03,2035.55,transfer,branch,16
6459,439,2025-09-26,2800.47,transfer,mobile,8
6460,963,2024-04-06,2524.17,withdraw,atm,8
6461,172,2025-05-13,1284.44,withdraw,atm,13
6462,440,2025-05-10,5175.76,transfer,branch,19
6463,690,2024-09-15,762.54,transfer,mobile,16
6464,826,2024-04-07,1816.95,payment,atm,6
6465,3,2024-08-30,3367.09,deposit,branch,15
6466,184,2025-09-20,1632.26,deposit,mobile,16
6467,670,2025-07-06,2031.45,deposit,atm,10
6468,603,2024-05-12,3058.21,transfer,online,10
6469,482,2025-02-27,668.54,withdraw,branch,7
6470,868,2025-07-28,844.85,transfer,branch,10
6471,505,2025-02-23,3131.65,deposit,branch,13
6472,339,2024-04-21,2337.29,deposit,mobile,10
6473,847,2024-10-31,758.23,payment,online,18
6474,654,2025-01-02,93.63,deposit,online,17
6475,530,2025-04-13,244.06,payment,online,6
6476,416,2024-03-23,3142.4,payment,mobile,15
6477,404,2024-02-22,3257.05,withdraw,branch,5
6478,520,2025-06-15,1295.18,transfer,mobile,5
6479,1,2025-09-08,612.87,transfer,branch,4
6480,561,2024-03-31,2760.85,withdraw,branch,9
6481,814,2024-12-16,2306.21,withdraw,atm,6
6482,285,2024-04-14,1826.88,deposit,online,19
6483,624,2024-02-12,1797.4,deposit,online,6
6484,930,2024-03-13,2750.72,payment,branch,16
6485,155,2024-08-16,1283.59,transfer,atm,18
6486,964,2024-06-29,2469.36,withdraw,mobile,5
6487,701,2025-02-22,2134.92,deposit,mobile,8
6488,210,2025-09-12,4440.47,transfer,branch,11
6489,471,2024-09-04,3963.53,transfer,atm,10
6490,463,2025-08-10,873.71,withdraw,online,6
6491,944,2024-05-15,2256.53,deposit,online,11
6492,242,2024-12-16,3414.56,payment,atm,7
6493,188,2023-12-11,2521.42,deposit,online,12
6494,487,2024-04-05,774.5,transfer,branch,13
6495,764,2025-01-11,3495.27,transfer,mobile,4
6496,3,2024-05-16,2599.75,payment,mobile,12
6497,389,2024-02-25,2003.68,withdraw,atm,14
6498,739,2024-06-25,747.8,transfer,atm,11
6499,337,2024-04-02,3099.31,withdraw,mobile,15
6500,958,2025-09-09,3127.62,transfer,mobile,5
6501,583,2024-09-09,30.28,withdraw,online,18
6502,351,2024-10-08,3793.42,deposit,atm,11
6503,399,2025-06-02,1698.99,withdraw,online,7
6504,616,2024-07-23,47.3,payment,atm,3
6505,618,2025-07-30,1077.2,transfer,atm,8
6506,82,2025-01-20,1810.83,transfer,mobile,7
6507,133,2024-07-17,340.92,transfer,online,7
6508,952,2023-11-16,1005.08,withdraw,branch,14
6509,694,2025-03-18,649.38,payment,atm,7
6510,451,2025-05-03,3449.91,payment,branch,17
6511,907,2025-03-22,2846.88,withdraw,atm,11
6512,505,2024-11-27,2471.06,withdraw,mobile,11
6513,548,2024-11-07,2074.13,withdraw,mobile,17
6514,923,2025-09-24,1926.57,payment,branch,6
6515,300,2025-01-09,2643.0,payment,branch,7
6516,416,2025-06-20,2930.9,deposit,branch,3
6517,148,2024-01-01,737.28,transfer,atm,18
6518,34,2024-06-18,3137.96,transfer,online,10
6519,367,2024-04-14,2483.76,withdraw,atm,12
6520,168,2024-11-16,3208.64,transfer,branch,2
6521,209,2024-12-18,3353.35,deposit,atm,14
6522,472,2025-09-19,3618.39,deposit,atm,18
6523,630,2025-03-06,2905.36,transfer,online,19
6524,946,2025-04-12,191.84,transfer,atm,14
6525,592,2024-10-01,2681.7,transfer,atm,8
6526,546,2024-01-27,3107.78,deposit,mobile,12
6527,339,2024-08-22,2083.0,withdraw,mobile,12
6528,207,2024-06-13,2250.7,transfer,mobile,8
6529,642,2024-03-28,85.11,deposit,branch,10
6530,155,2024-08-15,396.46,transfer,branch,4
6531,964,2025-03-27,3541.31,transfer,branch,8
6532,212,2025-02-15,2114.47,transfer,atm,17
6533,755,2025-04-20,1127.29,transfer,mobile,12
6534,913,2025-07-17,1961.59,deposit,branch,4
6535,646,2024-04-21,1314.63,withdraw,branch,11
6536,860,2024-01-21,864.28,withdraw,online,9
6537,308,2025-02-13,1116.56,deposit,mobile,8
6538,293,2025-04-21,3189.26,deposit,branch,6
6539,80,2024-06-30,1045.48,transfer,online,15
6540,664,2025-09-05,2169.97,deposit,atm,6
6541,503,2024-01-28,3053.49,withdraw,online,19
6542,151,2025-07-27,521.36,payment,mobile,5
6543,964,2025-05-26,495.41,payment,branch,16
6544,887,2024-08-18,1524.04,withdraw,online,7
6545,216,2024-04-05,302.41,deposit,online,11
6546,307,2023-10-25,1395.35,deposit,atm,13
6547,621,2024-05-09,385.86,deposit,mobile,9
6548,237,2025-03-25,2595.44,deposit,mobile,12
6549,505,2024-05-22,1657.18,deposit,branch,17
6550,874,2024-03-02,1487.75,payment,mobile,8
6551,476,2024-07-25,3357.54,deposit,branch,9
6552,568,2025-01-19,2461.14,deposit,branch,11
6553,990,2024-02-09,2145.77,transfer,online,3
6554,714,2025-07-24,1302.17,transfer,mobile,14
6555,557,2025-10-01,1886.99,payment,atm,2
6556,792,2025-05-20,1612.75,payment,atm,5
6557,107,2024-11-02,66.67,payment,branch,15
6558,313,2024-06-24,768.62,payment,branch,11
6559,327,2025-08-04,2144.92,payment,branch,11
6560,858,2025-02-13,679.66,payment,branch,11
6561,493,2025-02-01,2131.66,transfer,mobile,16
6562,5,2024-11-09,4858.36,transfer,online,3
6563,349,2024-04-28,2127.77,transfer,mobile,19
6564,383,2023-11-11,1806.34,transfer,branch,9
6565,653,2024-03-18,1573.39,transfer,online,9
6566,617,2024-01-12,2083.79,transfer,mobile,18
6567,943,2023-11-04,2207.37,transfer,online,14
6568,115,2024-06-12,543.16,transfer,atm,5
6569,350,2024-10-28,3283.87,deposit,branch,7
6570,669,2025-07-25,79.22,deposit,atm,7
6571,383,2023-11-29,957.59,withdraw,branch,9
6572,271,2024-01-02,1723.21,payment,online,2
6573,387,2025-01-15,661.31,withdraw,online,8
6574,213,2024-08-20,1117.92,transfer,atm,13
6575,616,2024-03-31,1085.03,payment,atm,17
6576,22,2025-01-13,1549.37,withdraw,mobile,8
6577,475,2024-11-22,3447.79,transfer,mobile,8
6578,361,2023-12-09,2495.66,deposit,online,9
6579,352,2025-09-16,3469.98,transfer,mobile,18
6580,395,2024-07-07,811.14,transfer,atm,6
6581,449,2024-12-11,390.55,withdraw,atm,10
6582,224,2025-02-12,1651.55,deposit,mobile,15
6583,441,2025-02-26,2078.07,deposit,branch,4
6584,184,2025-02-06,4212.0,deposit,atm,2
6585,296,2024-12-17,2607.1,transfer,branch,4
6586,648,2024-09-09,1937.3,payment,atm,14
6587,925,2025-03-03,976.92,payment,atm,9
6588,514,2024-11-25,449.18,deposit,atm,15
6589,732,2025-08-05,1262.88,payment,branch,12
6590,818,2024-11-20,2524.25,deposit,branch,8
6591,345,2025-07-24,126.95,withdraw,mobile,8
6592,872,2023-12-10,2793.61,withdraw,branch,9
6593,526,2025-01-31,805.61,withdraw,branch,14
6594,406,2024-08-31,2577.28,deposit,online,12
6595,55,2025-02-07,285.38,withdraw,branch,7
6596,962,2024-06-01,1953.34,deposit,atm,8
6597,748,2025-08-26,523.05,deposit,mobile,14
6598,676,2024-01-10,3851.5,deposit,mobile,15
6599,404,2025-07-02,3160.69,transfer,mobile,4
6600,946,2024-12-25,3657.4,payment,online,10
6601,258,2023-12-17,1069.55,deposit,branch,17
6602,699,2023-10-16,1453.59,deposit,branch,11
6603,838,2024-12-10,2978.59,transfer,branch,5
6604,495,2023-11-16,2201.27,transfer,atm,8
6605,647,2023-12-08,3955.35,withdraw,atm,1
6606,450,2024-11-03,1762.59,payment,branch,1
6607,777,2025-08-27,3359.82,withdraw,branch,7
6608,974,2025-04-30,1006.99,deposit,branch,19
6609,317,2024-05-08,1811.67,transfer,branch,19
6610,532,2025-09-24,2170.13,transfer,mobile,16
6611,331,2024-11-06,2475.53,deposit,mobile,5
6612,971,2025-02-12,2747.2,transfer,mobile,11
6613,741,2024-11-09,3116.61,withdraw,atm,8
6614,531,2024-04-24,2373.69,payment,mobile,5
6615,114,2025-06-02,2553.43,transfer,online,7
6616,875,2024-02-17,251.4,withdraw,atm,7
6617,660,2024-11-20,1695.18,withdraw,branch,2
6618,122,2024-05-06,2719.12,payment,mobile,10
6619,28,2024-08-14,411.47,withdraw,branch,3
6620,436,2024-10-28,2355.01,withdraw,branch,15
6621,438,2025-03-19,1368.64,transfer,atm,9
6622,359,2024-08-24,225.9,transfer,online,2
6623,751,2024-05-27,876.55,payment,atm,3
6624,604,2025-03-24,2872.97,deposit,branch,4
6625,545,2025-04-28,705.61,payment,online,4
6626,94,2024-10-20,2312.07,transfer,branch,15
6627,550,2023-12-30,5016.37,transfer,online,9
6628,152,2024-01-14,3429.06,withdraw,branch,11
6629,105,2025-04-26,2528.8,payment,branch,6
6630,132,2024-04-27,3800.79,payment,online,10
6631,374,2023-12-28,2365.5,withdraw,mobile,7
6632,696,2024-10-31,1707.89,withdraw,mobile,15
6633,883,2024-11-13,2431.86,deposit,mobile,7
6634,586,2025-07-25,817.75,payment,atm,8
6635,160,2025-02-15,2994.19,deposit,mobile,6
6636,596,2025-10-05,3151.14,deposit,online,8
6637,621,2024-05-28,1486.41,deposit,branch,8
6638,319,2025-02-18,2524.61,withdraw,atm,13
6639,460,2024-09-23,2653.39,transfer,online,4
6640,438,2024-05-14,2416.87,payment,online,15
6641,605,2024-06-07,4669.49,payment,online,4
6642,33,2024-08-18,3609.39,withdraw,mobile,11
6643,959,2024-06-10,2356.13,payment,online,2
6644,521,2025-09-04,2958.28,withdraw,mobile,6
6645,402,2023-12-09,1683.56,transfer,mobile,1
6646,397,2023-12-11,2125.14,payment,atm,10
6647,276,2025-07-11,2736.43,transfer,branch,17
6648,773,2024-09-14,1748.93,payment,branch,17
6649,75,2024-06-07,203.08,deposit,mobile,2
6650,149,2024-05-07,185.53,withdraw,mobile,18
6651,7,2024-04-18,75.03,withdraw,branch,12
6652,937,2023-10-10,1551.67,deposit,atm,2
6653,722,2024-05-26,73.79,withdraw,online,13
6654,355,2025-01-29,1107.54,transfer,atm,3
6655,116,2024-11-03,2727.38,payment,atm,13
6656,791,2025-08-20,3124.71,transfer,branch,10
6657,642,2024-05-21,424.55,withdraw,atm,9
6658,681,2025-07-13,2671.16,withdraw,mobile,10
6659,22,2024-03-26,2510.71,transfer,online,17
6660,164,2024-01-13,550.1,payment,online,13
6661,856,2025-04-08,1776.77,withdraw,online,11
6662,394,2024-01-27,1889.02,transfer,mobile,16
6663,974,2024-11-29,4150.04,deposit,mobile,5
6664,305,2024-10-27,1386.93,withdraw,mobile,17
6665,361,2024-05-05,803.18,payment,atm,2
6666,226,2025-09-04,2543.95,withdraw,online,9
6667,478,2025-09-18,1245.42,transfer,online,7
6668,348,2023-11-07,2249.0,deposit,atm,4
6669,290,2024-05-20,2410.14,deposit,online,19
6670,565,2025-02-26,7.71,withdraw,mobile,7
6671,447,2023-10-29,4310.14,deposit,atm,5
6672,599,2024-05-09,2946.67,deposit,mobile,5
6673,221,2024-07-08,3462.72,deposit,atm,13
6674,223,2023-11-28,4781.52,deposit,atm,3
6675,181,2024-11-21,1711.48,payment,online,12
6676,505,2025-04-05,3372.81,deposit,online,4
6677,62,2024-03-31,1424.05,deposit,atm,12
6678,40,2025-07-14,967.81,payment,online,9
6679,878,2024-11-04,1898.34,withdraw,mobile,10
6680,216,2025-01-23,234.7,deposit,atm,18
6681,58,2024-10-27,3230.06,deposit,online,17
6682,640,2024-10-23,1765.41,deposit,branch,10
6683,192,2024-06-24,643.02,payment,mobile,19
6684,501,2024-07-15,1681.68,payment,online,10
6685,294,2025-03-23,1580.93,withdraw,mobile,7
6686,537,2024-03-01,438.03,withdraw,atm,15
6687,579,2024-04-17,1370.22,withdraw,atm,8
6688,631,2024-11-10,1524.33,withdraw,mobile,5
6689,401,2024-03-26,3839.04,deposit,atm,6
6690,707,2024-02-22,369.12,withdraw,mobile,8
6691,414,2023-10-22,2704.19,withdraw,online,11
6692,388,2024-11-24,2274.01,deposit,mobile,8
6693,532,2023-11-29,1477.51,deposit,branch,9
6694,535,2025-04-01,1751.57,payment,branch,14
6695,190,2024-12-09,2631.36,deposit,atm,6
6696,629,2025-08-07,3216.58,deposit,mobile,6
6697,35,2025-03-16,2460.38,deposit,atm,4
6698,203,2025-02-09,4095.63,deposit,mobile,5
6699,711,2025-06-24,3467.47,withdraw,branch,13
6700,525,2025-08-27,2560.79,deposit,mobile,17
6701,730,2025-08-07,3426.32,payment,mobile,5
6702,324,2024-11-25,3994.9,transfer,atm,13
6703,644,2024-10-19,593.14,payment,branch,18
6704,980,2025-09-14,2892.08,transfer,atm,13
6705,105,2024-05-14,1818.64,payment,branch,1
6706,343,2024-09-20,3012.15,deposit,mobile,9
6707,831,2025-06-01,549.98,deposit,mobile,11
6708,759,2024-06-24,1202.86,withdraw,online,12
6709,34,2025-07-28,3069.89,withdraw,branch,12
6710,795,2025-07-29,111.94,transfer,online,3
6711,371,2024-12-29,3175.78,transfer,mobile,19
6712,665,2023-12-22,1913.41,deposit,branch,19
6713,553,2025-06-17,3203.45,deposit,branch,2
6714,88,2023-10-20,1334.77,transfer,online,19
6715,481,2025-02-27,2923.45,transfer,mobile,1
6716,235,2023-10-29,2518.42,transfer,mobile,7
6717,290,2025-08-22,1484.84,withdraw,atm,2
6718,915,2025-07-24,3523.05,payment,atm,8
6719,245,2025-02-11,2629.11,payment,atm,1
6720,568,2024-05-06,3785.76,withdraw,online,14
6721,200,2025-03-15,1317.0,deposit,mobile,14
6722,44,2024-04-05,1462.06,transfer,online,5
6723,337,2025-04-21,275.5,transfer,mobile,10
6724,110,2023-10-09,1794.92,deposit,branch,6
6725,843,2025-04-05,731.53,withdraw,online,15
6726,930,2024-11-07,2225.66,payment,mobile,19
6727,276,2024-09-22,2272.19,deposit,mobile,4
6728,786,2025-05-19,543.6,payment,mobile,3
6729,542,2024-03-03,986.1,deposit,mobile,15
6730,425,2024-11-08,2853.28,withdraw,mobile,2
6731,474,2024-08-05,3674.66,payment,mobile,16
6732,582,2025-02-13,2364.61,payment,online,10
6733,927,2023-12-28,1106.87,deposit,branch,19
6734,949,2024-10-11,3708.13,deposit,online,3
6735,524,2025-01-23,2098.65,deposit,branch,3
6736,87,2024-08-18,330.41,withdraw,branch,5
6737,741,2025-04-27,1839.4,payment,online,13
6738,200,2025-02-27,341.3,payment,mobile,16
6739,508,2024-01-20,1720.35,withdraw,atm,1
6740,385,2023-11-02,3279.19,withdraw,online,16
6741,746,2024-12-26,3200.05,transfer,mobile,9
6742,643,2025-06-16,2636.18,transfer,online,7
6743,33,2024-10-24,1452.95,withdraw,mobile,11
6744,487,2025-10-03,1331.53,deposit,mobile,14
6745,261,2025-04-26,2711.46,deposit,atm,13
6746,165,2024-05-19,2296.63,payment,atm,4
6747,161,2024-02-16,1317.43,transfer,mobile,7
6748,361,2024-09-27,2155.82,deposit,mobile,13
6749,701,2024-11-19,715.18,deposit,online,19
6750,734,2024-12-03,856.46,withdraw,online,5
6751,443,2024-11-20,3100.77,withdraw,branch,10
6752,678,2025-09-02,3066.3,transfer,atm,17
6753,371,2025-08-04,4557.3,transfer,atm,13
6754,88,2025-06-26,3172.82,transfer,online,19
6755,106,2025-02-05,2136.7,payment,mobile,9
6756,352,2023-10-19,2924.88,withdraw,branch,14
6757,113,2023-12-07,1570.17,transfer,mobile,19
6758,166,2025-04-28,1777.33,withdraw,atm,14
6759,220,2024-10-09,1838.46,deposit,branch,9
6760,953,2024-06-26,3504.72,transfer,branch,18
6761,722,2025-03-04,2381.45,withdraw,branch,11
6762,875,2025-01-21,5463.59,transfer,atm,10
6763,520,2025-03-01,2605.58,payment,online,16
6764,822,2025-09-17,2237.11,payment,branch,17
6765,604,2025-07-20,1600.91,transfer,mobile,18
6766,638,2024-01-06,3413.68,withdraw,branch,6
6767,940,2025-07-01,4406.92,payment,branch,16
6768,88,2024-09-12,3515.63,deposit,mobile,6
6769,64,2024-09-20,1377.44,deposit,mobile,6
6770,518,2024-04-26,2878.72,deposit,branch,5
6771,313,2024-05-01,711.25,withdraw,branch,17
6772,42,2023-12-25,1280.87,withdraw,online,19
6773,657,2024-03-06,2502.49,deposit,atm,9
6774,942,2024-08-17,2147.99,transfer,online,14
6775,148,2025-03-18,205.71,deposit,atm,14
6776,863,2024-05-25,3685.06,deposit,branch,14
6777,890,2024-11-26,2345.05,transfer,branch,19
6778,822,2024-11-26,1529.13,transfer,online,11
6779,540,2024-04-06,2159.95,withdraw,online,6
6780,160,2024-06-24,3849.76,payment,online,12
6781,966,2025-01-12,2954.04,deposit,mobile,13
6782,368,2024-04-11,3341.8,transfer,online,1
6783,71,2024-10-31,2088.37,deposit,online,12
6784,99,2025-05-01,1058.67,deposit,branch,6
6785,295,2023-11-05,2662.43,transfer,atm,15
6786,438,2024-10-01,1833.12,withdraw,atm,3
6787,368,2024-06-01,4139.88,deposit,atm,10
6788,767,2024-06-28,1324.63,withdraw,atm,3
6789,346,2024-08-20,3878.98,deposit,branch,13
6790,365,2024-06-01,2745.05,payment,branch,14
6791,267,2025-03-17,2359.0,withdraw,online,6
6792,105,2024-07-08,1638.18,deposit,branch,16
6793,474,2025-01-05,648.65,deposit,atm,10
6794,875,2025-08-01,1824.98,withdraw,online,11
6795,914,2023-10-24,1507.97,withdraw,atm,4
6796,823,2023-11-23,1930.21,withdraw,atm,5
6797,367,2024-11-19,2532.05,withdraw,online,7
6798,294,2025-03-13,2844.06,transfer,atm,19
6799,342,2024-03-12,3706.57,deposit,branch,13
6800,576,2023-12-11,1537.14,payment,mobile,7
6801,934,2024-03-30,124.93,transfer,branch,1
6802,410,2024-07-02,3210.5,payment,online,9
6803,727,2023-12-25,704.08,deposit,atm,19
6804,333,2025-03-18,1464.22,withdraw,atm,2
6805,570,2024-10-09,2805.41,deposit,branch,2
6806,101,2024-06-16,738.64,withdraw,online,3
6807,250,2024-08-25,2900.81,deposit,online,3
6808,490,2024-05-05,1798.62,deposit,mobile,16
6809,841,2025-03-22,1584.63,withdraw,atm,12
6810,404,2023-10-20,279.35,payment,atm,5
6811,961,2023-11-05,1972.62,transfer,online,13
6812,303,2024-01-31,2368.89,withdraw,branch,13
6813,473,2025-07-07,2671.13,withdraw,mobile,16
6814,964,2023-10-26,3101.07,transfer,mobile,6
6815,625,2025-04-18,490.68,payment,atm,2
6816,388,2024-10-23,3315.58,transfer,atm,13
6817,614,2025-08-31,3524.56,transfer,online,3
6818,865,2024-01-17,763.1,transfer,atm,13
6819,270,2025-08-11,3016.35,withdraw,mobile,4
6820,810,2024-01-11,2083.08,deposit,atm,13
6821,767,2023-11-29,1259.26,deposit,mobile,12
6822,912,2024-01-15,484.35,deposit,online,11
6823,449,2024-09-11,1284.39,transfer,atm,15
6824,907,2025-04-10,1087.72,deposit,branch,12
6825,884,2024-01-25,2605.74,deposit,mobile,16
6826,70,2024-04-12,1188.95,withdraw,mobile,11
6827,801,2023-12-22,3107.29,withdraw,branch,8
6828,665,2025-05-26,2366.91,transfer,atm,6
6829,393,2024-03-31,2073.56,withdraw,online,12
6830,406,2024-02-23,468.92,withdraw,online,15
6831,55,2024-05-02,991.43,transfer,branch,8
6832,393,2024-02-18,3485.88,payment,online,3
6833,673,2025-04-28,2167.94,deposit,atm,2
6834,353,2023-11-09,1603.7,payment,online,3
6835,324,2024-11-19,1813.51,withdraw,branch,10
6836,460,2024-07-26,2428.25,deposit,atm,8
6837,956,2024-02-14,1713.81,withdraw,online,2
6838,262,2024-05-12,3252.69,withdraw,atm,12
6839,537,2025-03-04,67.17,payment,online,16
6840,228,2025-02-26,2463.45,payment,atm,13
6841,456,2025-06-09,3114.02,deposit,atm,18
6842,148,2025-03-30,605.96,transfer,mobile,15
6843,699,2024-07-01,2784.61,deposit,branch,7
6844,919,2024-08-14,1015.91,deposit,online,3
6845,146,2025-05-27,4410.55,withdraw,branch,13
6846,420,2025-08-22,1666.84,payment,atm,11
6847,987,2025-01-03,911.91,deposit,branch,10
6848,395,2024-05-25,2449.62,deposit,branch,18
6849,57,2024-04-08,1262.68,withdraw,branch,4
6850,85,2024-03-10,3133.08,payment,branch,8
6851,641,2025-03-18,906.07,withdraw,atm,18
6852,834,2025-02-01,1399.06,deposit,mobile,5
6853,552,2025-04-15,3841.24,payment,mobile,9
6854,98,2024-10-01,3108.42,deposit,branch,11
6855,783,2024-12-05,3120.01,payment,atm,6
6856,724,2024-12-25,1576.44,withdraw,branch,10
6857,652,2024-04-13,718.16,deposit,branch,18
6858,95,2024-02-17,2647.46,deposit,atm,5
6859,196,2023-11-03,2700.36,withdraw,atm,5
6860,147,2024-03-18,2274.59,withdraw,mobile,8
6861,101,2025-02-02,1189.63,payment,branch,5
6862,929,2025-01-30,1841.25,transfer,atm,19
6863,913,2024-05-05,4379.89,payment,mobile,3
6864,283,2024-10-20,2339.04,payment,branch,1
6865,935,2023-11-19,1617.92,deposit,mobile,3
6866,505,2025-03-12,2872.74,deposit,branch,17
6867,673,2024-07-16,1471.2,transfer,online,13
6868,240,2024-12-11,3380.75,transfer,mobile,1
6869,572,2024-03-23,273.5,transfer,mobile,18
6870,5,2024-03-05,2404.09,deposit,online,9
6871,160,2025-06-27,2426.24,transfer,atm,13
6872,610,2024-08-29,3344.39,deposit,branch,5
6873,129,2024-05-01,1108.05,payment,atm,13
6874,358,2025-04-04,4018.54,withdraw,mobile,11
6875,983,2023-10-14,1799.13,deposit,atm,1
6876,371,2024-10-02,4161.67,deposit,branch,6
6877,230,2025-05-31,3225.25,withdraw,mobile,1
6878,89,2025-08-27,3185.02,withdraw,online,9
6879,375,2025-07-15,2348.87,transfer,online,2
6880,830,2025-01-31,1395.46,withdraw,mobile,7
6881,992,2023-11-03,2665.58,transfer,online,2
6882,277,2024-05-18,419.34,payment,branch,17
6883,859,2025-10-03,2753.0,deposit,mobile,13
6884,304,2024-10-30,1830.87,payment,atm,12
6885,721,2024-02-18,1543.17,deposit,online,6
6886,320,2023-10-11,2030.85,deposit,online,10
6887,156,2024-03-11,3115.85,withdraw,branch,18
6888,68,2024-03-01,2672.31,payment,mobile,15
6889,791,2024-07-02,2113.8,deposit,branch,16
6890,463,2023-11-07,3095.76,payment,mobile,19
6891,158,2025-06-28,1918.41,withdraw,online,3
6892,307,2025-08-17,2669.51,transfer,mobile,3
6893,230,2025-09-18,1251.18,transfer,branch,12
6894,432,2024-12-01,1656.7,payment,atm,16
6895,938,2024-09-30,2169.06,transfer,mobile,11
6896,762,2024-05-06,2230.31,transfer,mobile,15
6897,818,2024-11-04,4655.86,payment,mobile,7
6898,811,2025-03-29,1890.78,payment,mobile,5
6899,129,2025-05-19,3984.13,transfer,online,12
6900,321,2024-08-31,1235.37,deposit,online,15
6901,382,2025-01-12,1859.86,withdraw,atm,18
6902,994,2025-06-19,2521.15,payment,branch,16
6903,24,2025-05-06,2234.52,withdraw,branch,7
6904,511,2025-02-02,2215.18,payment,mobile,17
6905,836,2025-04-16,1597.57,withdraw,branch,11
6906,543,2025-01-01,1364.48,deposit,online,4
6907,349,2025-08-02,1964.34,transfer,mobile,18
6908,3,2024-04-16,1935.73,withdraw,branch,7
6909,988,2024-03-05,541.03,payment,atm,3
6910,89,2023-11-24,707.0,transfer,atm,10
6911,428,2024-07-24,4397.93,deposit,mobile,5
6912,540,2025-01-15,713.39,deposit,online,9
6913,822,2024-08-15,4069.96,payment,mobile,6
6914,792,2024-05-20,2790.02,withdraw,branch,15
6915,493,2024-01-21,1633.22,transfer,atm,3
6916,789,2025-03-09,575.11,deposit,atm,18
6917,501,2024-11-13,1411.61,payment,online,17
6918,602,2024-09-29,1860.8,transfer,branch,15
6919,365,2024-06-27,2361.29,transfer,mobile,12
6920,108,2025-01-08,1432.11,withdraw,atm,15
6921,321,2023-10-26,1067.79,payment,mobile,16
6922,415,2023-11-30,889.24,withdraw,online,10
6923,665,2025-07-13,957.4,deposit,mobile,3
6924,830,2023-10-18,3005.86,transfer,atm,10
6925,230,2025-06-05,3559.32,withdraw,online,6
6926,399,2024-07-04,3693.33,withdraw,atm,6
6927,54,2023-12-19,2089.63,payment,branch,14
6928,320,2023-10-19,775.82,deposit,branch,17
6929,719,2025-09-22,1251.3,withdraw,branch,3
6930,929,2024-12-01,1013.6,withdraw,mobile,9
6931,544,2024-09-25,556.44,withdraw,branch,12
6932,371,2024-11-08,4141.98,transfer,atm,1
6933,506,2023-10-30,3254.24,transfer,branch,11
6934,23,2024-11-08,1812.65,payment,branch,15
6935,52,2024-09-24,1076.67,deposit,online,1
6936,838,2024-04-21,1195.15,deposit,atm,15
6937,697,2024-10-15,3467.52,payment,online,12
6938,694,2024-09-12,2485.56,withdraw,atm,14
6939,487,2023-12-29,991.27,deposit,mobile,18
6940,223,2024-11-22,2488.81,transfer,mobile,6
6941,844,2025-01-07,3557.32,transfer,atm,1
6942,605,2024-02-04,1625.26,transfer,mobile,14
6943,484,2025-06-19,1975.06,withdraw,branch,8
6944,894,2025-06-05,3967.16,deposit,branch,7
6945,459,2025-05-27,3592.69,transfer,branch,10
6946,834,2024-05-03,2462.6,transfer,branch,5
6947,80,2024-04-22,1909.9,payment,online,2
6948,171,2024-05-09,1625.11,withdraw,branch,1
6949,536,2024-02-10,1151.55,transfer,mobile,8
6950,597,2024-01-27,1432.54,transfer,mobile,5
6951,269,2024-05-16,2502.11,withdraw,mobile,5
6952,800,2025-04-24,2647.01,withdraw,online,2
6953,325,2024-10-05,709.27,transfer,atm,15
6954,739,2025-06-15,2436.78,payment,atm,1
6955,166,2025-04-24,1470.34,deposit,atm,6
6956,52,2025-07-12,1748.35,deposit,branch,3
6957,751,2025-09-30,3543.99,withdraw,atm,11
6958,824,2024-05-25,657.01,withdraw,branch,15
6959,182,2023-10-07,1300.51,withdraw,branch,14
6960,878,2023-11-05,2326.01,transfer,online,13
6961,89,2024-06-12,2229.35,payment,online,5
6962,189,2025-08-30,2302.63,transfer,online,2
6963,846,2025-09-02,2584.19,deposit,online,6
6964,981,2023-11-22,2616.87,withdraw,mobile,1
6965,93,2023-10-16,1429.59,withdraw,branch,8
6966,247,2024-03-02,1191.55,withdraw,online,4
6967,521,2025-08-02,397.59,payment,atm,5
6968,466,2025-07-19,700.04,payment,mobile,19
6969,517,2024-09-25,1164.4,withdraw,mobile,13
6970,587,2024-04-15,3054.27,deposit,mobile,13
6971,1000,2025-09-04,3324.85,transfer,atm,1
6972,39,2023-11-07,2617.04,withdraw,online,6
6973,538,2024-08-18,3139.59,transfer,atm,2
6974,278,2025-04-23,299.67,withdraw,branch,3
6975,46,2025-05-21,2209.8,deposit,atm,18
6976,703,2023-10-12,836.09,payment,branch,10
6977,349,2025-08-12,1297.78,deposit,online,19
6978,849,2024-05-15,2470.73,withdraw,branch,7
6979,923,2024-01-03,37.34,transfer,branch,14
6980,308,2024-04-07,2249.22,deposit,online,17
6981,904,2025-03-11,2075.93,deposit,mobile,6
6982,766,2025-07-14,1873.54,payment,branch,5
6983,434,2025-08-03,2116.91,withdraw,mobile,8
6984,841,2024-12-11,2335.38,transfer,branch,8
6985,670,2024-12-25,1963.1,payment,online,6
6986,760,2023-11-18,743.17,withdraw,mobile,18
6987,536,2024-12-10,1655.61,payment,mobile,14
6988,731,2025-08-30,1947.04,deposit,mobile,4
6989,765,2025-05-24,4087.14,deposit,branch,4
6990,286,2025-08-27,759.12,withdraw,atm,6
6991,764,2025-06-09,2676.36,payment,branch,11
6992,16,2025-07-08,1409.07,deposit,branch,16
6993,910,2024-04-08,2156.17,transfer,branch,10
6994,430,2024-01-11,2413.25,payment,mobile,9
6995,207,2024-04-30,3602.41,payment,branch,11
6996,37,2025-08-10,1781.11,withdraw,online,5
6997,130,2024-06-23,3324.83,transfer,atm,19
6998,4,2024-01-22,2374.06,transfer,branch,19
6999,154,2023-10-13,828.55,transfer,online,15
7000,629,2024-01-31,1393.05,deposit,online,19
7001,955,2025-07-20,1426.63,deposit,atm,6
7002,301,2025-05-06,649.09,transfer,atm,16
7003,744,2025-08-30,3958.69,transfer,online,12
7004,499,2023-10-30,1644.83,deposit,branch,3
7005,591,2025-02-22,3100.6,withdraw,online,4
7006,437,2024-01-06,1946.98,transfer,online,2
7007,519,2023-10-12,1660.37,transfer,mobile,7
7008,709,2024-10-05,1989.13,deposit,branch,10
7009,475,2025-08-16,2820.1,deposit,atm,18
7010,75,2023-12-19,1964.63,withdraw,branch,9
7011,303,2024-03-05,3779.86,deposit,online,3
7012,1000,2025-07-15,940.74,withdraw,mobile,2
7013,55,2025-03-07,1752.02,withdraw,atm,4
7014,683,2023-11-15,1995.11,payment,atm,17
7015,572,2024-03-17,1410.38,payment,branch,18
7016,672,2025-02-09,1175.0,transfer,branch,19
7017,155,2024-09-30,2058.6,transfer,atm,11
7018,979,2025-03-04,879.89,withdraw,atm,4
7019,565,2024-09-05,3261.84,payment,branch,9
7020,863,2024-08-30,2037.31,withdraw,branch,10
7021,954,2024-03-08,2761.1,transfer,online,19
7022,875,2024-05-10,482.42,transfer,online,12
7023,124,2023-12-07,2571.9,payment,branch,2
7024,521,2025-07-27,3088.81,withdraw,mobile,19
7025,833,2024-05-22,2184.11,withdraw,atm,17
7026,443,2025-03-15,560.45,deposit,atm,7
7027,762,2024-10-08,2132.13,withdraw,atm,8
7028,896,2024-03-02,637.38,deposit,mobile,19
7029,731,2024-06-10,270.41,withdraw,branch,11
7030,162,2024-12-05,3102.97,deposit,branch,19
7031,410,2024-04-08,2109.22,transfer,branch,5
7032,9,2025-08-17,2752.21,transfer,branch,10
7033,625,2025-05-24,1013.24,withdraw,online,18
7034,805,2025-04-03,4208.68,deposit,online,6
7035,560,2025-08-28,2033.6,transfer,online,5
7036,425,2025-06-29,726.94,deposit,online,13
7037,180,2025-05-26,358.48,withdraw,online,7
7038,609,2024-12-23,2707.16,withdraw,online,7
7039,862,2024-05-16,979.42,deposit,mobile,8
7040,794,2025-10-01,3033.38,deposit,mobile,17
7041,357,2023-11-30,3491.7,transfer,atm,8
7042,348,2024-07-24,2855.91,payment,atm,8
7043,513,2024-02-02,3699.85,transfer,atm,10
7044,996,2024-11-09,1996.79,deposit,online,1
7045,14,2025-07-03,2580.78,deposit,mobile,17
7046,184,2025-05-16,2148.99,payment,online,5
7047,850,2024-11-08,3118.13,deposit,branch,12
7048,584,2024-12-06,2555.41,transfer,branch,5
7049,263,2025-02-25,1664.57,payment,mobile,17
7050,107,2024-12-08,1577.65,withdraw,atm,2
7051,960,2025-01-09,1938.94,deposit,atm,4
7052,3,2025-03-11,896.23,withdraw,branch,10
7053,369,2025-05-09,4820.41,deposit,online,10
7054,321,2025-01-08,3524.97,payment,atm,4
7055,227,2024-05-14,2088.24,deposit,branch,6
7056,11,2025-06-21,3217.18,deposit,online,1
7057,637,2024-06-08,1157.93,withdraw,branch,15
7058,767,2025-04-21,1612.09,deposit,mobile,15
7059,707,2025-05-10,4157.36,payment,mobile,2
7060,593,2024-12-01,430.43,withdraw,branch,12
7061,895,2025-03-04,1932.29,transfer,branch,4
7062,756,2023-11-23,2999.33,withdraw,branch,14
7063,690,2023-12-13,2242.33,payment,atm,6
7064,60,2025-03-17,263.05,withdraw,branch,19
7065,74,2024-04-02,2341.81,deposit,atm,3
7066,628,2024-04-08,1520.02,transfer,online,6
7067,626,2024-05-13,1746.27,withdraw,online,14
7068,49,2024-02-15,2353.44,withdraw,branch,8
7069,447,2025-02-15,1969.83,withdraw,atm,5
7070,157,2025-04-28,2312.25,withdraw,branch,10
7071,779,2023-12-01,1879.8,deposit,mobile,10
7072,475,2023-12-14,788.26,payment,mobile,9
7073,349,2025-07-09,3633.01,transfer,online,10
7074,279,2025-05-07,2482.13,payment,branch,5
7075,82,2024-04-24,3329.79,transfer,atm,9
7076,781,2023-10-28,453.3,withdraw,mobile,7
7077,194,2024-11-28,1857.1,withdraw,mobile,6
7078,714,2025-07-09,652.84,withdraw,atm,15
7079,597,2024-05-17,1361.17,deposit,online,6
7080,492,2024-08-05,3162.35,payment,online,18
7081,812,2025-07-28,1042.09,transfer,atm,9
7082,381,2024-05-22,992.39,withdraw,mobile,8
7083,673,2025-08-06,1526.82,deposit,mobile,11
7084,468,2024-12-24,3508.68,transfer,mobile,15
7085,222,2024-08-22,3207.65,payment,mobile,8
7086,402,2024-02-14,2828.94,transfer,mobile,15
7087,106,2024-04-15,3729.19,withdraw,branch,19
7088,228,2024-11-18,2833.07,deposit,mobile,7
7089,668,2023-11-18,2638.56,payment,atm,16
7090,702,2025-04-22,2177.08,deposit,atm,1
7091,620,2024-08-16,2004.33,withdraw,mobile,2
7092,172,2024-12-23,3255.19,deposit,branch,2
7093,143,2024-07-19,689.72,deposit,mobile,13
7094,298,2024-06-16,3310.25,withdraw,mobile,3
7095,675,2025-02-04,2267.04,withdraw,online,9
7096,408,2023-10-09,2790.59,transfer,mobile,5
7097,941,2025-01-18,2494.97,withdraw,online,7
7098,548,2025-07-11,1806.83,transfer,mobile,9
7099,772,2024-04-18,2013.58,withdraw,atm,7
7100,548,2024-07-09,2608.29,transfer,online,6
7101,76,2025-09-02,2241.4,withdraw,branch,5
7102,68,2025-05-17,5042.81,transfer,atm,9
7103,675,2023-11-20,1184.08,payment,mobile,10
7104,992,2025-06-12,647.44,transfer,atm,17
7105,587,2024-10-13,2388.07,payment,branch,15
7106,924,2024-07-07,2060.11,transfer,mobile,13
7107,118,2024-06-16,1328.35,payment,online,6
7108,230,2023-12-01,1739.63,payment,atm,1
7109,579,2025-04-02,2211.2,transfer,online,19
7110,762,2025-05-13,2024.0,withdraw,online,13
7111,726,2023-12-21,1204.64,payment,branch,16
7112,314,2024-12-22,79.71,deposit,mobile,3
7113,135,2024-05-11,686.78,payment,mobile,10
7114,125,2024-03-10,3116.58,deposit,mobile,18
7115,954,2024-07-09,559.15,transfer,mobile,8
7116,103,2024-04-10,1897.95,transfer,mobile,13
7117,380,2024-12-09,3814.95,deposit,mobile,18
7118,958,2025-05-20,1072.07,transfer,branch,19
7119,650,2024-12-20,2554.34,payment,branch,4
7120,770,2024-02-17,2926.41,deposit,atm,17
7121,407,2025-07-06,759.3,transfer,online,4
7122,356,2025-01-04,2940.56,payment,mobile,6
7123,554,2023-11-10,1082.16,transfer,mobile,12
7124,554,2024-05-26,3709.87,transfer,online,19
7125,541,2025-06-27,2116.46,payment,mobile,8
7126,566,2024-06-01,2191.12,withdraw,online,2
7127,712,2025-02-18,1445.76,deposit,atm,16
7128,270,2025-07-27,1504.55,withdraw,atm,12
7129,616,2025-01-23,4112.05,deposit,branch,1
7130,920,2024-10-14,2078.2,transfer,mobile,6
7131,85,2025-05-21,700.25,transfer,branch,4
7132,205,2024-01-11,2306.52,payment,online,9
7133,671,2024-05-06,1420.06,transfer,online,9
7134,171,2025-04-29,3718.41,payment,mobile,9
7135,104,2025-01-24,1732.0,deposit,online,13
7136,472,2025-06-25,2521.49,payment,online,5
7137,608,2024-11-24,4321.05,payment,online,3
7138,282,2024-05-16,1361.54,payment,mobile,13
7139,954,2024-01-23,936.99,deposit,branch,15
7140,90,2025-06-13,1882.44,payment,mobile,15
7141,62,2024-05-04,1990.67,deposit,atm,14
7142,127,2024-07-01,65.16,transfer,online,18
7143,617,2025-01-13,920.2,payment,atm,2
7144,835,2023-10-16,2610.36,payment,online,12
7145,889,2025-05-15,1007.14,transfer,online,3
7146,421,2024-02-29,1660.35,payment,online,7
7147,214,2025-08-31,1479.74,transfer,online,7
7148,68,2024-10-08,1782.64,payment,online,5
7149,686,2025-06-21,1011.38,transfer,mobile,3
7150,234,2025-02-24,5159.23,payment,branch,10
7151,637,2023-12-06,1632.32,deposit,branch,16
7152,517,2025-09-20,2178.31,withdraw,online,4
7153,541,2025-07-12,1740.2,deposit,mobile,16
7154,791,2024-02-21,2597.84,transfer,online,6
7155,461,2025-09-29,2890.59,withdraw,online,8
7156,187,2025-08-01,3698.01,transfer,online,3
7157,732,2024-11-28,2649.97,transfer,online,14
7158,759,2025-04-11,1437.48,deposit,mobile,18
7159,323,2025-06-10,4560.32,withdraw,atm,2
7160,256,2025-07-22,1414.0,withdraw,mobile,17
7161,368,2024-06-27,3161.63,deposit,atm,11
7162,712,2024-11-23,1402.71,deposit,mobile,5
7163,642,2025-06-17,1246.98,withdraw,atm,16
7164,468,2025-04-09,2721.03,deposit,branch,15
7165,261,2025-03-26,2507.52,withdraw,branch,15
7166,907,2025-07-11,3800.74,withdraw,online,15
7167,124,2023-11-15,1654.32,transfer,atm,18
7168,655,2024-10-26,3408.73,transfer,branch,19
7169,72,2025-07-08,1935.15,deposit,online,8
7170,563,2023-12-14,2634.34,deposit,branch,1
7171,641,2025-02-17,2598.94,deposit,mobile,16
7172,732,2024-02-27,2808.14,payment,branch,17
7173,317,2025-08-12,892.55,payment,online,14
7174,368,2023-12-19,1284.28,transfer,branch,15
7175,971,2024-06-01,1863.42,transfer,online,9
7176,807,2025-05-14,2085.84,transfer,online,4
7177,154,2025-09-12,2572.37,withdraw,branch,19
7178,655,2024-06-02,1464.16,transfer,atm,17
7179,152,2024-05-14,559.21,withdraw,mobile,4
7180,706,2025-10-03,1925.77,deposit,mobile,2
7181,310,2024-11-14,1068.96,deposit,branch,8
7182,480,2024-01-04,3241.93,deposit,branch,12
7183,14,2025-03-31,1187.33,withdraw,branch,12
7184,184,2025-08-29,2143.27,deposit,mobile,8
7185,404,2024-08-15,1666.97,deposit,mobile,4
7186,799,2024-12-09,3705.73,transfer,branch,12
7187,47,2024-08-11,2103.05,withdraw,atm,19
7188,24,2025-03-31,1174.24,payment,atm,2
7189,239,2025-02-15,437.83,deposit,branch,7
7190,822,2023-12-09,2215.92,transfer,online,11
7191,725,2024-05-25,995.65,deposit,online,2
7192,834,2023-11-13,3588.51,deposit,mobile,19
7193,335,2024-04-19,1774.87,deposit,branch,14
7194,512,2024-01-27,779.73,transfer,atm,17
7195,911,2025-06-24,949.95,withdraw,atm,15
7196,212,2025-02-28,3651.09,transfer,atm,14
7197,987,2024-05-11,2193.56,withdraw,branch,9
7198,214,2023-11-08,1079.11,transfer,atm,4
7199,296,2024-02-04,2209.12,withdraw,branch,11
7200,305,2025-01-07,1959.07,payment,atm,8
7201,574,2025-07-15,2222.54,transfer,mobile,13
7202,607,2025-04-13,3969.51,transfer,atm,9
7203,85,2024-05-25,240.46,deposit,branch,18
7204,651,2025-07-31,4554.04,payment,online,15
7205,231,2024-11-01,884.09,transfer,branch,17
7206,899,2025-07-25,530.03,transfer,atm,10
7207,761,2023-12-22,3734.68,deposit,atm,4
7208,731,2025-03-19,3815.35,payment,mobile,1
7209,828,2025-08-04,344.74,payment,mobile,19
7210,954,2025-07-08,183.0,transfer,online,17
7211,338,2024-05-02,3160.8,withdraw,online,7
7212,689,2024-09-03,2171.1,deposit,branch,14
7213,219,2025-09-03,3394.58,payment,mobile,12
7214,78,2025-09-12,3638.73,deposit,mobile,4
7215,950,2024-06-09,266.34,withdraw,mobile,17
7216,955,2024-07-29,787.02,deposit,atm,17
7217,2,2023-12-23,2489.12,withdraw,mobile,15
7218,900,2024-12-07,2075.02,withdraw,mobile,13
7219,829,2025-01-10,2584.38,payment,mobile,2
7220,166,2025-05-19,2808.73,withdraw,mobile,11
7221,274,2024-05-22,2686.67,transfer,online,7
7222,859,2024-05-25,2255.19,payment,atm,2
7223,299,2024-06-14,2381.98,payment,mobile,8
7224,131,2025-02-01,274.4,transfer,atm,8
7225,878,2025-07-08,2691.04,deposit,atm,19
7226,239,2024-10-13,2428.07,withdraw,online,9
7227,48,2025-07-16,2169.26,transfer,atm,13
7228,373,2024-01-01,1161.94,transfer,branch,14
7229,317,2025-06-11,4895.27,deposit,online,16
7230,362,2024-09-07,3291.48,deposit,branch,1
7231,490,2024-03-10,2270.87,deposit,branch,5
7232,891,2024-02-16,1273.08,payment,online,13
7233,584,2025-06-21,3811.99,payment,atm,18
7234,262,2023-12-31,2315.58,withdraw,mobile,19
7235,935,2024-12-12,4056.52,deposit,mobile,14
7236,890,2025-04-09,1380.78,transfer,online,15
7237,716,2025-06-05,3366.37,deposit,mobile,12
7238,906,2025-01-14,1204.2,deposit,mobile,7
7239,633,2025-05-31,2683.99,payment,branch,19
7240,583,2025-05-09,1603.11,withdraw,atm,13
7241,41,2024-05-29,229.85,withdraw,atm,16
7242,279,2024-01-04,2299.51,payment,mobile,7
7243,486,2024-03-31,2008.92,deposit,atm,9
7244,173,2025-07-08,1909.14,deposit,atm,17
7245,49,2024-08-24,1789.28,payment,atm,17
7246,556,2025-08-01,4175.47,transfer,mobile,7
7247,861,2024-03-15,1390.6,deposit,branch,8
7248,390,2025-08-07,802.92,payment,online,9
7249,6,2024-06-03,1994.74,payment,mobile,18
7250,119,2024-02-08,3875.7,transfer,branch,14
7251,959,2024-04-30,4215.89,deposit,branch,18
7252,193,2025-08-04,436.62,withdraw,online,16
7253,228,2025-08-06,3222.72,deposit,atm,11
7254,673,2024-08-25,772.28,payment,branch,5
7255,173,2025-02-07,3319.91,transfer,mobile,19
7256,254,2024-08-06,2578.79,withdraw,branch,4
7257,194,2023-11-27,1358.38,payment,atm,16
7258,769,2025-06-23,3467.85,deposit,online,19
7259,329,2025-04-06,2695.92,withdraw,mobile,15
7260,620,2025-02-25,3549.84,payment,atm,6
7261,550,2024-02-20,3498.81,deposit,online,19
7262,373,2024-09-15,2851.88,withdraw,online,19
7263,350,2023-11-22,2074.56,withdraw,mobile,18
7264,214,2024-11-19,659.89,payment,mobile,12
7265,370,2025-04-14,135.61,deposit,mobile,12
7266,366,2025-03-23,2954.77,transfer,online,9
7267,887,2024-01-13,2584.41,deposit,online,11
7268,446,2024-08-05,2111.04,withdraw,online,5
7269,242,2025-10-05,2188.28,deposit,atm,11
7270,710,2024-08-25,2623.43,transfer,online,17
7271,342,2025-07-21,2912.03,transfer,atm,11
7272,368,2025-09-05,333.24,transfer,online,19
7273,293,2024-07-10,1844.42,deposit,mobile,4
7274,633,2025-09-20,1097.0,payment,online,16
7275,147,2024-06-30,1991.37,payment,mobile,10
7276,229,2023-11-07,1188.87,payment,mobile,19
7277,908,2023-10-20,4533.27,withdraw,online,5
7278,267,2024-03-03,1484.64,deposit,online,3
7279,898,2024-02-29,2528.87,withdraw,branch,1
7280,112,2025-05-05,2035.57,transfer,branch,2
7281,892,2024-09-13,3311.09,withdraw,branch,19
7282,109,2025-03-29,279.72,payment,mobile,3
7283,57,2024-05-10,2425.13,payment,online,1
7284,309,2025-04-10,3937.38,withdraw,online,12
7285,343,2025-05-05,2636.76,transfer,atm,4
7286,667,2024-12-17,1780.77,payment,atm,15
7287,618,2025-03-24,1841.94,deposit,online,15
7288,998,2024-04-11,1999.01,transfer,branch,2
7289,1,2024-07-17,2285.52,transfer,online,5
7290,116,2025-03-25,4451.36,deposit,online,19
7291,69,2024-06-03,1867.09,transfer,branch,9
7292,751,2025-02-13,2666.88,transfer,atm,4
7293,683,2025-06-10,2858.57,deposit,mobile,6
7294,710,2023-10-16,1852.54,payment,online,11
7295,963,2024-06-04,2515.51,payment,mobile,16
7296,541,2024-11-15,2524.07,payment,mobile,12
7297,750,2025-07-04,2218.99,payment,online,10
7298,139,2024-11-23,2205.63,transfer,atm,19
7299,757,2023-12-22,2633.46,deposit,atm,8
7300,229,2025-08-16,823.54,payment,branch,2
7301,36,2024-05-30,2452.18,transfer,online,10
7302,21,2024-02-11,1146.73,withdraw,online,2
7303,678,2024-11-18,1872.39,deposit,online,2
7304,942,2024-10-31,2247.88,deposit,branch,9
7305,99,2024-03-10,757.15,withdraw,atm,17
7306,486,2025-08-04,1895.39,transfer,atm,17
7307,496,2024-09-16,1691.66,transfer,atm,8
7308,148,2024-06-23,2656.39,transfer,online,3
7309,944,2025-06-07,1923.4,deposit,branch,12
7310,210,2025-05-29,2191.04,deposit,online,11
7311,990,2024-09-13,3010.48,transfer,online,17
7312,488,2025-05-01,1022.6,withdraw,branch,15
7313,665,2025-07-09,1547.3,transfer,online,16
7314,921,2024-01-07,2476.17,transfer,online,18
7315,10,2025-02-16,2930.93,transfer,branch,4
7316,215,2024-08-11,3298.34,transfer,branch,1
7317,636,2023-11-13,1296.74,deposit,atm,8
7318,581,2024-12-08,2734.94,deposit,atm,4
7319,327,2025-06-02,3356.9,transfer,online,18
7320,424,2024-05-17,1381.26,payment,branch,6
7321,478,2025-04-13,846.27,payment,mobile,13
7322,792,2024-01-13,2458.41,payment,online,19
7323,317,2025-06-17,1645.2,payment,atm,11
7324,396,2024-02-10,2460.28,withdraw,mobile,3
7325,536,2025-04-09,1390.65,withdraw,atm,11
7326,10,2025-02-08,695.95,transfer,atm,2
7327,401,2024-07-18,1528.38,deposit,branch,4
7328,555,2025-03-02,144.01,withdraw,branch,17
7329,700,2025-04-15,1411.8,withdraw,online,4
7330,99,2024-05-10,3882.07,deposit,branch,12
7331,961,2024-02-02,2975.84,transfer,online,3
7332,806,2024-08-06,2529.23,deposit,branch,9
7333,529,2024-07-19,3661.82,deposit,branch,10
7334,661,2025-05-20,251.86,withdraw,mobile,17
7335,701,2024-09-16,1129.5,deposit,branch,9
7336,963,2023-12-19,1360.62,payment,online,15
7337,980,2024-09-09,150.37,deposit,branch,1
7338,884,2024-03-27,3170.57,payment,mobile,10
7339,66,2025-05-16,2861.04,transfer,mobile,18
7340,129,2024-07-07,809.28,withdraw,branch,13
7341,296,2025-08-04,3624.62,deposit,mobile,11
7342,948,2024-12-22,2979.53,payment,mobile,16
7343,159,2025-03-04,2403.61,deposit,branch,9
7344,865,2024-03-27,1427.71,transfer,atm,1
7345,163,2023-12-22,3431.21,transfer,mobile,7
7346,400,2024-08-17,2497.33,payment,atm,1
7347,879,2025-03-07,2061.49,withdraw,online,18
7348,589,2023-11-18,1819.29,payment,branch,10
7349,270,2025-07-06,1069.88,withdraw,atm,12
7350,785,2024-06-01,401.31,payment,online,3
7351,958,2024-03-29,1514.1,withdraw,atm,4
7352,662,2024-06-19,2622.96,deposit,branch,12
7353,825,2025-04-27,2904.79,payment,atm,7
7354,885,2024-01-17,3709.74,transfer,atm,14
7355,125,2023-12-10,951.08,payment,online,19
7356,153,2023-12-04,909.06,deposit,branch,6
7357,336,2024-01-05,4522.08,transfer,online,11
7358,883,2023-10-11,2321.22,withdraw,branch,11
7359,227,2025-04-22,642.65,payment,atm,4
7360,509,2023-11-12,1382.02,withdraw,online,4
7361,450,2023-10-26,1631.63,deposit,online,14
7362,687,2023-11-15,3352.93,withdraw,atm,10
7363,266,2024-07-28,3299.55,withdraw,mobile,4
7364,442,2024-02-02,2952.94,deposit,branch,5
7365,906,2023-12-07,2825.21,payment,atm,13
7366,369,2024-03-10,2030.28,deposit,online,8
7367,796,2025-02-25,2367.9,deposit,atm,5
7368,544,2024-09-17,1641.5,deposit,mobile,13
7369,18,2024-05-07,2885.54,transfer,mobile,18
7370,264,2024-02-16,351.09,payment,atm,2
7371,297,2025-08-05,2399.86,deposit,mobile,18
7372,791,2023-11-07,3976.55,payment,online,8
7373,785,2025-07-12,3363.76,transfer,branch,11
7374,963,2024-10-07,3572.27,payment,online,3
7375,28,2024-05-18,1105.54,withdraw,atm,3
7376,285,2024-06-13,2027.51,payment,branch,11
7377,106,2024-12-18,1994.29,payment,mobile,6
7378,82,2025-03-14,2036.06,payment,atm,16
7379,709,2025-07-26,2140.25,withdraw,online,11
7380,44,2025-07-03,1753.48,payment,atm,19
7381,733,2025-04-05,2813.32,payment,branch,15
7382,549,2024-05-10,2318.01,deposit,online,4
7383,223,2024-07-30,1643.14,withdraw,online,17
7384,872,2023-10-18,743.35,transfer,mobile,3
7385,99,2025-07-10,3914.35,withdraw,branch,2
7386,935,2024-03-23,5427.43,withdraw,atm,14
7387,399,2024-07-13,4186.27,payment,mobile,7
7388,395,2023-12-30,970.3,payment,online,18
7389,919,2025-04-13,4225.32,withdraw,mobile,1
7390,519,2024-08-21,160.4,payment,online,16
7391,816,2025-04-22,2746.64,withdraw,atm,7
7392,777,2025-07-31,3116.23,deposit,atm,14
7393,570,2025-08-13,2082.17,deposit,online,2
7394,468,2024-02-10,500.97,payment,online,4
7395,674,2024-04-19,2104.18,withdraw,online,18
7396,773,2025-06-23,9.69,transfer,mobile,3
7397,723,2023-11-05,4298.55,transfer,branch,15
7398,630,2024-04-10,3787.47,payment,branch,8
7399,468,2025-01-29,4314.36,transfer,atm,17
7400,366,2024-07-12,2609.83,deposit,branch,1
7401,632,2025-02-23,415.05,payment,atm,5
7402,997,2024-10-07,4325.83,payment,branch,7
7403,534,2025-06-18,13.84,withdraw,atm,10
7404,679,2024-01-24,1242.28,withdraw,branch,5
7405,822,2024-03-22,1636.52,payment,atm,17
7406,179,2024-06-30,4197.84,payment,online,4
7407,744,2025-01-05,3835.2,transfer,mobile,5
7408,65,2024-10-03,2543.53,transfer,atm,5
7409,831,2025-05-15,2128.07,transfer,atm,17
7410,37,2024-05-02,1871.69,payment,online,9
7411,246,2025-06-20,2132.14,withdraw,mobile,11
7412,887,2025-09-07,1592.54,payment,atm,1
7413,561,2025-05-02,2612.51,deposit,online,11
7414,87,2024-08-11,2041.4,withdraw,online,19
7415,360,2025-05-11,2867.47,transfer,mobile,10
7416,929,2025-08-19,1328.25,payment,mobile,5
7417,854,2024-12-08,608.74,payment,atm,7
7418,295,2025-04-27,2176.13,withdraw,branch,12
7419,965,2024-03-17,277.65,transfer,mobile,2
7420,625,2023-12-16,2087.34,deposit,mobile,8
7421,381,2024-07-10,611.07,payment,mobile,10
7422,587,2025-03-30,3058.71,transfer,branch,19
7423,654,2024-11-16,289.92,transfer,online,13
7424,759,2025-04-14,355.83,transfer,atm,2
7425,857,2023-10-25,4356.8,deposit,online,15
7426,532,2024-07-04,3334.22,payment,mobile,7
7427,702,2024-01-17,2288.96,transfer,branch,18
7428,933,2025-06-11,1995.83,withdraw,mobile,15
7429,508,2024-05-15,2161.98,deposit,atm,18
7430,550,2024-05-30,2910.38,payment,mobile,19
7431,716,2024-01-21,140.62,withdraw,online,3
7432,30,2025-02-18,2887.01,transfer,branch,14
7433,147,2025-03-13,1691.26,deposit,branch,19
7434,398,2024-02-08,3277.08,withdraw,online,2
7435,502,2025-01-09,4763.43,withdraw,online,3
7436,194,2024-12-22,2217.53,payment,online,18
7437,299,2024-05-20,733.22,payment,mobile,13
7438,519,2024-07-23,3820.72,deposit,mobile,5
7439,173,2024-04-30,2934.21,payment,online,11
7440,290,2024-01-19,2262.29,deposit,online,9
7441,208,2024-01-30,4028.58,deposit,online,5
7442,891,2024-10-10,557.28,transfer,atm,7
7443,18,2025-07-14,3136.13,payment,branch,10
7444,320,2024-02-07,871.62,withdraw,atm,8
7445,656,2025-01-03,2809.24,payment,atm,7
7446,124,2025-08-23,1982.43,withdraw,branch,4
7447,767,2025-03-17,1211.3,transfer,mobile,6
7448,880,2025-07-22,3644.61,payment,atm,16
7449,622,2024-12-15,1324.79,deposit,branch,8
7450,647,2023-10-18,3007.07,withdraw,online,8
7451,107,2024-12-09,2107.27,transfer,atm,6
7452,370,2024-05-13,2959.52,deposit,atm,11
7453,581,2024-10-26,189.39,payment,branch,8
7454,811,2025-08-12,2304.86,transfer,branch,6
7455,510,2025-03-22,3081.14,deposit,branch,11
7456,349,2025-07-10,379.43,transfer,online,9
7457,554,2024-02-03,3338.94,withdraw,branch,8
7458,447,2024-05-14,3287.75,deposit,atm,11
7459,139,2025-06-04,1678.69,withdraw,mobile,6
7460,314,2024-09-27,2027.86,withdraw,mobile,5
7461,247,2025-08-06,3365.49,withdraw,online,19
7462,783,2023-12-03,1603.56,withdraw,atm,9
7463,430,2024-01-14,1946.85,payment,mobile,17
7464,824,2025-01-22,136.24,payment,mobile,9
7465,237,2024-07-24,3437.98,payment,branch,7
7466,185,2024-02-13,2883.62,deposit,online,3
7467,169,2025-01-26,1275.34,withdraw,mobile,10
7468,766,2025-02-14,2102.8,transfer,online,2
7469,631,2025-04-20,2489.34,payment,atm,8
7470,675,2023-10-24,549.18,deposit,branch,16
7471,378,2024-07-23,2798.79,payment,online,11
7472,392,2024-06-01,1976.73,payment,online,1
7473,262,2023-10-20,2676.62,transfer,branch,1
7474,235,2025-06-29,3151.66,deposit,branch,8
7475,711,2025-07-15,719.35,payment,atm,19
7476,924,2024-02-29,1020.34,transfer,online,5
7477,979,2023-11-25,1391.74,transfer,mobile,13
7478,693,2024-12-31,3646.34,deposit,mobile,2
7479,371,2024-09-01,4350.7,withdraw,mobile,7
7480,302,2025-06-19,1408.86,transfer,branch,16
7481,959,2024-06-10,3196.78,payment,online,7
7482,341,2025-02-19,3002.92,withdraw,atm,8
7483,42,2025-06-06,4903.36,deposit,mobile,6
7484,572,2025-03-02,1949.8,payment,atm,14
7485,719,2024-03-14,2647.53,transfer,branch,18
7486,453,2025-08-28,428.09,payment,mobile,3
7487,492,2025-07-19,1908.17,deposit,online,13
7488,808,2024-10-29,1068.0,transfer,branch,14
7489,304,2025-06-26,2104.23,withdraw,branch,8
7490,523,2025-03-18,2139.7,deposit,online,10
7491,753,2025-08-09,1638.22,payment,mobile,3
7492,807,2025-07-19,2002.96,transfer,atm,17
7493,759,2024-12-27,1595.52,transfer,mobile,18
7494,190,2024-07-26,500.27,transfer,branch,11
7495,311,2023-10-11,829.81,withdraw,branch,12
7496,339,2024-08-07,2674.3,transfer,atm,7
7497,193,2024-11-12,597.38,deposit,atm,1
7498,335,2024-06-27,3139.92,transfer,online,4
7499,106,2024-12-04,952.48,deposit,mobile,7
7500,294,2024-10-03,4175.88,deposit,online,8
7501,270,2023-11-01,358.55,deposit,mobile,9
7502,53,2024-04-20,1253.43,deposit,branch,11
7503,518,2025-01-03,2666.8,payment,mobile,17
7504,743,2024-06-15,1688.93,withdraw,online,8
7505,967,2024-07-08,888.12,transfer,branch,19
7506,891,2025-06-02,1689.57,transfer,online,18
7507,955,2025-03-13,2239.63,deposit,mobile,14
7508,449,2025-07-19,1496.17,deposit,branch,14
7509,405,2024-09-09,296.5,payment,mobile,6
7510,585,2023-12-10,1124.15,deposit,atm,17
7511,956,2023-12-10,1263.04,deposit,online,19
7512,97,2025-10-01,1479.01,transfer,branch,8
7513,244,2023-12-13,1680.96,withdraw,mobile,1
7514,162,2024-07-20,3175.47,deposit,atm,14
7515,794,2023-12-02,1883.79,deposit,atm,8
7516,190,2024-01-27,458.49,withdraw,mobile,9
7517,312,2024-08-25,1739.87,withdraw,branch,3
7518,411,2025-09-28,2187.34,payment,branch,17
7519,742,2024-01-20,2205.32,withdraw,atm,8
7520,43,2024-07-13,3052.52,payment,branch,3
7521,911,2025-01-15,525.15,transfer,atm,15
7522,742,2024-09-04,1626.95,payment,branch,7
7523,568,2025-06-28,2638.74,transfer,mobile,15
7524,483,2024-09-23,784.73,deposit,mobile,1
7525,993,2024-12-04,835.26,withdraw,atm,14
7526,680,2024-09-13,2062.93,transfer,branch,10
7527,741,2025-04-05,1335.24,withdraw,branch,17
7528,559,2024-03-26,1042.09,payment,branch,8
7529,285,2024-02-14,4588.3,withdraw,branch,8
7530,499,2024-08-17,2208.45,deposit,online,5
7531,330,2025-05-13,3370.89,withdraw,mobile,11
7532,40,2024-11-22,1588.06,withdraw,mobile,4
7533,70,2025-03-20,1116.07,transfer,branch,11
7534,67,2025-07-15,1949.61,withdraw,atm,6
7535,390,2025-08-15,1960.37,deposit,atm,8
7536,215,2024-07-30,2057.22,deposit,online,3
7537,584,2025-08-27,486.96,deposit,branch,5
7538,657,2025-07-21,3269.22,withdraw,branch,6
7539,672,2025-02-04,3707.75,withdraw,branch,1
7540,773,2025-01-07,1586.73,withdraw,atm,14
7541,135,2024-04-03,1762.9,withdraw,atm,16
7542,873,2025-02-11,2527.44,transfer,atm,7
7543,881,2024-03-05,2521.53,payment,atm,8
7544,248,2024-05-07,2778.62,transfer,online,1
7545,838,2023-11-26,1721.49,deposit,atm,5
7546,886,2024-05-27,27.89,deposit,mobile,12
7547,967,2023-11-14,213.75,deposit,atm,6
7548,161,2025-07-22,1271.11,withdraw,mobile,13
7549,973,2025-05-17,3998.81,deposit,mobile,3
7550,315,2025-03-06,2877.12,payment,branch,15
7551,471,2024-12-29,1045.96,withdraw,mobile,7
7552,202,2024-03-15,2483.37,transfer,branch,7
7553,422,2025-03-08,481.9,transfer,mobile,7
7554,800,2025-07-29,3173.56,deposit,mobile,3
7555,880,2024-06-13,1827.94,payment,atm,1
7556,725,2023-12-03,3883.56,deposit,atm,19
7557,180,2025-01-13,988.8,withdraw,branch,18
7558,57,2023-12-03,2480.82,withdraw,online,6
7559,322,2025-08-13,2438.14,deposit,branch,13
7560,683,2025-05-21,2148.27,withdraw,online,5
7561,355,2024-04-16,3448.37,deposit,mobile,13
7562,955,2024-12-18,1613.11,payment,mobile,11
7563,90,2024-06-20,2970.04,withdraw,online,19
7564,798,2025-01-12,2698.46,withdraw,atm,7
7565,623,2024-06-27,2740.27,payment,online,3
7566,511,2025-09-08,1286.98,payment,online,19
7567,207,2024-12-11,1568.06,withdraw,mobile,10
7568,666,2025-06-09,823.07,withdraw,atm,4
7569,485,2025-04-23,412.06,deposit,atm,2
7570,400,2025-01-10,3311.88,deposit,branch,4
7571,668,2024-07-18,1925.15,transfer,branch,19
7572,300,2025-06-22,4618.43,withdraw,branch,12
7573,885,2024-11-07,2676.09,payment,branch,7
7574,452,2025-06-20,2266.66,transfer,online,13
7575,314,2024-09-09,1036.17,withdraw,branch,16
7576,132,2023-11-11,2927.15,transfer,branch,14
7577,350,2025-07-29,1318.89,withdraw,atm,18
7578,188,2025-05-18,2292.01,deposit,atm,15
7579,968,2025-06-08,407.26,payment,online,11
7580,734,2024-06-15,587.58,payment,online,16
7581,163,2025-10-05,3108.72,deposit,online,6
7582,517,2025-05-29,1345.42,payment,mobile,10
7583,378,2024-05-29,2136.67,deposit,atm,9
7584,951,2023-12-31,1762.55,deposit,mobile,9
7585,866,2024-09-05,3247.31,withdraw,branch,12
7586,838,2025-04-22,1018.9,payment,atm,16
7587,132,2024-06-10,1538.6,payment,branch,18
7588,198,2024-04-22,3102.79,deposit,branch,17
7589,786,2024-05-13,1704.55,payment,atm,18
7590,708,2024-10-15,1978.9,payment,online,15
7591,198,2024-07-18,322.4,transfer,mobile,14
7592,578,2024-05-08,735.57,withdraw,atm,8
7593,191,2023-12-26,665.48,payment,online,18
7594,440,2023-11-06,1922.88,transfer,online,9
7595,751,2024-02-20,908.67,deposit,mobile,17
7596,997,2025-02-28,1898.97,transfer,online,7
7597,647,2024-01-09,4285.32,transfer,atm,4
7598,354,2023-10-19,1293.98,withdraw,mobile,12
7599,874,2025-02-18,3016.24,withdraw,atm,5
7600,757,2025-01-18,2345.59,payment,branch,13
7601,62,2024-09-07,2266.17,withdraw,branch,15
7602,944,2024-11-11,2386.07,withdraw,online,1
7603,24,2025-05-07,3133.4,payment,mobile,7
7604,419,2024-11-29,2514.15,payment,online,14
7605,242,2025-07-21,3708.36,payment,mobile,6
7606,41,2023-11-28,328.52,deposit,branch,8
7607,824,2024-07-24,944.87,transfer,branch,1
7608,971,2023-12-26,1012.98,deposit,atm,11
7609,4,2024-01-31,4557.91,withdraw,mobile,18
7610,273,2024-01-24,2912.6,withdraw,atm,11
7611,881,2024-10-21,30.29,transfer,mobile,6
7612,916,2024-02-05,1956.74,withdraw,online,7
7613,828,2024-10-24,1855.47,transfer,online,1
7614,157,2023-12-14,2429.39,withdraw,branch,12
7615,707,2024-01-05,1623.96,transfer,branch,3
7616,252,2025-08-14,2703.71,transfer,mobile,6
7617,646,2025-08-23,3306.55,payment,mobile,11
7618,720,2024-08-02,2226.21,deposit,branch,17
7619,48,2025-09-24,1802.36,deposit,branch,8
7620,730,2025-05-05,671.36,withdraw,branch,2
7621,841,2025-08-06,1157.34,withdraw,atm,19
7622,486,2024-08-10,562.18,payment,atm,19
7623,928,2024-02-21,2350.23,withdraw,atm,8
7624,512,2025-09-23,1933.07,payment,online,8
7625,343,2024-06-02,2106.8,withdraw,mobile,5
7626,741,2025-04-03,1528.93,payment,atm,5
7627,986,2024-09-09,2532.85,deposit,online,6
7628,814,2024-05-21,1324.37,deposit,online,11
7629,724,2025-06-28,3461.91,transfer,mobile,1
7630,75,2024-04-04,1552.4,withdraw,branch,5
7631,57,2024-10-19,1746.97,payment,atm,2
7632,359,2024-06-13,1216.68,deposit,online,8
7633,617,2025-03-09,1930.09,transfer,mobile,17
7634,378,2023-10-24,2142.04,transfer,branch,1
7635,741,2024-05-14,1397.75,withdraw,online,1
7636,72,2024-02-02,146.31,payment,mobile,11
7637,802,2025-04-27,864.97,payment,online,7
7638,944,2024-05-29,323.81,payment,branch,9
7639,720,2025-06-14,2312.9,withdraw,atm,17
7640,52,2024-10-17,2085.22,deposit,online,11
7641,756,2025-02-14,1069.34,withdraw,branch,1
7642,614,2024-07-06,3318.04,deposit,online,14
7643,749,2025-06-15,1036.89,transfer,mobile,10
7644,128,2024-09-08,2518.42,withdraw,online,4
7645,462,2025-01-29,1601.51,withdraw,atm,5
7646,970,2025-02-08,1073.65,payment,mobile,10
7647,760,2025-08-07,993.22,payment,mobile,14
7648,908,2024-10-11,1685.18,deposit,online,13
7649,791,2025-03-09,2360.35,transfer,mobile,10
7650,369,2025-03-12,3972.58,withdraw,online,13
7651,436,2025-02-11,623.94,withdraw,mobile,13
7652,529,2024-06-29,1472.77,payment,branch,13
7653,785,2024-11-20,845.97,deposit,branch,18
7654,291,2025-05-25,1147.06,payment,branch,19
7655,530,2024-01-23,2152.11,payment,branch,15
7656,419,2024-02-10,3118.43,withdraw,mobile,11
7657,372,2024-12-23,2879.63,transfer,mobile,10
7658,830,2023-12-18,4532.13,transfer,branch,19
7659,103,2023-12-13,2622.48,deposit,mobile,9
7660,858,2025-03-20,326.63,deposit,mobile,12
7661,152,2024-01-30,2424.68,payment,mobile,7
7662,32,2024-04-04,904.23,deposit,atm,12
7663,79,2023-11-19,1647.05,transfer,atm,19
7664,107,2025-03-29,1745.97,withdraw,mobile,10
7665,789,2023-10-23,2781.74,deposit,mobile,11
7666,336,2024-04-24,3150.72,transfer,mobile,9
7667,203,2024-06-03,1728.7,transfer,online,10
7668,581,2024-08-14,2376.62,deposit,atm,5
7669,652,2024-12-19,699.42,payment,online,7
7670,14,2025-04-20,1208.73,payment,online,18
7671,187,2023-10-08,3325.47,withdraw,branch,5
7672,936,2025-02-22,2593.61,transfer,branch,9
7673,898,2023-11-21,2878.82,payment,atm,1
7674,258,2025-07-31,2039.41,transfer,online,14
7675,527,2024-12-24,2853.98,withdraw,branch,17
7676,807,2025-05-14,3166.6,payment,mobile,9
7677,777,2025-05-17,3029.01,deposit,atm,6
7678,809,2024-09-17,4167.97,withdraw,atm,6
7679,935,2025-08-20,1462.12,deposit,atm,3
7680,558,2024-04-03,1697.38,withdraw,online,16
7681,215,2024-08-24,2102.23,payment,branch,8
7682,376,2024-03-16,2297.24,payment,branch,6
7683,296,2024-09-12,2591.34,withdraw,mobile,15
7684,611,2024-08-02,1219.62,withdraw,atm,17
7685,84,2025-07-30,480.69,payment,mobile,13
7686,20,2025-08-21,834.57,withdraw,mobile,3
7687,109,2025-08-11,2992.39,transfer,atm,18
7688,228,2025-08-23,1013.84,payment,branch,7
7689,740,2025-03-23,901.69,deposit,atm,9
7690,963,2025-05-24,1192.21,transfer,mobile,9
7691,677,2024-04-11,4707.64,deposit,online,6
7692,839,2023-10-09,1969.01,transfer,atm,4
7693,445,2024-01-21,1240.71,withdraw,atm,10
7694,944,2025-05-30,2918.29,transfer,branch,8
7695,979,2024-06-29,1947.3,deposit,online,10
7696,499,2024-08-12,3064.97,payment,branch,6
7697,260,2025-02-03,2248.04,payment,branch,7
7698,348,2024-10-06,2479.94,withdraw,mobile,2
7699,828,2024-11-18,394.62,withdraw,branch,8
7700,180,2024-02-05,3497.42,withdraw,online,17
7701,29,2025-07-20,904.51,withdraw,online,14
7702,514,2024-12-04,205.98,withdraw,atm,17
7703,571,2025-07-26,1765.61,withdraw,mobile,18
7704,46,2025-03-06,3416.87,withdraw,atm,4
7705,306,2024-02-03,2278.85,payment,atm,19
7706,742,2024-01-28,2453.18,deposit,online,18
7707,51,2025-10-04,1902.48,transfer,mobile,17
7708,59,2024-02-12,3054.03,transfer,branch,15
7709,223,2024-08-04,3607.94,withdraw,mobile,9
7710,7,2025-09-08,1123.69,withdraw,atm,12
7711,913,2023-12-21,3571.98,transfer,online,10
7712,460,2023-10-29,1557.56,deposit,online,1
7713,9,2024-03-23,2311.04,payment,online,3
7714,912,2024-08-28,2029.64,payment,atm,7
7715,58,2024-01-23,1358.71,deposit,branch,3
7716,423,2024-12-17,1306.78,withdraw,online,6
7717,97,2024-09-22,2574.73,payment,branch,6
7718,808,2024-02-09,3165.46,payment,atm,7
7719,216,2025-07-25,2758.41,transfer,atm,3
7720,188,2024-03-02,1338.23,transfer,mobile,10
7721,478,2024-04-24,656.07,deposit,branch,9
7722,825,2025-02-14,2325.42,payment,atm,17
7723,590,2025-07-26,2715.65,transfer,online,8
7724,282,2025-01-28,1668.89,payment,online,15
7725,968,2025-03-03,3113.18,deposit,atm,6
7726,337,2023-12-02,2141.6,payment,mobile,7
7727,273,2025-09-05,3525.94,withdraw,branch,10
7728,498,2025-02-19,2411.08,payment,atm,14
7729,822,2024-11-12,1786.4,deposit,branch,10
7730,258,2025-09-14,1150.29,transfer,online,10
7731,503,2023-12-23,65.07,withdraw,branch,9
7732,316,2025-10-05,3438.62,deposit,branch,6
7733,587,2025-07-17,3527.72,withdraw,online,11
7734,986,2025-09-08,2128.67,deposit,mobile,6
7735,655,2025-05-24,598.99,withdraw,online,8
7736,160,2024-05-13,3479.66,transfer,atm,5
7737,684,2024-07-28,2487.88,transfer,branch,10
7738,657,2023-10-16,1786.28,transfer,atm,7
7739,319,2025-06-02,1893.95,withdraw,mobile,2
7740,462,2024-10-27,2106.08,withdraw,online,11
7741,201,2024-04-12,1047.34,transfer,branch,8
7742,875,2025-04-21,3439.83,transfer,mobile,17
7743,252,2025-04-13,2226.92,withdraw,atm,16
7744,452,2024-07-01,1318.23,withdraw,online,9
7745,210,2024-05-20,1425.11,payment,mobile,16
7746,109,2024-12-13,2411.39,deposit,online,15
7747,861,2024-01-21,3304.36,payment,online,2
7748,210,2024-04-20,2787.11,transfer,online,17
7749,330,2025-09-26,2203.41,payment,online,2
7750,187,2025-04-17,3778.21,withdraw,mobile,12
7751,126,2024-03-22,2911.64,withdraw,online,14
7752,182,2025-04-21,563.34,transfer,branch,18
7753,44,2024-11-25,2357.03,transfer,atm,7
7754,1000,2025-01-04,2033.13,transfer,atm,19
7755,727,2024-01-23,1362.29,deposit,branch,18
7756,836,2024-04-16,3037.49,payment,online,11
7757,961,2024-04-06,1869.03,withdraw,online,4
7758,104,2025-03-14,1603.3,deposit,branch,5
7759,192,2024-01-15,974.64,withdraw,atm,2
7760,712,2025-07-28,1941.92,transfer,mobile,2
7761,759,2025-05-30,2049.05,withdraw,online,1
7762,576,2023-12-29,338.63,transfer,atm,16
7763,928,2023-10-31,673.01,transfer,atm,19
7764,726,2024-11-01,3743.04,deposit,atm,1
7765,661,2025-09-29,3721.21,deposit,branch,11
7766,813,2024-04-05,1123.57,deposit,branch,14
7767,60,2025-08-07,2089.88,payment,online,17
7768,146,2025-03-18,2752.31,transfer,branch,18
7769,563,2024-02-21,1905.91,transfer,mobile,19
7770,379,2024-05-22,2736.78,withdraw,branch,5
7771,780,2023-10-29,664.06,deposit,mobile,14
7772,236,2025-01-24,2526.06,payment,mobile,5
7773,741,2025-07-22,2583.08,deposit,online,5
7774,696,2025-02-12,1091.62,transfer,online,10
7775,907,2024-08-02,20.74,transfer,mobile,18
7776,741,2025-04-06,3041.43,payment,branch,16
7777,587,2023-10-27,862.59,payment,atm,4
7778,834,2023-11-27,2999.41,transfer,atm,2
7779,929,2025-05-23,2479.4,payment,branch,18
7780,342,2023-10-29,1213.52,transfer,online,11
7781,667,2024-01-02,4279.9,transfer,online,14
7782,280,2024-08-27,3587.04,transfer,online,19
7783,246,2024-09-13,4429.34,transfer,branch,15
7784,264,2023-11-20,993.03,deposit,branch,7
7785,499,2024-02-29,1214.53,payment,atm,12
7786,353,2023-12-31,1727.65,payment,atm,1
7787,582,2024-08-17,959.1,transfer,mobile,16
7788,285,2024-11-25,1555.28,transfer,online,10
7789,580,2024-06-02,1229.69,transfer,online,1
7790,623,2024-07-08,612.65,transfer,online,19
7791,548,2025-09-30,2117.13,payment,branch,4
7792,70,2024-05-02,916.86,deposit,branch,13
7793,409,2024-07-02,1410.13,deposit,atm,3
7794,421,2024-04-23,3749.69,deposit,branch,15
7795,209,2025-01-20,1192.83,withdraw,mobile,8
7796,884,2025-09-23,3920.49,transfer,online,11
7797,648,2023-12-04,2042.07,withdraw,online,4
7798,290,2024-03-06,2061.16,deposit,branch,13
7799,125,2024-06-30,2511.18,payment,mobile,15
7800,183,2024-04-09,895.29,transfer,atm,4
7801,465,2025-07-24,3947.45,payment,atm,6
7802,273,2024-07-27,2835.47,deposit,atm,1
7803,706,2024-07-26,1971.53,withdraw,atm,9
7804,47,2024-06-03,3519.63,payment,mobile,3
7805,865,2025-04-16,1789.37,withdraw,mobile,5
7806,187,2023-12-19,516.3,payment,mobile,12
7807,110,2024-04-11,3083.14,transfer,branch,10
7808,330,2025-06-06,474.35,deposit,online,9
7809,826,2025-05-31,3534.88,deposit,atm,6
7810,81,2024-05-31,1600.77,withdraw,atm,3
7811,617,2023-10-21,2087.23,payment,mobile,15
7812,513,2025-05-27,2076.64,payment,atm,4
7813,438,2024-10-06,2081.93,payment,online,10
7814,628,2024-03-04,1085.06,withdraw,online,16
7815,158,2025-09-23,1765.44,transfer,online,4
7816,433,2024-04-22,2152.61,payment,atm,16
7817,355,2024-03-10,1213.93,deposit,atm,12
7818,557,2025-02-01,4550.64,payment,mobile,1
7819,389,2024-04-14,904.02,payment,branch,10
7820,957,2024-03-31,113.81,payment,online,16
7821,268,2025-08-15,2926.67,payment,atm,16
7822,374,2025-03-05,2812.63,transfer,branch,16
7823,788,2024-06-05,2497.87,withdraw,branch,11
7824,297,2023-10-24,3215.52,payment,atm,5
7825,95,2024-02-11,887.33,payment,online,15
7826,984,2025-05-19,2749.56,withdraw,branch,19
7827,57,2025-07-29,172.08,payment,mobile,4
7828,248,2025-02-25,2877.47,withdraw,branch,6
7829,670,2025-08-22,2864.2,payment,branch,19
7830,854,2025-03-08,2274.84,payment,atm,4
7831,229,2025-06-14,1650.45,withdraw,online,4
7832,343,2024-05-12,2746.56,withdraw,online,11
7833,890,2024-03-17,3724.7,payment,online,12
7834,489,2024-09-17,675.66,transfer,atm,10
7835,189,2024-01-10,1973.95,withdraw,atm,3
7836,591,2025-03-30,2079.74,payment,mobile,17
7837,346,2025-07-29,2146.81,transfer,mobile,9
7838,983,2024-08-29,130.05,withdraw,mobile,11
7839,747,2024-10-08,1781.76,payment,atm,4
7840,85,2025-02-14,5.7,payment,mobile,11
7841,268,2024-01-20,2743.71,withdraw,online,15
7842,712,2024-02-22,2140.75,transfer,mobile,9
7843,21,2025-09-04,407.35,transfer,mobile,15
7844,908,2024-07-16,12.51,deposit,branch,8
7845,124,2025-01-09,3586.43,withdraw,mobile,1
7846,766,2025-02-21,1542.34,payment,branch,10
7847,926,2025-03-05,3190.73,transfer,atm,17
7848,427,2024-11-03,3800.51,deposit,mobile,7
7849,73,2024-12-31,3713.08,withdraw,mobile,11
7850,270,2025-03-11,185.6,transfer,branch,10
7851,28,2024-10-28,3002.93,deposit,branch,14
7852,410,2023-11-13,1422.04,withdraw,branch,19
7853,792,2024-11-22,3311.64,transfer,mobile,13
7854,34,2025-08-25,2872.92,withdraw,atm,1
7855,774,2025-05-02,2879.69,withdraw,branch,18
7856,829,2025-08-23,849.72,payment,atm,5
7857,53,2024-06-16,3650.43,withdraw,atm,18
7858,324,2025-01-22,749.26,transfer,online,3
7859,160,2025-09-22,2534.39,payment,online,14
7860,241,2024-11-20,3844.32,deposit,online,10
7861,363,2024-07-26,3063.13,transfer,mobile,1
7862,799,2024-01-26,2369.3,withdraw,branch,12
7863,699,2024-11-19,1054.79,withdraw,online,1
7864,380,2025-08-18,1649.22,transfer,atm,2
7865,95,2025-05-23,2904.45,transfer,atm,17
7866,198,2024-11-27,1895.44,transfer,branch,9
7867,738,2024-12-21,2867.45,payment,atm,10
7868,828,2023-10-08,2396.99,transfer,branch,18
7869,920,2024-01-12,817.9,withdraw,atm,11
7870,900,2024-04-23,3304.97,deposit,branch,12
7871,250,2025-03-30,1643.93,deposit,mobile,16
7872,506,2024-10-20,2070.53,withdraw,mobile,6
7873,64,2024-01-02,704.05,transfer,online,1
7874,64,2024-08-03,2816.22,payment,atm,11
7875,909,2025-04-15,2515.22,withdraw,mobile,13
7876,888,2025-03-07,2440.2,withdraw,mobile,6
7877,182,2024-12-10,3394.09,transfer,atm,17
7878,122,2025-07-01,2302.37,payment,atm,2
7879,469,2025-04-12,213.21,deposit,online,1
7880,711,2024-02-13,1975.12,deposit,atm,16
7881,208,2025-05-29,632.33,payment,branch,16
7882,657,2025-03-15,981.48,payment,online,17
7883,865,2024-12-06,1008.6,transfer,atm,18
7884,340,2023-12-18,2510.49,withdraw,mobile,9
7885,172,2024-01-24,5.37,transfer,mobile,13
7886,151,2025-07-12,1298.99,withdraw,atm,2
7887,908,2024-10-29,694.02,transfer,mobile,13
7888,618,2024-11-19,1886.65,deposit,branch,16
7889,260,2023-11-25,4545.21,payment,mobile,7
7890,189,2024-12-04,2471.0,payment,online,15
7891,383,2025-05-29,3476.67,withdraw,mobile,12
7892,426,2023-11-06,3007.49,withdraw,mobile,18
7893,422,2024-11-25,458.11,payment,online,1
7894,423,2024-03-16,2612.46,payment,atm,7
7895,777,2025-03-24,576.09,deposit,branch,4
7896,330,2025-01-11,150.26,payment,online,3
7897,248,2024-01-20,2520.74,transfer,branch,7
7898,29,2023-10-20,2452.91,withdraw,atm,16
7899,367,2024-04-13,317.6,transfer,branch,10
7900,728,2025-07-18,1531.23,deposit,online,12
7901,219,2025-05-18,136.36,transfer,atm,13
7902,362,2024-06-05,650.33,transfer,mobile,7
7903,988,2024-07-18,519.2,payment,online,9
7904,234,2025-07-23,119.0,withdraw,mobile,8
7905,666,2025-06-30,713.48,withdraw,atm,9
7906,921,2025-03-20,2800.24,transfer,branch,12
7907,181,2024-03-22,1821.51,transfer,online,4
7908,170,2023-12-18,1824.38,withdraw,online,11
7909,366,2024-01-29,1886.74,withdraw,mobile,15
7910,222,2025-09-23,2627.93,withdraw,online,10
7911,794,2025-07-26,762.86,deposit,atm,11
7912,252,2025-09-19,1142.79,payment,online,15
7913,142,2025-07-14,879.93,transfer,branch,6
7914,488,2024-06-28,2718.8,payment,mobile,15
7915,529,2025-06-16,896.06,withdraw,mobile,16
7916,595,2024-08-27,2692.51,transfer,mobile,17
7917,870,2025-08-23,1017.04,payment,online,6
7918,59,2024-02-02,459.4,withdraw,branch,7
7919,185,2025-04-21,3421.71,payment,branch,19
7920,124,2024-10-12,2062.37,deposit,branch,7
7921,556,2023-11-03,2810.25,withdraw,atm,19
7922,829,2024-07-16,793.87,withdraw,atm,13
7923,376,2025-04-26,2222.8,payment,branch,14
7924,632,2023-11-24,1952.77,transfer,branch,17
7925,660,2024-07-17,675.36,withdraw,branch,4
7926,320,2023-12-03,1817.35,deposit,online,14
7927,826,2024-12-23,2567.75,payment,mobile,14
7928,28,2024-08-10,1857.14,payment,branch,7
7929,272,2024-03-26,1633.69,withdraw,branch,15
7930,975,2024-01-12,3449.85,withdraw,online,3
7931,769,2023-10-08,1329.98,transfer,branch,19
7932,465,2025-08-11,330.11,deposit,mobile,13
7933,397,2024-09-12,420.56,deposit,online,16
7934,881,2025-10-05,1747.63,withdraw,atm,1
7935,82,2025-09-10,1969.19,transfer,branch,1
7936,91,2024-03-04,466.5,transfer,mobile,13
7937,414,2023-11-25,904.26,withdraw,atm,15
7938,860,2025-05-13,1378.2,transfer,mobile,1
7939,193,2023-12-24,3708.06,withdraw,branch,16
7940,97,2024-07-11,1692.94,payment,atm,10
7941,831,2025-08-17,639.54,payment,atm,6
7942,769,2025-04-20,756.64,payment,online,5
7943,488,2025-04-11,2064.22,payment,online,8
7944,557,2024-07-04,3116.1,payment,branch,15
7945,238,2024-11-16,2241.49,withdraw,branch,8
7946,773,2024-04-03,3206.16,withdraw,atm,4
7947,552,2024-08-25,1053.85,withdraw,online,7
7948,587,2025-01-30,2430.21,deposit,online,17
7949,312,2025-04-18,2772.14,payment,atm,6
7950,930,2024-01-31,3888.53,payment,mobile,14
7951,953,2024-07-03,942.87,transfer,online,14
7952,452,2024-09-24,1085.27,withdraw,atm,13
7953,401,2025-05-29,1913.55,withdraw,online,13
7954,125,2023-10-24,3648.87,deposit,branch,18
7955,952,2024-10-20,770.29,deposit,atm,17
7956,763,2024-10-18,1436.67,withdraw,atm,14
7957,540,2025-06-28,3101.77,payment,mobile,19
7958,252,2024-02-11,330.68,transfer,branch,17
7959,591,2024-03-24,1897.33,payment,mobile,6
7960,742,2025-01-27,2083.44,payment,online,1
7961,211,2024-01-27,2437.34,payment,branch,5
7962,62,2024-12-06,949.29,withdraw,mobile,9
7963,491,2025-06-26,1451.79,withdraw,online,17
7964,828,2024-01-30,805.04,deposit,atm,17
7965,182,2024-07-07,2076.97,withdraw,online,17
7966,748,2025-09-19,1419.84,transfer,atm,19
7967,630,2024-03-06,321.18,transfer,atm,5
7968,954,2025-09-29,2706.27,transfer,online,16
7969,20,2024-04-30,2323.18,withdraw,atm,15
7970,251,2024-07-08,1145.09,payment,branch,15
7971,419,2024-03-26,47.13,deposit,atm,12
7972,295,2024-01-01,1657.13,deposit,branch,14
7973,740,2024-08-22,2071.49,payment,online,19
7974,350,2025-06-12,2404.58,withdraw,branch,19
7975,207,2024-08-12,1792.67,deposit,atm,1
7976,430,2024-03-27,1677.88,payment,atm,13
7977,637,2025-01-25,814.62,payment,branch,14
7978,993,2025-06-05,3693.76,withdraw,mobile,10
7979,288,2024-07-15,2026.81,transfer,online,14
7980,407,2024-12-30,1850.37,transfer,branch,9
7981,947,2024-09-19,2306.29,payment,mobile,4
7982,973,2025-06-09,2353.2,deposit,online,14
7983,464,2024-11-26,1745.24,transfer,branch,13
7984,638,2024-11-22,1453.68,transfer,atm,11
7985,611,2025-06-26,74.77,deposit,online,8
7986,852,2023-10-18,441.42,deposit,mobile,17
7987,905,2024-09-21,410.73,payment,atm,3
7988,904,2025-03-03,2442.64,deposit,mobile,17
7989,879,2025-06-01,4477.39,transfer,mobile,12
7990,604,2024-01-28,2796.56,payment,online,18
7991,228,2023-10-14,2804.39,deposit,online,5
7992,869,2024-02-21,2412.53,payment,branch,6
7993,810,2024-08-05,1250.15,deposit,online,11
7994,870,2024-08-22,3757.78,payment,branch,6
7995,689,2025-08-23,519.44,withdraw,branch,12
7996,260,2024-07-16,5027.04,withdraw,branch,5
7997,922,2024-07-09,2023.74,withdraw,online,7
7998,778,2024-03-09,2717.96,transfer,branch,14
7999,412,2025-09-08,1030.59,withdraw,mobile,11
8000,910,2024-02-12,1602.52,transfer,online,4
8001,109,2025-04-09,2884.32,payment,mobile,19
8002,207,2024-05-26,1221.37,transfer,branch,4
8003,902,2025-06-15,12.32,withdraw,online,18
8004,911,2024-01-05,1013.84,payment,online,12
8005,681,2023-10-16,2118.5,withdraw,atm,2
8006,542,2025-07-25,2889.34,payment,mobile,9
8007,840,2024-05-08,802.21,deposit,atm,17
8008,8,2025-09-04,2718.67,withdraw,atm,15
8009,411,2024-03-19,1083.41,withdraw,mobile,10
8010,544,2025-05-05,2330.76,payment,atm,14
8011,333,2025-05-15,4668.45,deposit,mobile,3
8012,479,2025-03-31,3429.29,transfer,atm,9
8013,141,2024-07-16,1948.07,withdraw,branch,9
8014,914,2025-02-16,1377.92,payment,online,1
8015,768,2025-01-31,2355.83,transfer,atm,17
8016,291,2024-04-10,2235.23,deposit,online,13
8017,318,2023-10-18,1072.42,transfer,mobile,8
8018,833,2025-09-29,2455.51,withdraw,mobile,7
8019,333,2025-04-26,2749.97,deposit,branch,11
8020,782,2024-01-20,1486.41,deposit,branch,8
8021,415,2024-01-17,905.07,withdraw,branch,18
8022,439,2023-10-11,1883.41,transfer,mobile,6
8023,897,2023-12-23,2360.34,deposit,atm,3
8024,30,2025-05-01,1660.38,transfer,atm,7
8025,406,2025-04-22,773.05,deposit,branch,2
8026,927,2024-04-07,696.45,withdraw,mobile,4
8027,398,2024-11-04,1717.14,deposit,atm,4
8028,18,2025-08-02,3410.19,payment,atm,1
8029,125,2025-09-08,2266.66,deposit,branch,3
8030,247,2024-02-03,2464.21,withdraw,atm,11
8031,9,2025-01-07,1339.89,withdraw,mobile,10
8032,647,2024-11-26,2583.24,deposit,mobile,4
8033,17,2025-09-15,765.17,deposit,online,15
8034,659,2023-11-01,2942.62,deposit,mobile,4
8035,77,2024-08-16,2320.41,transfer,mobile,15
8036,113,2024-10-10,4147.92,deposit,mobile,5
8037,25,2024-06-16,1879.95,withdraw,branch,9
8038,206,2024-04-15,3284.42,transfer,atm,4
8039,215,2025-03-20,1245.2,transfer,atm,14
8040,455,2023-12-30,1628.82,withdraw,mobile,18
8041,288,2024-08-03,54.09,payment,mobile,11
8042,986,2024-04-09,2804.11,withdraw,mobile,5
8043,438,2025-03-21,1037.58,payment,online,8
8044,528,2024-04-06,2650.19,withdraw,online,9
8045,736,2024-08-28,2007.86,withdraw,mobile,12
8046,143,2024-06-03,3842.39,deposit,atm,1
8047,761,2024-09-20,312.92,payment,branch,1
8048,171,2025-07-06,1766.33,deposit,online,9
8049,958,2023-11-15,683.9,deposit,mobile,5
8050,708,2024-11-12,1981.12,deposit,mobile,8
8051,729,2024-09-25,2329.61,payment,mobile,6
8052,234,2025-06-30,1791.59,payment,branch,10
8053,36,2024-07-07,875.43,transfer,mobile,12
8054,161,2025-08-18,2076.43,deposit,branch,6
8055,831,2024-03-18,1147.29,withdraw,atm,5
8056,970,2024-05-17,1779.41,payment,branch,5
8057,386,2025-03-21,1011.99,transfer,mobile,6
8058,805,2023-10-08,1290.28,deposit,branch,18
8059,930,2023-11-16,1355.69,deposit,mobile,12
8060,910,2025-03-30,2221.24,withdraw,atm,6
8061,47,2025-01-18,61.32,deposit,atm,9
8062,631,2024-04-25,4339.59,withdraw,online,9
8063,684,2023-10-28,2321.15,deposit,online,8
8064,476,2024-12-15,1778.26,payment,branch,14
8065,657,2023-10-29,715.64,withdraw,atm,14
8066,560,2025-08-04,1367.06,payment,branch,7
8067,607,2025-03-04,1626.65,payment,online,4
8068,531,2024-03-06,3330.13,withdraw,online,2
8069,7,2023-10-11,1858.44,transfer,branch,17
8070,672,2025-09-22,1350.6,payment,online,2
8071,487,2025-02-07,2123.78,transfer,mobile,10
8072,641,2025-09-12,2280.6,deposit,online,17
8073,576,2025-06-16,2487.68,withdraw,branch,7
8074,104,2025-01-11,1946.01,payment,branch,4
8075,55,2025-05-13,1870.3,payment,atm,4
8076,441,2025-01-12,1388.75,transfer,online,13
8077,61,2024-10-08,2086.5,payment,atm,5
8078,372,2025-03-05,3819.46,deposit,branch,19
8079,613,2024-12-13,1306.72,withdraw,atm,12
8080,346,2023-11-18,3170.14,deposit,atm,14
8081,337,2023-12-01,2183.61,deposit,branch,4
8082,686,2023-12-11,2201.91,payment,branch,13
8083,584,2024-07-31,3351.98,deposit,atm,4
8084,547,2025-04-28,1829.11,transfer,branch,4
8085,441,2025-05-13,1767.3,payment,atm,19
8086,858,2025-03-02,3451.12,transfer,mobile,3
8087,424,2025-06-21,2766.24,transfer,atm,9
8088,554,2024-02-24,3521.38,transfer,branch,3
8089,244,2025-08-16,243.42,withdraw,online,11
8090,106,2023-10-22,3447.34,withdraw,atm,10
8091,939,2024-07-02,1607.59,transfer,branch,8
8092,753,2025-07-10,1411.89,payment,online,18
8093,155,2023-12-01,3274.54,withdraw,branch,16
8094,610,2024-12-16,3233.9,deposit,online,3
8095,694,2024-01-01,2983.07,transfer,atm,16
8096,325,2025-03-03,1467.37,payment,online,11
8097,619,2024-11-14,2504.96,withdraw,online,17
8098,334,2024-05-12,1908.16,transfer,branch,5
8099,301,2025-06-23,3010.23,payment,atm,10
8100,909,2024-06-01,488.64,transfer,online,13
8101,804,2024-10-07,961.22,transfer,online,7
8102,527,2025-08-20,4071.75,deposit,branch,14
8103,233,2025-09-09,4414.85,transfer,atm,11
8104,325,2025-02-01,2148.45,payment,atm,19
8105,809,2024-01-31,1782.0,withdraw,atm,17
8106,372,2025-02-16,335.64,transfer,atm,12
8107,745,2023-12-20,1887.45,payment,branch,8
8108,747,2023-10-31,1652.74,transfer,online,6
8109,521,2024-07-14,627.6,transfer,atm,3
8110,460,2024-01-09,2940.77,payment,mobile,16
8111,107,2024-04-01,4238.36,payment,branch,14
8112,919,2024-12-27,771.35,deposit,branch,15
8113,627,2025-08-01,3776.59,transfer,mobile,16
8114,141,2025-04-06,2768.9,withdraw,mobile,4
8115,444,2025-01-18,893.68,withdraw,mobile,18
8116,622,2025-09-15,1089.31,payment,atm,4
8117,97,2025-08-17,1831.63,deposit,mobile,17
8118,616,2025-02-07,1063.19,transfer,mobile,16
8119,219,2025-09-03,1677.94,payment,online,16
8120,188,2025-09-14,3252.13,deposit,online,18
8121,423,2024-09-14,1258.83,transfer,branch,9
8122,936,2024-05-14,2825.86,transfer,atm,16
8123,175,2024-11-30,3035.39,payment,branch,11
8124,94,2025-02-24,2511.7,transfer,branch,18
8125,654,2025-01-04,856.66,withdraw,branch,8
8126,295,2024-08-19,617.81,transfer,online,7
8127,44,2024-09-30,1481.26,payment,mobile,13
8128,435,2024-01-28,2066.19,transfer,mobile,18
8129,359,2023-10-19,877.89,transfer,branch,19
8130,284,2025-03-13,2920.74,transfer,online,4
8131,241,2023-10-28,1234.34,payment,mobile,15
8132,896,2025-04-28,2700.95,deposit,mobile,13
8133,903,2025-07-25,1845.82,transfer,online,17
8134,228,2024-03-20,728.01,withdraw,online,18
8135,822,2024-05-29,1453.98,payment,branch,6
8136,802,2024-10-14,1686.93,payment,online,15
8137,521,2024-10-09,3246.91,transfer,atm,1
8138,501,2025-05-09,1359.54,transfer,atm,5
8139,963,2025-07-17,2379.67,payment,atm,1
8140,258,2023-12-25,3805.03,payment,mobile,14
8141,142,2025-01-09,1375.93,deposit,online,16
8142,994,2025-08-10,421.4,deposit,online,13
8143,702,2025-02-23,1613.89,withdraw,online,5
8144,469,2024-03-27,3616.55,withdraw,atm,19
8145,766,2025-01-08,842.99,deposit,mobile,10
8146,940,2023-11-04,2933.78,deposit,online,10
8147,563,2024-02-18,1810.3,withdraw,branch,5
8148,8,2025-01-21,2244.98,deposit,atm,4
8149,345,2025-07-16,3041.82,deposit,atm,18
8150,477,2025-01-02,1049.16,deposit,online,16
8151,179,2024-09-09,2095.08,withdraw,online,1
8152,824,2025-03-04,2107.71,withdraw,branch,17
8153,139,2025-09-01,3500.59,deposit,branch,6
8154,849,2025-08-06,372.91,payment,atm,19
8155,90,2024-09-10,1773.39,transfer,atm,1
8156,543,2024-04-21,1826.67,transfer,branch,5
8157,421,2023-11-09,1207.94,payment,branch,17
8158,444,2023-10-07,1956.09,payment,online,13
8159,491,2024-04-18,3259.01,payment,atm,14
8160,949,2025-01-17,895.26,payment,mobile,9
8161,790,2024-07-17,2121.04,payment,mobile,12
8162,692,2023-10-22,2372.09,withdraw,atm,3
8163,841,2024-01-28,2277.84,payment,mobile,9
8164,540,2025-03-18,968.41,transfer,atm,7
8165,185,2025-06-06,5200.47,deposit,online,13
8166,845,2024-02-18,1041.91,withdraw,mobile,19
8167,439,2024-04-16,2746.98,transfer,mobile,19
8168,203,2024-12-02,4409.59,withdraw,atm,2
8169,472,2025-06-13,2146.16,withdraw,branch,7
8170,675,2023-12-03,2359.8,withdraw,mobile,16
8171,913,2025-05-05,3683.15,payment,atm,9
8172,497,2024-06-27,2098.95,payment,mobile,2
8173,109,2025-08-24,439.85,withdraw,mobile,5
8174,199,2024-12-22,1762.83,payment,atm,17
8175,186,2025-01-02,1337.65,deposit,online,19
8176,887,2023-12-29,861.02,withdraw,online,7
8177,238,2024-06-12,1110.55,withdraw,online,11
8178,365,2025-05-27,1509.67,withdraw,branch,14
8179,220,2024-11-22,581.04,payment,branch,1
8180,336,2023-11-24,2416.37,transfer,online,6
8181,950,2025-05-23,2375.03,transfer,online,1
8182,757,2024-08-29,3324.2,withdraw,atm,2
8183,240,2024-02-22,2634.19,payment,mobile,7
8184,554,2024-05-24,1216.67,transfer,branch,13
8185,898,2023-11-17,844.84,withdraw,online,11
8186,402,2023-11-27,3177.9,transfer,online,6
8187,252,2025-03-21,2507.75,payment,atm,19
8188,702,2024-06-22,1258.89,payment,branch,19
8189,687,2025-02-19,3825.2,transfer,branch,6
8190,65,2025-07-08,2688.53,transfer,online,5
8191,704,2024-03-01,1024.23,payment,online,8
8192,83,2024-05-05,1893.42,withdraw,atm,6
8193,969,2024-04-07,811.08,deposit,atm,17
8194,370,2025-01-17,2262.12,payment,online,15
8195,614,2024-10-08,1779.7,transfer,atm,17
8196,552,2025-08-18,2442.12,payment,branch,15
8197,237,2024-04-29,2603.96,deposit,online,18
8198,434,2024-04-02,887.19,payment,atm,18
8199,465,2024-10-27,2207.33,payment,atm,18
8200,541,2024-09-15,2495.76,transfer,branch,2
8201,572,2024-09-02,1867.48,deposit,branch,16
8202,949,2025-09-21,194.34,transfer,atm,8
8203,81,2024-10-13,2052.44,withdraw,branch,1
8204,922,2025-04-25,2251.59,payment,atm,15
8205,373,2025-01-04,739.45,deposit,mobile,1
8206,77,2024-05-17,3452.84,deposit,online,2
8207,568,2024-12-15,887.53,withdraw,mobile,6
8208,242,2025-10-02,3060.19,transfer,mobile,15
8209,127,2025-03-05,3081.82,transfer,online,1
8210,85,2023-12-25,2395.87,transfer,branch,8
8211,95,2024-03-06,4103.32,payment,branch,19
8212,594,2024-04-21,3556.68,payment,mobile,7
8213,263,2025-08-26,1301.06,withdraw,atm,14
8214,568,2024-05-14,2275.26,payment,mobile,15
8215,8,2024-12-17,2786.98,withdraw,online,7
8216,255,2024-07-15,1339.18,payment,branch,11
8217,224,2024-01-01,3418.97,withdraw,mobile,9
8218,898,2025-01-02,2728.78,withdraw,branch,19
8219,543,2024-12-08,2088.91,deposit,online,18
8220,308,2024-11-20,1466.84,withdraw,atm,11
8221,501,2024-02-14,1108.66,withdraw,atm,8
8222,158,2024-08-30,861.1,payment,online,10
8223,11,2024-07-21,810.47,withdraw,branch,8
8224,182,2024-01-08,1444.22,withdraw,branch,9
8225,197,2024-11-16,2236.83,transfer,mobile,3
8226,193,2024-08-26,3850.81,deposit,atm,6
8227,973,2024-09-03,2087.71,transfer,branch,19
8228,527,2024-11-16,3178.54,payment,online,18
8229,46,2025-04-17,2190.26,transfer,atm,4
8230,946,2024-07-24,1489.52,payment,mobile,8
8231,544,2025-03-19,1515.32,withdraw,branch,4
8232,242,2023-12-08,2940.12,deposit,atm,17
8233,903,2024-05-03,1686.04,transfer,online,19
8234,681,2024-09-17,2201.28,transfer,atm,6
8235,891,2025-05-02,2795.86,withdraw,branch,10
8236,760,2024-12-26,1554.16,deposit,branch,18
8237,912,2024-05-20,1271.68,deposit,online,19
8238,754,2023-12-26,5041.44,payment,atm,17
8239,16,2025-03-21,4034.59,withdraw,online,2
8240,143,2024-01-10,4886.91,deposit,atm,13
8241,979,2024-11-27,986.84,withdraw,atm,3
8242,616,2025-07-29,4184.18,withdraw,atm,5
8243,922,2023-12-25,867.95,transfer,branch,5
8244,981,2024-07-11,2964.07,withdraw,mobile,6
8245,508,2024-12-18,1919.97,deposit,branch,18
8246,546,2024-03-22,2918.35,deposit,online,12
8247,588,2024-05-07,2311.52,transfer,branch,2
8248,125,2025-03-23,2927.28,payment,mobile,6
8249,996,2023-11-26,1087.83,withdraw,online,2
8250,568,2024-11-07,1794.64,transfer,atm,2
8251,813,2024-02-08,4823.89,payment,branch,17
8252,661,2024-07-24,1057.25,payment,branch,12
8253,13,2025-07-17,1417.75,withdraw,mobile,10
8254,890,2024-07-31,2198.55,payment,mobile,2
8255,59,2023-10-26,692.22,payment,atm,16
8256,309,2025-04-16,1927.49,transfer,atm,6
8257,756,2024-10-21,5385.56,transfer,branch,2
8258,485,2025-01-17,872.58,transfer,branch,11
8259,133,2025-04-24,1548.41,payment,branch,3
8260,912,2025-08-18,1450.16,withdraw,online,11
8261,4,2025-09-11,844.53,payment,online,2
8262,439,2024-05-21,2616.69,payment,atm,19
8263,953,2025-01-28,1900.75,deposit,atm,1
8264,629,2024-11-18,625.79,payment,online,5
8265,924,2023-12-30,3636.71,deposit,mobile,6
8266,65,2025-05-24,988.02,payment,branch,18
8267,96,2024-01-19,1581.64,withdraw,branch,12
8268,405,2025-01-25,2545.99,payment,branch,15
8269,721,2024-04-22,1507.84,transfer,online,6
8270,668,2025-01-12,2839.17,transfer,mobile,16
8271,191,2025-03-15,266.22,transfer,mobile,15
8272,441,2024-06-22,2533.95,withdraw,branch,12
8273,852,2025-03-18,4956.53,withdraw,atm,12
8274,897,2024-05-03,1315.28,withdraw,atm,12
8275,974,2025-03-12,550.1,payment,atm,1
8276,293,2024-12-11,3363.93,payment,mobile,15
8277,781,2024-11-28,3104.0,payment,atm,12
8278,616,2023-12-12,2441.19,payment,online,6
8279,983,2025-04-09,3602.28,withdraw,online,7
8280,566,2023-10-19,3574.8,transfer,online,16
8281,419,2025-09-14,4047.81,payment,atm,13
8282,269,2024-08-31,2598.82,deposit,atm,18
8283,733,2024-02-16,2895.12,payment,branch,4
8284,361,2025-01-07,1835.79,deposit,online,4
8285,840,2025-04-26,2498.01,payment,branch,12
8286,686,2025-03-19,1144.66,payment,online,10
8287,245,2024-05-11,1689.75,deposit,branch,1
8288,598,2023-12-19,1363.23,deposit,online,10
8289,954,2024-01-26,156.56,withdraw,atm,1
8290,666,2024-08-10,2567.17,deposit,mobile,3
8291,381,2024-02-24,1084.84,withdraw,online,5
8292,165,2023-12-22,1805.55,withdraw,branch,7
8293,193,2024-06-02,2227.52,transfer,mobile,13
8294,480,2023-10-23,1293.18,payment,online,11
8295,690,2025-06-11,2903.86,withdraw,mobile,2
8296,154,2025-04-01,661.91,deposit,branch,7
8297,86,2025-04-15,700.48,deposit,online,1
8298,146,2025-09-18,2201.04,transfer,online,10
8299,828,2025-03-05,2398.47,transfer,atm,7
8300,959,2024-06-12,2737.75,deposit,online,11
8301,199,2025-09-26,652.26,deposit,atm,11
8302,145,2023-11-30,943.69,payment,online,2
8303,181,2023-11-18,1809.77,transfer,online,9
8304,192,2023-11-22,2.66,payment,mobile,8
8305,709,2024-06-23,2323.76,transfer,atm,1
8306,553,2025-05-25,1323.36,deposit,mobile,12
8307,935,2024-07-25,2803.59,payment,mobile,2
8308,114,2024-12-24,3208.93,withdraw,mobile,1
8309,842,2023-12-01,895.94,payment,atm,2
8310,170,2025-07-18,2534.69,withdraw,online,10
8311,943,2025-01-22,3397.05,deposit,mobile,2
8312,54,2023-12-06,1604.4,transfer,atm,10
8313,701,2025-06-20,1450.04,withdraw,atm,4
8314,997,2025-04-09,583.37,payment,online,1
8315,225,2023-10-25,111.51,withdraw,atm,5
8316,235,2025-01-17,3316.54,withdraw,online,1
8317,389,2024-09-11,1056.91,deposit,online,7
8318,908,2025-01-05,225.31,withdraw,mobile,14
8319,166,2025-04-28,1147.63,transfer,mobile,15
8320,112,2024-05-06,1496.1,withdraw,branch,3
8321,139,2024-12-24,1947.06,deposit,mobile,6
8322,882,2024-06-20,645.87,deposit,mobile,2
8323,60,2024-08-13,2830.08,payment,online,10
8324,17,2025-01-05,2036.57,payment,online,8
8325,541,2025-02-24,2979.83,withdraw,atm,11
8326,405,2024-05-27,1251.2,payment,online,11
8327,430,2024-02-16,2201.07,transfer,mobile,4
8328,764,2023-11-05,622.35,payment,atm,6
8329,958,2024-04-20,1116.04,payment,branch,9
8330,197,2024-09-11,590.83,deposit,branch,7
8331,349,2024-09-19,3207.05,payment,online,8
8332,762,2025-06-09,2190.03,payment,atm,2
8333,937,2024-05-19,104.02,withdraw,mobile,3
8334,167,2024-10-30,555.37,deposit,online,13
8335,920,2025-04-22,2324.16,withdraw,online,6
8336,955,2025-09-19,2191.13,deposit,online,4
8337,521,2024-03-13,2393.33,transfer,branch,8
8338,299,2024-02-01,1141.18,deposit,atm,19
8339,366,2025-06-10,2229.76,withdraw,mobile,7
8340,863,2025-05-21,811.42,deposit,mobile,17
8341,739,2025-10-02,1912.7,withdraw,online,3
8342,650,2024-07-10,667.85,deposit,mobile,15
8343,451,2024-05-28,3360.02,payment,mobile,6
8344,395,2025-07-27,23.14,payment,atm,7
8345,966,2025-03-13,1667.62,withdraw,mobile,2
8346,486,2025-08-07,2190.54,transfer,atm,18
8347,442,2025-06-05,936.71,transfer,atm,2
8348,967,2024-05-07,3694.9,deposit,mobile,13
8349,616,2025-03-26,1246.67,withdraw,online,10
8350,258,2024-02-15,1453.64,withdraw,atm,11
8351,101,2023-11-08,942.86,transfer,branch,18
8352,225,2024-01-25,4414.44,deposit,online,17
8353,774,2024-08-05,3543.56,payment,mobile,1
8354,924,2023-11-25,2068.25,payment,branch,8
8355,77,2024-09-21,2711.42,deposit,mobile,1
8356,522,2024-11-12,2619.93,payment,mobile,13
8357,186,2023-10-31,2776.05,withdraw,branch,5
8358,196,2024-10-07,2378.09,withdraw,online,9
8359,408,2024-02-12,506.83,payment,online,18
8360,617,2025-09-22,146.21,deposit,mobile,3
8361,38,2023-12-05,1534.27,deposit,mobile,19
8362,284,2025-02-03,2595.96,payment,atm,8
8363,297,2024-09-29,3321.29,withdraw,atm,10
8364,593,2024-09-30,5105.4,transfer,atm,3
8365,804,2024-04-14,2128.56,transfer,branch,12
8366,101,2024-06-25,2948.56,transfer,branch,2
8367,158,2025-05-29,1724.99,payment,atm,1
8368,824,2025-07-07,3284.86,transfer,atm,18
8369,810,2024-12-11,515.46,withdraw,mobile,18
8370,705,2024-09-26,1856.43,withdraw,online,13
8371,667,2023-12-08,432.34,withdraw,branch,12
8372,475,2024-09-13,1177.07,deposit,mobile,8
8373,143,2024-11-11,1902.89,transfer,atm,7
8374,652,2024-02-24,2246.16,withdraw,branch,7
8375,752,2024-01-01,511.52,withdraw,branch,18
8376,430,2025-08-28,404.78,payment,branch,5
8377,903,2025-03-21,2483.09,payment,online,19
8378,868,2025-01-26,2164.09,payment,atm,1
8379,845,2025-03-05,1156.98,withdraw,online,6
8380,662,2024-08-29,1279.36,transfer,atm,16
8381,625,2024-09-24,2661.94,withdraw,branch,15
8382,484,2023-11-13,2020.79,deposit,online,15
8383,574,2024-07-26,1548.07,transfer,online,2
8384,636,2025-05-11,1895.12,withdraw,mobile,8
8385,232,2023-10-09,4049.32,transfer,atm,15
8386,17,2025-09-19,2485.46,deposit,atm,1
8387,1000,2025-03-30,1315.87,payment,online,2
8388,274,2023-11-21,2126.42,transfer,atm,19
8389,660,2024-12-21,837.67,withdraw,mobile,18
8390,329,2024-07-02,3561.95,transfer,mobile,16
8391,172,2023-11-01,3644.48,deposit,atm,3
8392,297,2025-01-10,3880.63,deposit,atm,15
8393,622,2024-03-14,847.88,deposit,branch,3
8394,628,2024-07-03,1429.49,payment,mobile,4
8395,653,2025-06-29,3608.16,withdraw,online,17
8396,879,2025-04-23,3148.29,payment,branch,19
8397,74,2025-03-12,4718.18,payment,branch,17
8398,113,2023-11-18,2713.69,transfer,online,9
8399,497,2025-08-30,2236.33,payment,online,16
8400,855,2024-04-26,1930.86,transfer,mobile,6
8401,386,2024-11-02,662.43,withdraw,mobile,18
8402,669,2025-03-18,1042.67,withdraw,branch,10
8403,701,2024-06-20,2509.33,withdraw,online,4
8404,468,2024-05-08,4393.2,payment,online,11
8405,385,2024-06-13,268.65,withdraw,mobile,10
8406,548,2024-01-29,1246.53,withdraw,mobile,6
8407,702,2025-08-01,2153.79,deposit,online,18
8408,38,2025-02-09,2592.91,withdraw,branch,5
8409,443,2025-06-07,899.53,deposit,online,2
8410,945,2024-07-10,2930.37,deposit,branch,19
8411,319,2025-05-27,2144.89,withdraw,atm,12
8412,863,2025-01-01,833.44,payment,online,17
8413,487,2025-09-05,697.48,payment,mobile,2
8414,924,2024-04-29,2176.68,payment,branch,14
8415,270,2025-02-13,1486.82,deposit,branch,18
8416,67,2024-08-01,2650.4,deposit,online,19
8417,550,2024-05-19,3650.83,deposit,branch,6
8418,425,2025-03-15,2309.65,deposit,branch,16
8419,280,2024-08-30,5768.09,payment,branch,17
8420,201,2024-07-25,921.38,withdraw,mobile,1
8421,557,2024-09-20,3469.63,transfer,online,11
8422,256,2025-08-01,1147.68,payment,mobile,8
8423,517,2024-02-24,828.54,withdraw,atm,3
8424,553,2024-07-16,1884.99,withdraw,atm,19
8425,575,2025-07-21,183.5,payment,online,7
8426,444,2025-01-24,1808.8,deposit,online,11
8427,410,2025-08-31,819.26,deposit,online,6
8428,882,2024-03-11,1713.28,deposit,mobile,13
8429,321,2024-12-18,2653.42,withdraw,atm,17
8430,285,2024-04-23,2136.79,deposit,atm,16
8431,436,2024-12-13,2116.74,payment,branch,6
8432,877,2024-06-28,952.66,withdraw,online,4
8433,649,2023-10-28,1850.87,payment,online,13
8434,184,2025-02-23,1504.5,withdraw,atm,11
8435,554,2024-11-22,4133.69,withdraw,branch,19
8436,380,2024-06-20,2076.14,payment,atm,4
8437,160,2023-10-22,2315.22,withdraw,branch,13
8438,974,2023-12-20,1387.12,payment,mobile,8
8439,146,2023-11-21,2309.6,transfer,online,1
8440,510,2025-05-07,783.35,deposit,atm,11
8441,32,2025-07-13,1653.76,deposit,atm,13
8442,890,2024-07-14,1318.61,payment,mobile,10
8443,577,2023-10-30,959.62,deposit,mobile,10
8444,986,2025-07-21,1489.33,transfer,online,13
8445,489,2025-04-02,474.66,deposit,mobile,6
8446,628,2024-11-25,3481.32,deposit,online,1
8447,127,2024-03-08,1673.53,payment,online,14
8448,288,2025-06-06,3360.56,withdraw,mobile,19
8449,395,2024-01-29,1013.74,deposit,mobile,15
8450,520,2024-09-04,3131.75,withdraw,mobile,1
8451,514,2025-09-17,4550.62,payment,online,6
8452,98,2025-09-30,3094.47,withdraw,mobile,19
8453,807,2025-06-08,2019.64,payment,atm,18
8454,508,2025-02-27,2747.86,payment,atm,4
8455,687,2025-02-07,3733.19,withdraw,mobile,8
8456,746,2024-08-09,919.89,transfer,online,18
8457,980,2024-03-20,2722.46,transfer,mobile,16
8458,638,2025-08-23,1601.87,withdraw,atm,7
8459,108,2024-10-26,3074.28,deposit,online,10
8460,187,2023-12-25,3504.24,withdraw,online,9
8461,753,2024-02-28,2169.01,payment,online,17
8462,954,2024-08-26,871.68,withdraw,atm,13
8463,959,2025-05-06,3225.39,deposit,online,6
8464,964,2023-11-29,2794.04,payment,branch,10
8465,108,2024-02-01,1970.51,transfer,atm,18
8466,291,2024-08-12,3003.34,transfer,mobile,17
8467,42,2025-03-12,1860.89,transfer,branch,17
8468,284,2024-09-12,321.75,transfer,branch,4
8469,11,2025-06-28,1943.23,payment,online,4
8470,576,2024-01-06,2641.52,payment,branch,6
8471,595,2025-06-30,2178.88,transfer,branch,8
8472,315,2024-07-13,243.65,deposit,branch,12
8473,917,2025-10-02,2241.59,deposit,online,8
8474,381,2023-11-23,1540.82,transfer,atm,2
8475,727,2025-08-29,1597.86,transfer,branch,13
8476,962,2023-12-23,2857.58,transfer,online,14
8477,832,2024-02-26,2294.16,transfer,branch,16
8478,159,2025-05-04,3323.88,payment,mobile,6
8479,813,2025-06-18,3605.68,withdraw,branch,17
8480,627,2023-12-14,3043.31,transfer,online,15
8481,104,2025-06-18,1593.89,payment,branch,1
8482,10,2024-10-21,3188.73,payment,online,14
8483,408,2025-08-30,3251.15,withdraw,online,9
8484,568,2025-02-03,1430.01,payment,online,16
8485,534,2024-03-26,450.34,withdraw,atm,8
8486,415,2025-08-20,3230.16,transfer,branch,6
8487,849,2024-10-06,2872.66,withdraw,atm,13
8488,362,2023-12-09,1593.7,withdraw,online,5
8489,789,2025-03-31,1561.6,payment,atm,1
8490,282,2025-09-20,2329.64,deposit,online,18
8491,517,2024-08-18,4152.63,withdraw,branch,12
8492,56,2025-02-18,1077.45,payment,mobile,10
8493,720,2024-06-21,2160.11,deposit,branch,10
8494,40,2024-10-18,559.56,transfer,mobile,19
8495,62,2025-01-29,553.1,deposit,atm,18
8496,108,2025-04-15,2201.14,transfer,mobile,6
8497,277,2024-03-31,1538.76,payment,branch,18
8498,258,2025-08-02,2057.41,deposit,online,15
8499,348,2024-10-19,4537.19,transfer,atm,17
8500,282,2024-05-25,4046.68,payment,online,18
8501,984,2025-08-10,1652.98,payment,online,11
8502,216,2025-01-27,1349.55,payment,atm,11
8503,538,2025-10-06,2289.47,transfer,branch,1
8504,777,2023-11-30,2759.22,transfer,atm,3
8505,445,2023-10-23,1411.01,deposit,branch,1
8506,378,2023-12-30,3074.53,withdraw,branch,6
8507,42,2024-08-20,1173.9,transfer,online,1
8508,297,2024-01-27,1526.81,transfer,atm,19
8509,149,2025-01-10,2778.73,transfer,mobile,2
8510,883,2024-12-08,3493.75,payment,atm,15
8511,743,2024-12-20,2242.94,transfer,branch,13
8512,225,2024-05-14,4307.46,payment,online,8
8513,241,2025-03-21,2360.56,deposit,online,9
8514,318,2024-02-21,946.73,deposit,branch,18
8515,681,2024-06-14,4051.08,payment,online,13
8516,587,2025-08-28,1671.29,withdraw,branch,19
8517,88,2024-06-16,2480.96,withdraw,mobile,3
8518,118,2024-02-18,1149.77,payment,branch,3
8519,311,2024-09-30,1321.7,deposit,mobile,7
8520,830,2025-01-25,1158.75,withdraw,mobile,19
8521,770,2024-02-02,1770.6,withdraw,atm,17
8522,697,2024-11-27,1246.04,transfer,branch,6
8523,507,2024-12-17,2962.63,withdraw,branch,9
8524,152,2024-07-30,1074.86,deposit,atm,2
8525,662,2024-07-23,1552.04,payment,mobile,18
8526,554,2024-03-15,687.34,payment,mobile,10
8527,905,2024-06-10,1531.04,withdraw,branch,13
8528,389,2024-11-30,839.31,transfer,atm,2
8529,730,2024-02-02,549.93,deposit,online,11
8530,598,2024-06-19,2839.11,deposit,online,9
8531,605,2024-10-19,1266.72,transfer,online,12
8532,830,2023-11-27,3943.18,deposit,atm,10
8533,920,2025-04-01,2981.75,transfer,branch,19
8534,388,2023-12-27,930.72,deposit,mobile,9
8535,90,2024-05-25,2033.59,withdraw,mobile,8
8536,189,2023-11-12,2749.43,deposit,atm,13
8537,828,2024-10-15,1718.38,transfer,online,10
8538,981,2025-05-04,641.91,transfer,branch,5
8539,849,2024-11-25,2146.16,transfer,online,2
8540,367,2024-06-09,2184.91,deposit,atm,2
8541,71,2024-01-15,1485.35,withdraw,online,16
8542,423,2024-03-31,2673.33,deposit,mobile,3
8543,523,2024-02-02,5024.13,payment,atm,11
8544,678,2024-12-12,291.21,transfer,online,14
8545,305,2024-04-07,3001.78,withdraw,online,13
8546,151,2024-11-01,1717.27,withdraw,online,13
8547,74,2024-06-06,2568.45,deposit,branch,8
8548,26,2025-08-18,2608.19,payment,atm,5
8549,62,2025-06-15,1546.25,transfer,online,16
8550,102,2025-06-23,620.9,withdraw,branch,19
8551,4,2023-10-17,3389.24,withdraw,branch,16
8552,521,2025-06-12,2628.14,deposit,online,12
8553,124,2023-12-11,1703.33,payment,online,6
8554,542,2025-08-03,1673.69,transfer,online,13
8555,183,2024-05-01,3786.38,deposit,mobile,4
8556,908,2024-12-23,1515.63,withdraw,branch,14
8557,679,2025-08-11,3106.22,payment,atm,17
8558,964,2023-12-20,2169.48,deposit,branch,19
8559,335,2024-10-30,81.55,withdraw,atm,12
8560,521,2024-02-07,1715.57,transfer,mobile,18
8561,660,2025-07-21,2782.85,payment,atm,15
8562,968,2025-06-20,2572.55,transfer,atm,5
8563,236,2024-12-27,344.96,deposit,online,12
8564,357,2024-06-13,2253.58,deposit,branch,19
8565,11,2024-03-21,2150.77,deposit,branch,12
8566,185,2024-05-10,1780.24,deposit,atm,16
8567,505,2024-05-03,2443.99,withdraw,branch,4
8568,708,2025-06-26,2703.81,payment,online,14
8569,281,2025-01-11,1179.57,deposit,branch,19
8570,908,2025-07-19,2847.9,payment,branch,16
8571,673,2025-01-03,3891.75,deposit,mobile,17
8572,939,2024-09-19,2593.41,transfer,online,18
8573,756,2024-12-01,1667.74,transfer,atm,11
8574,916,2024-03-26,2131.22,transfer,branch,5
8575,548,2024-01-08,2454.22,transfer,atm,2
8576,708,2024-01-31,444.74,payment,online,7
8577,322,2024-01-29,2585.13,payment,mobile,7
8578,478,2025-07-06,875.62,deposit,atm,13
8579,490,2025-10-04,1814.97,withdraw,mobile,1
8580,429,2025-02-25,3623.86,transfer,branch,4
8581,457,2024-07-16,1506.09,withdraw,mobile,11
8582,820,2024-12-30,1047.45,transfer,online,4
8583,479,2024-02-09,1774.1,payment,mobile,8
8584,865,2025-01-17,2916.14,payment,atm,19
8585,639,2025-07-04,2019.27,deposit,online,3
8586,317,2025-08-06,1750.78,transfer,online,15
8587,749,2024-11-27,2158.89,deposit,mobile,12
8588,100,2023-11-19,4282.11,payment,branch,19
8589,650,2025-06-07,2340.06,payment,mobile,2
8590,94,2025-08-04,1567.18,withdraw,mobile,1
8591,283,2025-06-02,1699.9,deposit,mobile,19
8592,452,2024-04-08,2221.45,payment,online,8
8593,490,2024-06-22,3536.8,transfer,online,13
8594,63,2024-10-29,2311.3,withdraw,branch,4
8595,377,2025-01-28,2447.13,deposit,atm,10
8596,108,2025-07-12,1172.08,transfer,atm,11
8597,777,2025-07-07,2166.39,withdraw,atm,11
8598,837,2025-01-05,1982.68,transfer,branch,7
8599,785,2023-11-21,1898.99,transfer,atm,1
8600,718,2024-09-19,1871.98,withdraw,mobile,17
8601,507,2025-09-16,1210.3,withdraw,atm,13
8602,872,2024-05-14,565.53,payment,mobile,7
8603,889,2025-06-19,1509.66,transfer,branch,3
8604,178,2024-04-02,2743.8,payment,online,8
8605,582,2025-03-08,2335.81,withdraw,mobile,9
8606,819,2024-07-04,1290.88,deposit,atm,2
8607,559,2025-03-18,1860.42,transfer,atm,16
8608,830,2025-09-28,2188.31,payment,branch,3
8609,166,2024-05-30,562.2,deposit,online,8
8610,383,2025-08-03,3478.94,withdraw,atm,17
8611,71,2025-05-18,101.3,payment,online,18
8612,302,2024-06-20,2702.2,withdraw,online,11
8613,892,2024-12-29,3675.03,withdraw,online,13
8614,954,2025-09-17,4653.15,payment,mobile,4
8615,524,2025-03-09,2243.58,payment,branch,8
8616,93,2025-01-01,2261.43,withdraw,mobile,4
8617,876,2024-08-07,789.07,transfer,atm,15
8618,444,2025-05-27,2517.42,deposit,mobile,7
8619,98,2024-09-03,4057.0,payment,atm,19
8620,278,2025-09-23,3229.21,payment,online,8
8621,734,2025-07-06,189.38,withdraw,mobile,8
8622,635,2025-05-26,2648.37,withdraw,mobile,11
8623,52,2024-06-19,235.6,transfer,atm,16
8624,35,2025-01-05,2514.61,payment,atm,12
8625,754,2025-04-23,1523.75,deposit,mobile,3
8626,102,2024-12-16,1862.59,transfer,atm,3
8627,313,2025-02-17,2634.62,deposit,branch,13
8628,972,2024-07-13,41.67,payment,atm,10
8629,982,2024-09-06,3277.05,transfer,atm,7
8630,442,2024-05-16,2784.6,withdraw,mobile,14
8631,274,2025-06-01,2566.69,withdraw,atm,9
8632,622,2025-03-28,3988.4,deposit,atm,8
8633,833,2024-02-04,2534.07,deposit,branch,1
8634,790,2024-07-22,1421.43,transfer,atm,8
8635,925,2025-10-02,1345.94,transfer,atm,17
8636,636,2025-06-02,749.52,payment,atm,5
8637,22,2025-04-20,1186.23,deposit,online,1
8638,626,2023-10-23,676.92,payment,atm,19
8639,599,2025-07-02,3380.04,withdraw,online,8
8640,37,2024-06-29,1464.59,withdraw,online,6
8641,266,2025-08-03,1817.96,withdraw,online,13
8642,646,2024-02-24,4114.67,payment,branch,1
8643,670,2025-04-11,939.85,deposit,online,4
8644,32,2025-07-26,714.3,payment,mobile,13
8645,17,2024-04-30,2055.62,payment,branch,10
8646,52,2024-06-25,1925.48,payment,online,1
8647,491,2024-05-01,2874.66,deposit,online,6
8648,591,2025-07-06,2962.14,transfer,branch,4
8649,846,2024-11-26,815.93,transfer,mobile,8
8650,46,2025-09-23,2285.66,transfer,branch,1
8651,952,2025-05-12,2301.68,deposit,branch,16
8652,691,2023-10-26,2046.36,payment,online,7
8653,99,2025-04-19,2687.34,deposit,branch,3
8654,892,2024-04-14,365.22,payment,atm,14
8655,790,2025-06-27,2594.7,transfer,branch,2
8656,437,2025-02-09,1277.66,transfer,atm,19
8657,565,2024-09-22,758.39,transfer,mobile,12
8658,343,2025-04-12,2665.23,payment,branch,17
8659,336,2025-04-17,740.92,withdraw,atm,14
8660,899,2024-03-16,1539.86,withdraw,atm,19
8661,280,2024-05-20,2831.0,withdraw,atm,7
8662,92,2024-04-26,2123.36,transfer,online,10
8663,168,2024-06-07,930.37,transfer,mobile,9
8664,615,2023-11-12,1474.32,deposit,mobile,6
8665,569,2024-03-27,884.18,deposit,mobile,4
8666,657,2025-04-08,2234.25,withdraw,online,12
8667,218,2024-07-28,545.82,deposit,branch,5
8668,667,2025-07-31,1992.59,transfer,branch,2
8669,299,2025-03-07,5790.73,withdraw,branch,12
8670,194,2024-07-26,1686.24,withdraw,mobile,12
8671,866,2025-05-17,3397.22,transfer,mobile,16
8672,902,2023-11-22,567.23,transfer,atm,12
8673,726,2024-03-08,3395.94,transfer,branch,19
8674,983,2024-11-06,2008.43,payment,online,14
8675,394,2024-10-21,2982.51,transfer,online,19
8676,505,2025-04-17,2049.09,payment,online,14
8677,22,2025-02-23,285.46,deposit,mobile,10
8678,90,2024-04-06,1400.79,transfer,online,12
8679,776,2024-05-05,1118.24,transfer,online,7
8680,318,2023-11-02,1157.73,deposit,mobile,10
8681,743,2025-01-01,1459.29,payment,online,7
8682,5,2023-11-08,1325.22,deposit,atm,9
8683,492,2024-10-04,522.3,withdraw,branch,1
8684,188,2023-11-29,4088.07,payment,branch,11
8685,413,2025-02-13,414.27,withdraw,atm,9
8686,1,2024-07-26,2868.37,withdraw,atm,6
8687,278,2025-05-07,3754.64,payment,online,18
8688,420,2025-06-07,3686.73,deposit,mobile,4
8689,495,2025-02-27,3674.51,withdraw,online,4
8690,719,2023-10-30,577.33,transfer,online,5
8691,394,2024-09-24,5078.67,transfer,atm,1
8692,722,2025-04-27,1701.51,payment,mobile,14
8693,817,2024-04-02,1133.9,payment,branch,3
8694,161,2024-08-18,2881.01,withdraw,atm,15
8695,724,2024-01-21,725.69,withdraw,atm,19
8696,337,2024-11-02,1866.16,withdraw,mobile,4
8697,249,2025-02-11,1062.49,transfer,online,1
8698,248,2024-09-16,3303.9,payment,atm,17
8699,361,2024-12-08,2526.19,transfer,online,13
8700,499,2024-12-30,2689.67,deposit,atm,2
8701,704,2025-07-08,3149.03,transfer,mobile,19
8702,666,2023-11-10,3573.01,withdraw,online,4
8703,624,2024-02-24,2269.15,withdraw,branch,13
8704,245,2025-09-19,1893.86,transfer,atm,7
8705,827,2024-12-08,1399.46,deposit,mobile,9
8706,521,2025-05-31,2344.36,withdraw,atm,12
8707,593,2025-01-12,1471.93,withdraw,mobile,3
8708,958,2025-06-20,1843.53,withdraw,atm,6
8709,292,2024-12-13,4238.48,deposit,atm,3
8710,477,2025-08-17,2729.14,withdraw,mobile,14
8711,851,2025-03-01,1713.36,withdraw,online,2
8712,753,2025-06-05,3504.13,deposit,mobile,5
8713,560,2025-02-19,122.98,deposit,atm,3
8714,722,2025-02-24,2357.55,payment,atm,18
8715,228,2025-08-07,2050.53,payment,branch,2
8716,154,2025-07-29,1831.07,withdraw,atm,17
8717,563,2025-02-07,1809.36,transfer,branch,19
8718,735,2024-07-19,721.81,payment,atm,13
8719,222,2025-04-06,3613.95,transfer,mobile,5
8720,324,2023-11-02,1987.3,withdraw,online,11
8721,861,2025-07-08,823.45,transfer,branch,9
8722,113,2024-05-11,1447.01,payment,branch,11
8723,853,2025-02-01,798.23,withdraw,atm,10
8724,53,2024-11-27,1904.2,transfer,online,2
8725,525,2024-09-23,1214.42,deposit,mobile,12
8726,583,2024-10-01,1477.64,deposit,mobile,10
8727,166,2024-10-30,3099.9,deposit,atm,11
8728,34,2024-07-03,3571.46,deposit,online,10
8729,524,2025-06-08,2966.94,transfer,mobile,10
8730,637,2024-08-02,480.6,transfer,atm,11
8731,867,2024-06-09,3678.67,withdraw,branch,19
8732,228,2025-02-06,403.21,payment,branch,11
8733,145,2024-10-03,4966.39,payment,mobile,8
8734,888,2024-12-16,2501.63,deposit,mobile,18
8735,78,2025-09-12,1982.5,transfer,mobile,6
8736,265,2025-07-27,1059.07,payment,branch,7
8737,965,2024-12-29,1801.86,payment,mobile,10
8738,11,2025-06-14,470.8,transfer,atm,5
8739,717,2025-06-15,1567.42,deposit,atm,4
8740,105,2025-06-06,321.32,withdraw,online,7
8741,736,2025-03-07,374.73,deposit,online,12
8742,268,2024-02-06,1158.92,withdraw,online,12
8743,151,2025-04-05,873.69,withdraw,branch,17
8744,428,2025-09-23,879.82,deposit,online,7
8745,8,2024-03-25,824.94,transfer,mobile,2
8746,255,2025-02-08,866.49,deposit,mobile,8
8747,930,2023-12-21,2237.76,payment,branch,19
8748,510,2025-03-18,4259.11,transfer,online,8
8749,490,2025-03-04,3154.38,payment,atm,14
8750,847,2025-08-20,1002.31,withdraw,online,4
8751,771,2025-07-02,3499.82,transfer,branch,19
8752,110,2024-09-23,2471.72,deposit,atm,10
8753,466,2025-06-24,4058.87,transfer,online,1
8754,995,2023-11-15,118.29,transfer,branch,9
8755,83,2024-05-14,647.95,deposit,atm,2
8756,665,2025-06-11,2298.02,withdraw,mobile,18
8757,673,2024-04-16,2517.35,deposit,mobile,13
8758,554,2024-09-06,2940.74,payment,branch,5
8759,202,2023-11-09,360.85,payment,atm,14
8760,941,2024-12-31,3603.44,payment,atm,5
8761,684,2024-09-06,1936.42,payment,online,4
8762,487,2024-03-16,2644.66,payment,mobile,8
8763,142,2025-01-26,45.65,withdraw,atm,7
8764,912,2024-05-20,3063.4,withdraw,online,12
8765,982,2023-11-14,2333.47,payment,online,18
8766,207,2024-06-12,2798.89,transfer,branch,17
8767,386,2025-03-18,2295.17,payment,online,18
8768,104,2025-05-05,2189.39,deposit,online,18
8769,927,2025-03-29,414.09,payment,online,4
8770,149,2025-07-04,2616.47,deposit,mobile,8
8771,107,2024-02-07,1085.89,payment,atm,18
8772,979,2023-11-24,1590.86,deposit,online,18
8773,854,2025-10-02,1715.23,deposit,branch,4
8774,524,2024-10-28,2475.28,transfer,atm,7
8775,468,2023-12-02,1735.51,transfer,online,12
8776,53,2024-11-14,3115.36,deposit,branch,8
8777,152,2025-07-05,812.95,withdraw,online,5
8778,379,2025-01-21,2178.59,withdraw,mobile,4
8779,376,2024-07-04,2558.02,withdraw,branch,14
8780,120,2024-08-19,1665.38,transfer,atm,11
8781,47,2024-12-31,2522.29,transfer,mobile,4
8782,763,2025-02-07,2756.65,payment,mobile,2
8783,602,2025-01-27,3278.5,payment,branch,18
8784,478,2024-08-09,557.35,payment,online,14
8785,899,2025-07-06,223.68,withdraw,branch,11
8786,306,2024-12-04,1993.36,withdraw,branch,13
8787,637,2024-09-30,2183.22,payment,atm,10
8788,410,2025-04-09,2808.66,transfer,mobile,13
8789,630,2025-02-12,3412.0,withdraw,mobile,2
8790,112,2024-01-11,99.95,payment,online,8
8791,215,2024-07-28,1134.15,withdraw,branch,1
8792,962,2024-01-19,2339.4,transfer,mobile,4
8793,745,2024-07-19,4132.77,withdraw,online,10
8794,796,2024-07-10,2807.43,payment,branch,2
8795,462,2025-02-07,3446.85,payment,online,7
8796,429,2025-02-28,1816.84,transfer,branch,5
8797,904,2024-10-16,1590.2,transfer,mobile,7
8798,495,2025-02-23,3367.38,transfer,online,11
8799,738,2024-11-03,524.92,transfer,online,17
8800,189,2025-02-01,1427.39,withdraw,mobile,3
8801,777,2025-09-30,2458.25,transfer,atm,17
8802,505,2024-09-11,3552.52,deposit,online,9
8803,471,2025-06-18,3313.27,deposit,mobile,10
8804,826,2025-05-19,3045.89,withdraw,online,12
8805,670,2024-02-09,986.89,deposit,online,3
8806,178,2024-03-30,1204.65,deposit,mobile,17
8807,283,2023-10-25,3484.93,payment,atm,11
8808,346,2024-09-02,2817.99,transfer,atm,16
8809,134,2024-01-27,2279.12,withdraw,atm,16
8810,490,2024-09-14,1804.86,deposit,mobile,8
8811,387,2024-05-28,1093.23,withdraw,online,8
8812,787,2023-12-05,1172.4,transfer,online,18
8813,276,2024-01-30,1509.57,transfer,branch,9
8814,954,2024-08-05,2344.05,transfer,mobile,11
8815,349,2024-04-21,1593.27,payment,atm,3
8816,57,2025-07-29,1668.18,payment,mobile,11
8817,617,2025-09-25,1861.35,payment,online,16
8818,674,2025-04-19,2570.58,deposit,branch,19
8819,747,2025-09-27,1498.71,deposit,online,5
8820,494,2024-02-27,1116.29,transfer,online,18
8821,651,2024-01-18,2620.35,withdraw,branch,13
8822,303,2025-09-01,3539.8,payment,mobile,5
8823,327,2023-11-09,3576.04,deposit,online,8
8824,403,2023-11-25,1658.51,withdraw,mobile,11
8825,759,2025-01-18,1750.39,deposit,branch,3
8826,445,2025-10-02,79.16,deposit,branch,19
8827,76,2024-03-06,3067.15,transfer,branch,8
8828,819,2025-10-02,2572.65,deposit,online,10
8829,590,2025-01-18,2856.34,deposit,branch,10
8830,186,2025-04-19,965.63,deposit,atm,10
8831,710,2025-02-28,769.18,transfer,branch,6
8832,817,2023-12-17,895.87,payment,online,7
8833,293,2025-04-30,1359.5,deposit,atm,14
8834,153,2025-08-27,2710.14,payment,branch,7
8835,638,2023-12-03,81.03,payment,online,7
8836,489,2025-08-25,540.68,payment,mobile,15
8837,79,2023-11-22,2066.28,transfer,online,15
8838,101,2024-11-29,1156.85,payment,online,3
8839,351,2024-10-24,607.18,deposit,mobile,5
8840,428,2025-04-19,3582.82,withdraw,branch,5
8841,443,2024-05-09,2614.32,payment,mobile,2
8842,945,2024-05-13,1806.18,withdraw,branch,3
8843,590,2024-01-25,3593.81,deposit,mobile,4
8844,416,2025-03-21,2597.57,deposit,online,12
8845,584,2025-06-29,3877.86,payment,mobile,1
8846,139,2024-08-25,1307.23,deposit,mobile,6
8847,197,2025-06-30,3869.55,payment,atm,16
8848,865,2024-01-14,2.48,deposit,branch,19
8849,500,2024-06-24,1079.22,payment,online,1
8850,442,2024-06-25,3519.47,deposit,online,5
8851,981,2024-11-21,791.92,payment,atm,4
8852,236,2024-01-14,4447.04,payment,mobile,7
8853,815,2024-07-05,1377.43,withdraw,mobile,2
8854,588,2024-08-18,2305.26,transfer,atm,5
8855,311,2023-11-13,2112.09,deposit,branch,13
8856,340,2024-12-05,1771.11,transfer,online,7
8857,726,2025-04-15,2537.39,transfer,online,11
8858,760,2025-02-05,423.14,payment,branch,15
8859,968,2024-02-18,2208.84,payment,branch,3
8860,20,2025-04-22,824.69,payment,mobile,3
8861,468,2024-02-25,1003.71,payment,online,10
8862,659,2025-06-16,2874.86,deposit,branch,14
8863,150,2024-03-08,1658.6,withdraw,branch,18
8864,232,2025-07-19,1235.91,transfer,branch,4
8865,42,2025-08-06,2476.68,deposit,online,10
8866,583,2025-06-24,1737.53,withdraw,atm,12
8867,487,2024-12-03,905.35,deposit,atm,16
8868,51,2024-03-11,2864.2,payment,online,19
8869,981,2024-07-15,2010.78,deposit,atm,15
8870,666,2025-06-15,1688.75,withdraw,online,4
8871,118,2023-10-22,3102.1,deposit,atm,2
8872,367,2024-01-05,625.35,payment,branch,12
8873,803,2024-08-31,1997.19,withdraw,online,8
8874,251,2025-07-21,86.45,payment,branch,3
8875,904,2024-12-11,2237.39,withdraw,online,16
8876,110,2024-02-26,1248.41,payment,atm,19
8877,738,2024-02-03,1096.09,deposit,online,18
8878,957,2024-04-20,2246.56,transfer,mobile,19
8879,334,2024-09-08,6251.05,payment,branch,15
8880,885,2025-03-07,2034.35,deposit,online,13
8881,197,2024-09-08,2615.14,withdraw,branch,12
8882,390,2024-02-23,2152.29,transfer,online,12
8883,493,2025-02-18,991.53,withdraw,atm,5
8884,320,2024-02-09,482.88,withdraw,mobile,8
8885,670,2023-12-18,3337.62,payment,atm,19
8886,6,2025-02-23,837.12,withdraw,online,13
8887,259,2024-09-17,1346.63,transfer,atm,11
8888,605,2024-03-27,2866.77,transfer,online,3
8889,533,2024-03-27,691.67,transfer,mobile,18
8890,985,2024-03-11,2202.73,deposit,mobile,15
8891,275,2024-12-14,2049.5,payment,mobile,16
8892,835,2024-12-26,752.13,deposit,atm,1
8893,547,2025-07-20,1124.68,withdraw,atm,3
8894,447,2024-06-23,1148.35,deposit,branch,16
8895,349,2025-01-04,891.1,payment,online,4
8896,96,2024-03-16,520.8,deposit,online,5
8897,746,2023-12-18,2698.0,withdraw,branch,19
8898,619,2024-05-01,2961.67,transfer,branch,15
8899,967,2025-05-27,1476.39,payment,atm,2
8900,219,2024-03-11,1799.99,deposit,online,9
8901,701,2024-11-21,1429.32,deposit,mobile,3
8902,350,2025-01-10,5156.34,deposit,atm,19
8903,628,2024-04-02,2650.88,payment,online,2
8904,90,2025-06-03,1366.63,transfer,online,16
8905,616,2025-08-26,197.24,withdraw,branch,5
8906,160,2025-02-23,445.76,deposit,atm,19
8907,749,2024-12-12,323.73,transfer,atm,1
8908,708,2025-05-23,2150.22,deposit,branch,13
8909,423,2023-11-20,4775.49,payment,online,18
8910,119,2024-04-25,1857.44,transfer,online,16
8911,97,2024-11-10,3656.32,deposit,atm,13
8912,937,2023-10-22,3004.04,transfer,mobile,16
8913,407,2025-07-17,1362.37,payment,online,5
8914,843,2025-02-19,4026.91,deposit,atm,7
8915,164,2023-11-28,2872.19,withdraw,branch,4
8916,942,2023-11-10,3721.33,transfer,atm,10
8917,246,2025-01-03,1921.08,deposit,online,4
8918,282,2024-06-01,4032.75,deposit,online,11
8919,348,2025-01-11,1786.89,withdraw,atm,7
8920,786,2023-10-15,1766.34,transfer,atm,12
8921,494,2024-09-03,3006.75,withdraw,atm,6
8922,401,2024-09-28,2957.16,transfer,mobile,13
8923,810,2025-02-20,421.84,withdraw,atm,8
8924,276,2023-11-10,3046.92,deposit,atm,19
8925,914,2024-07-08,2871.99,withdraw,mobile,18
8926,464,2024-08-19,874.64,withdraw,mobile,3
8927,409,2024-10-04,4404.39,deposit,branch,11
8928,807,2024-12-12,2518.51,withdraw,atm,18
8929,730,2025-09-10,395.44,payment,mobile,2
8930,505,2024-09-14,889.72,deposit,mobile,19
8931,1000,2024-02-03,2363.45,withdraw,online,6
8932,754,2025-06-20,2834.94,withdraw,atm,5
8933,593,2024-07-02,455.81,transfer,online,11
8934,835,2025-08-30,204.56,transfer,mobile,13
8935,191,2025-08-20,1021.36,transfer,online,19
8936,254,2024-11-08,3231.27,transfer,branch,12
8937,498,2025-07-09,1923.7,transfer,online,12
8938,532,2025-01-06,776.77,transfer,online,8
8939,117,2023-11-16,462.96,transfer,online,12
8940,446,2024-12-31,3513.01,deposit,online,10
8941,920,2024-10-18,3979.64,withdraw,online,13
8942,902,2025-06-16,3483.75,withdraw,atm,14
8943,185,2023-10-30,1067.61,withdraw,mobile,13
8944,82,2025-06-05,658.86,payment,mobile,4
8945,60,2025-04-11,1686.77,transfer,atm,7
8946,253,2024-01-15,1651.79,withdraw,atm,10
8947,233,2024-07-28,3.25,payment,mobile,14
8948,411,2024-10-16,2781.79,payment,atm,2
8949,915,2024-12-20,2287.57,transfer,atm,8
8950,283,2025-03-28,2713.51,transfer,online,4
8951,635,2025-08-25,4073.68,payment,online,9
8952,658,2024-06-25,1872.28,deposit,mobile,3
8953,251,2024-08-08,3049.45,transfer,mobile,4
8954,118,2025-01-13,442.55,withdraw,atm,11
8955,168,2023-10-26,2246.48,payment,mobile,1
8956,604,2024-02-27,2951.32,deposit,mobile,1
8957,550,2023-12-17,1194.96,withdraw,mobile,1
8958,953,2024-06-27,1380.76,deposit,branch,2
8959,830,2025-02-22,123.9,transfer,branch,8
8960,201,2024-03-27,694.68,withdraw,mobile,2
8961,155,2024-08-26,3503.58,withdraw,branch,13
8962,24,2024-02-01,3696.5,transfer,atm,1
8963,946,2025-06-01,2138.42,withdraw,online,12
8964,37,2024-06-16,3295.72,transfer,branch,13
8965,169,2024-12-28,856.21,transfer,online,16
8966,177,2025-09-09,839.7,transfer,mobile,9
8967,884,2025-07-09,2485.76,transfer,online,16
8968,755,2025-03-23,2641.01,payment,atm,19
8969,98,2023-12-21,2196.8,transfer,branch,3
8970,946,2025-03-09,1428.39,withdraw,branch,14
8971,438,2025-07-20,477.85,transfer,atm,18
8972,202,2024-05-14,874.79,transfer,branch,12
8973,247,2024-11-01,2645.46,deposit,mobile,6
8974,277,2024-12-17,1502.23,transfer,atm,14
8975,778,2025-07-26,2642.66,transfer,branch,15
8976,854,2024-07-15,2870.85,payment,mobile,15
8977,969,2023-10-10,2967.56,deposit,atm,9
8978,64,2024-06-25,2362.5,withdraw,atm,14
8979,755,2025-09-30,2828.82,withdraw,atm,17
8980,175,2024-10-08,3721.52,deposit,mobile,11
8981,397,2023-11-11,2149.14,withdraw,online,9
8982,953,2024-11-25,3014.71,withdraw,online,8
8983,866,2024-09-01,183.5,payment,atm,3
8984,125,2025-03-01,1401.62,deposit,atm,10
8985,83,2025-04-08,2545.48,deposit,online,17
8986,19,2024-01-29,1416.31,deposit,online,6
8987,723,2023-12-31,1092.45,deposit,mobile,2
8988,140,2024-06-11,2188.92,transfer,online,6
8989,593,2024-09-11,2066.04,transfer,online,19
8990,801,2023-11-22,1213.77,payment,branch,13
8991,257,2023-11-26,2089.36,deposit,atm,2
8992,226,2023-11-27,3629.46,transfer,online,13
8993,76,2024-12-20,604.23,transfer,atm,10
8994,870,2025-04-09,1383.54,withdraw,atm,14
8995,120,2023-10-19,1214.37,withdraw,online,1
8996,276,2025-03-18,2598.53,payment,branch,13
8997,745,2024-07-15,465.67,withdraw,mobile,17
8998,902,2025-08-21,3462.64,deposit,atm,19
8999,955,2025-01-04,2069.79,deposit,mobile,7
9000,446,2025-01-28,1792.61,withdraw,online,19
9001,4,2025-08-06,2113.33,withdraw,atm,14
9002,461,2023-11-11,2265.46,deposit,branch,3
9003,324,2025-03-29,3543.09,transfer,atm,10
9004,221,2024-05-26,4135.34,payment,online,12
9005,63,2025-07-22,2963.11,deposit,online,4
9006,118,2024-08-02,2139.52,deposit,online,18
9007,611,2024-01-16,415.52,transfer,branch,4
9008,26,2025-05-06,1763.06,transfer,online,17
9009,956,2024-01-03,3099.88,deposit,online,1
9010,120,2024-02-27,2059.64,withdraw,online,17
9011,407,2024-01-11,2027.83,deposit,mobile,7
9012,246,2024-12-23,3855.42,withdraw,online,12
9013,805,2024-06-05,1854.73,deposit,online,4
9014,959,2025-08-13,44.45,deposit,branch,18
9015,988,2025-08-27,2605.33,deposit,online,18
9016,306,2024-08-24,382.8,deposit,online,16
9017,286,2024-02-23,2367.01,transfer,mobile,2
9018,516,2024-11-11,2732.36,payment,online,17
9019,504,2025-04-16,1563.69,payment,mobile,9
9020,590,2024-05-14,2537.31,transfer,mobile,15
9021,245,2025-01-22,3442.04,withdraw,atm,4
9022,798,2025-01-27,1462.66,withdraw,atm,19
9023,659,2024-03-06,1766.88,transfer,online,14
9024,458,2025-04-23,16.94,withdraw,online,16
9025,138,2024-10-13,2592.01,transfer,online,18
9026,525,2025-02-16,2482.26,payment,atm,14
9027,105,2024-12-04,2985.69,payment,atm,12
9028,920,2025-02-11,2005.83,transfer,online,7
9029,399,2023-11-26,987.74,payment,atm,2
9030,159,2024-01-23,2742.67,payment,atm,15
9031,543,2024-10-07,413.85,withdraw,branch,15
9032,360,2025-04-04,4797.26,transfer,online,11
9033,145,2025-08-01,1724.04,deposit,mobile,15
9034,917,2024-01-15,2016.82,withdraw,branch,10
9035,52,2024-07-26,3260.07,payment,branch,15
9036,966,2023-12-10,964.85,deposit,branch,9
9037,754,2025-05-05,2628.93,deposit,mobile,13
9038,44,2023-11-19,1345.67,deposit,atm,1
9039,107,2024-10-05,2686.18,transfer,branch,13
9040,454,2024-05-27,2650.65,transfer,online,11
9041,394,2025-01-23,985.28,payment,atm,10
9042,558,2025-01-10,1349.49,deposit,branch,16
9043,121,2025-03-01,1023.72,withdraw,online,13
9044,935,2024-08-06,478.83,transfer,atm,6
9045,158,2024-02-20,1958.74,deposit,atm,13
9046,946,2025-07-22,4664.42,deposit,online,4
9047,171,2025-09-28,2623.62,withdraw,online,17
9048,402,2024-05-25,1898.93,withdraw,online,17
9049,559,2024-09-12,3515.9,withdraw,atm,12
9050,987,2024-11-17,1764.34,deposit,branch,7
9051,807,2025-09-09,2585.9,payment,mobile,19
9052,886,2023-11-10,91.67,deposit,branch,7
9053,681,2025-09-25,4070.93,deposit,online,7
9054,382,2025-04-14,2431.09,transfer,online,15
9055,437,2023-10-10,1827.46,deposit,mobile,8
9056,187,2025-01-01,605.31,payment,branch,19
9057,756,2025-05-17,3637.14,payment,mobile,8
9058,395,2024-07-08,607.99,transfer,online,16
9059,359,2024-03-21,2302.33,transfer,atm,8
9060,532,2024-01-08,1834.07,payment,atm,4
9061,671,2023-12-08,3767.27,withdraw,mobile,18
9062,69,2024-07-06,2657.04,payment,branch,10
9063,647,2024-06-01,2404.69,transfer,atm,16
9064,186,2024-11-22,2770.16,deposit,atm,3
9065,703,2025-04-08,1349.65,deposit,online,11
9066,17,2024-08-03,3911.9,withdraw,mobile,6
9067,939,2024-07-26,2517.27,withdraw,branch,5
9068,347,2024-04-11,1069.26,transfer,online,3
9069,573,2024-10-28,4102.3,transfer,branch,3
9070,806,2024-03-15,3140.38,withdraw,online,13
9071,601,2025-03-10,904.47,transfer,online,11
9072,745,2024-09-23,2413.72,withdraw,atm,15
9073,693,2024-08-04,520.85,withdraw,atm,1
9074,92,2025-01-25,4605.79,deposit,atm,15
9075,417,2025-04-06,1168.83,withdraw,atm,16
9076,401,2023-10-08,558.35,deposit,mobile,6
9077,751,2024-03-07,2761.4,transfer,mobile,13
9078,941,2025-04-05,1161.27,transfer,atm,14
9079,194,2024-08-28,2177.34,transfer,branch,16
9080,645,2023-10-09,3018.08,deposit,online,16
9081,634,2023-12-23,2062.25,deposit,atm,12
9082,671,2025-08-01,1095.13,transfer,atm,2
9083,630,2023-11-27,1788.27,withdraw,mobile,16
9084,60,2024-08-28,2659.06,withdraw,mobile,13
9085,45,2024-05-05,2458.06,transfer,atm,11
9086,791,2024-08-31,1933.23,deposit,atm,3
9087,685,2024-02-21,4470.51,withdraw,atm,15
9088,548,2024-09-24,1055.82,deposit,atm,19
9089,729,2024-08-31,2658.83,deposit,branch,9
9090,494,2023-10-28,2709.28,transfer,atm,11
9091,634,2024-05-23,2135.86,withdraw,online,11
9092,795,2024-02-14,1597.37,withdraw,branch,3
9093,562,2025-05-11,2906.71,transfer,mobile,13
9094,397,2024-05-01,2039.87,withdraw,atm,10
9095,565,2025-06-21,250.51,payment,online,13
9096,584,2024-03-24,845.0,withdraw,atm,2
9097,466,2025-04-01,1065.59,transfer,mobile,4
9098,349,2024-05-19,1411.08,deposit,online,9
9099,971,2025-06-10,709.6,withdraw,online,14
9100,18,2025-08-11,1023.28,withdraw,online,15
9101,886,2023-11-24,1817.19,withdraw,mobile,13
9102,81,2024-08-06,2003.15,transfer,online,11
9103,721,2024-11-05,2620.53,withdraw,online,14
9104,898,2024-03-03,2531.79,deposit,mobile,8
9105,926,2025-02-25,1501.18,withdraw,mobile,8
9106,12,2025-02-18,2443.8,withdraw,atm,3
9107,445,2024-07-27,3380.1,transfer,online,1
9108,809,2024-06-18,3783.85,withdraw,branch,10
9109,434,2024-02-07,1794.55,payment,atm,11
9110,191,2023-12-22,1563.92,withdraw,mobile,5
9111,106,2025-03-20,3099.31,deposit,online,12
9112,485,2024-05-08,1927.72,deposit,atm,4
9113,506,2024-04-30,1538.14,deposit,mobile,10
9114,961,2023-12-13,3017.31,deposit,mobile,9
9115,676,2025-01-04,1715.18,deposit,branch,18
9116,604,2025-01-18,3370.7,deposit,atm,10
9117,753,2025-05-16,2221.13,transfer,online,15
9118,415,2025-07-22,2206.63,transfer,atm,10
9119,432,2023-10-12,2918.91,deposit,branch,10
9120,234,2024-05-19,512.97,deposit,branch,2
9121,792,2025-08-24,1808.09,withdraw,atm,19
9122,729,2024-10-03,2042.79,withdraw,atm,3
9123,513,2025-08-22,286.72,transfer,mobile,1
9124,374,2025-08-18,1553.71,transfer,online,12
9125,742,2023-11-17,1714.42,transfer,branch,11
9126,191,2023-12-27,1729.64,deposit,online,7
9127,51,2024-02-05,3032.11,payment,mobile,14
9128,635,2024-11-16,3674.83,deposit,mobile,6
9129,518,2024-09-01,2037.19,transfer,online,12
9130,79,2024-01-29,2441.48,transfer,online,18
9131,873,2025-08-04,3353.46,transfer,branch,5
9132,8,2024-12-25,1129.18,withdraw,atm,16
9133,556,2024-02-23,2579.66,payment,mobile,17
9134,963,2025-01-28,172.88,transfer,branch,16
9135,956,2025-05-25,873.19,transfer,atm,3
9136,545,2024-09-10,1900.79,withdraw,branch,2
9137,307,2025-01-14,1671.22,deposit,atm,17
9138,254,2025-06-20,1352.49,transfer,online,3
9139,905,2024-08-30,695.39,payment,mobile,4
9140,664,2023-10-26,3746.3,transfer,online,3
9141,216,2024-08-23,1029.85,payment,atm,17
9142,902,2024-12-14,77.29,transfer,atm,18
9143,444,2024-08-13,3209.3,withdraw,mobile,10
9144,162,2025-03-10,3090.33,transfer,online,11
9145,376,2023-11-28,3055.25,payment,branch,16
9146,238,2023-12-05,850.34,withdraw,branch,8
9147,588,2025-06-18,1797.18,transfer,mobile,5
9148,119,2024-12-21,1824.56,withdraw,branch,13
9149,486,2024-11-05,1009.39,payment,branch,2
9150,266,2025-09-06,1674.16,deposit,online,8
9151,967,2025-09-13,1495.75,deposit,online,5
9152,859,2024-09-06,4758.63,deposit,online,13
9153,912,2024-08-22,2246.92,transfer,branch,11
9154,15,2024-01-02,1580.41,payment,branch,17
9155,335,2025-01-02,3065.63,payment,mobile,16
9156,687,2024-01-02,5287.6,payment,atm,8
9157,683,2025-04-05,1229.01,transfer,online,1
9158,683,2025-01-28,1279.81,deposit,branch,14
9159,444,2024-10-25,3501.0,deposit,atm,4
9160,319,2023-12-11,235.38,withdraw,mobile,4
9161,846,2024-04-26,1748.36,transfer,atm,18
9162,555,2025-02-19,2637.84,payment,branch,9
9163,988,2025-03-19,1216.94,transfer,atm,9
9164,536,2024-10-26,1736.15,payment,branch,8
9165,476,2025-03-05,622.59,withdraw,mobile,17
9166,316,2024-11-05,459.97,withdraw,atm,16
9167,343,2024-11-21,2621.56,deposit,branch,1
9168,186,2025-01-08,1828.01,payment,atm,18
9169,992,2025-02-08,482.48,transfer,branch,2
9170,946,2025-03-11,2379.56,withdraw,mobile,9
9171,279,2023-10-18,865.99,transfer,atm,3
9172,513,2024-12-13,146.66,deposit,online,17
9173,168,2025-09-14,1267.91,payment,atm,9
9174,290,2025-02-09,234.62,deposit,online,10
9175,229,2023-11-30,3978.54,withdraw,branch,10
9176,858,2024-08-05,1833.73,withdraw,atm,13
9177,218,2024-07-11,879.71,withdraw,online,17
9178,409,2024-11-05,2033.72,deposit,online,2
9179,329,2024-06-21,1959.98,withdraw,mobile,5
9180,303,2025-07-25,183.38,payment,online,12
9181,964,2025-07-11,1082.43,withdraw,online,19
9182,564,2023-11-10,1249.86,payment,mobile,19
9183,129,2024-03-31,2715.29,transfer,online,10
9184,936,2024-06-26,3403.37,transfer,atm,12
9185,56,2024-02-20,1332.31,withdraw,atm,18
9186,162,2024-09-20,476.03,deposit,branch,10
9187,899,2024-01-07,3672.0,deposit,atm,11
9188,475,2024-10-12,28.52,transfer,mobile,12
9189,495,2024-10-29,2428.59,deposit,atm,13
9190,898,2025-03-25,1149.56,deposit,mobile,10
9191,68,2025-09-14,2579.41,transfer,branch,14
9192,24,2024-07-24,2447.29,transfer,atm,11
9193,777,2024-11-30,790.37,deposit,mobile,9
9194,225,2024-03-25,1569.74,transfer,atm,11
9195,663,2025-03-16,3109.06,transfer,mobile,16
9196,57,2025-08-17,1598.63,payment,mobile,6
9197,742,2025-02-15,2782.63,payment,online,1
9198,520,2024-02-11,3905.63,withdraw,online,17
9199,349,2025-04-27,1299.45,transfer,mobile,1
9200,910,2023-12-01,2938.51,transfer,online,11
9201,488,2023-10-22,907.89,transfer,branch,8
9202,748,2024-07-08,2929.05,deposit,online,13
9203,570,2025-05-25,3649.72,deposit,branch,2
9204,601,2024-03-01,2195.52,payment,online,5
9205,656,2025-01-20,3517.37,transfer,online,18
9206,729,2025-06-27,1266.99,transfer,branch,8
9207,644,2025-05-21,1017.93,withdraw,branch,4
9208,718,2024-04-01,636.48,transfer,online,3
9209,760,2023-10-15,723.22,deposit,online,7
9210,877,2025-06-20,2294.73,withdraw,online,10
9211,779,2025-01-03,2117.46,withdraw,online,6
9212,76,2024-05-07,4277.87,transfer,mobile,14
9213,434,2025-06-04,1611.46,withdraw,branch,7
9214,986,2025-04-02,3249.1,withdraw,branch,5
9215,441,2025-01-28,1941.08,payment,online,18
9216,415,2024-12-29,3000.6,transfer,online,3
9217,839,2024-03-01,1924.24,withdraw,branch,18
9218,110,2024-11-25,737.57,withdraw,branch,4
9219,87,2025-03-14,298.39,withdraw,mobile,19
9220,693,2025-10-01,3371.36,transfer,branch,7
9221,659,2025-08-16,1465.51,deposit,atm,5
9222,218,2025-02-21,1049.82,transfer,online,18
9223,444,2023-11-25,4113.05,payment,online,9
9224,787,2023-10-21,1134.52,transfer,atm,3
9225,767,2025-02-16,2479.58,transfer,online,13
9226,288,2024-02-05,710.0,deposit,branch,18
9227,719,2024-03-08,452.38,deposit,branch,14
9228,762,2025-06-16,2238.02,deposit,atm,13
9229,825,2024-10-05,3986.46,withdraw,mobile,18
9230,989,2024-01-18,3249.79,withdraw,online,3
9231,797,2025-03-02,4226.76,deposit,mobile,8
9232,434,2024-08-18,429.36,payment,online,14
9233,70,2024-07-23,2287.03,transfer,branch,16
9234,146,2024-02-15,2823.75,deposit,mobile,3
9235,382,2024-10-19,940.09,payment,atm,13
9236,659,2025-07-29,1456.45,deposit,branch,2
9237,103,2024-03-19,854.8,payment,mobile,16
9238,589,2024-05-02,2648.83,withdraw,atm,8
9239,384,2024-11-06,2865.83,transfer,branch,15
9240,922,2025-07-08,2096.68,payment,online,2
9241,701,2024-10-08,5031.3,transfer,online,18
9242,715,2024-10-21,2454.44,payment,mobile,2
9243,950,2024-07-29,1320.12,payment,online,14
9244,612,2024-11-29,2662.61,transfer,online,8
9245,362,2025-03-16,1463.51,payment,atm,13
9246,806,2024-12-11,2586.31,transfer,mobile,13
9247,954,2025-03-24,936.0,transfer,online,10
9248,809,2023-11-15,2580.55,transfer,mobile,7
9249,411,2023-11-08,2123.64,deposit,branch,5
9250,114,2024-05-06,1968.87,deposit,branch,6
9251,54,2024-12-10,2328.08,withdraw,atm,3
9252,603,2024-01-10,2091.67,transfer,branch,4
9253,870,2025-05-10,2641.83,deposit,online,9
9254,367,2024-11-06,2740.62,payment,mobile,5
9255,885,2024-02-04,2386.95,transfer,atm,6
9256,404,2023-12-08,1705.18,payment,online,15
9257,326,2024-02-29,3367.95,withdraw,branch,6
9258,323,2025-03-18,1272.89,deposit,atm,10
9259,327,2024-01-07,1447.11,withdraw,branch,15
9260,737,2023-10-07,1805.8,payment,online,4
9261,290,2024-10-19,505.31,withdraw,online,2
9262,956,2023-11-10,1794.7,deposit,mobile,13
9263,325,2024-01-06,2457.71,deposit,branch,13
9264,491,2024-09-24,2973.22,deposit,mobile,4
9265,707,2024-09-03,3918.71,deposit,atm,15
9266,384,2024-10-28,2291.69,withdraw,atm,5
9267,127,2024-10-03,2988.62,payment,mobile,10
9268,623,2025-05-30,2371.71,withdraw,atm,11
9269,157,2025-06-14,1207.57,withdraw,mobile,8
9270,877,2025-04-06,1450.91,transfer,mobile,6
9271,308,2024-09-11,2913.87,payment,mobile,19
9272,636,2025-01-21,3819.83,withdraw,online,9
9273,548,2025-02-14,2248.72,deposit,branch,3
9274,500,2025-01-05,3417.89,deposit,mobile,10
9275,250,2024-12-10,2726.04,transfer,atm,4
9276,79,2025-09-27,2516.48,transfer,atm,4
9277,958,2024-04-21,233.63,deposit,atm,19
9278,3,2025-08-06,2676.92,payment,branch,4
9279,653,2025-02-08,3587.32,withdraw,branch,11
9280,896,2024-07-16,2737.32,payment,online,15
9281,931,2025-04-19,3802.23,deposit,atm,3
9282,148,2024-04-08,1834.66,deposit,online,8
9283,217,2024-12-22,463.08,payment,mobile,1
9284,781,2024-09-05,2255.03,payment,online,5
9285,470,2025-06-23,2929.06,payment,mobile,9
9286,817,2024-08-09,2844.28,withdraw,atm,4
9287,605,2025-06-18,2239.28,deposit,branch,18
9288,105,2025-04-11,2451.21,deposit,mobile,7
9289,890,2025-07-17,2203.42,payment,online,1
9290,16,2025-09-08,1766.67,deposit,branch,17
9291,485,2024-01-02,2174.1,deposit,online,2
9292,658,2025-10-06,1440.11,deposit,online,15
9293,406,2025-07-18,329.04,payment,branch,19
9294,562,2024-02-04,3657.13,withdraw,online,5
9295,581,2024-03-20,3795.85,deposit,atm,7
9296,397,2024-10-15,47.75,payment,mobile,19
9297,383,2024-02-24,3687.11,payment,atm,4
9298,627,2024-11-23,2853.46,transfer,online,14
9299,327,2024-02-21,2902.0,deposit,atm,5
9300,607,2023-12-18,800.82,transfer,online,17
9301,248,2025-05-13,4172.05,payment,branch,17
9302,345,2025-02-23,129.08,deposit,branch,15
9303,404,2024-08-17,2386.53,transfer,branch,9
9304,560,2025-05-02,3087.31,payment,online,15
9305,196,2024-08-28,681.39,transfer,branch,7
9306,981,2025-01-24,2657.48,withdraw,online,10
9307,829,2024-09-30,2996.69,payment,online,19
9308,733,2024-09-23,1562.18,transfer,mobile,3
9309,394,2023-12-28,3034.74,withdraw,online,3
9310,103,2023-10-17,3257.11,transfer,atm,12
9311,893,2024-03-25,1002.38,payment,atm,7
9312,152,2023-10-29,1904.36,transfer,branch,1
9313,565,2024-12-06,1539.6,withdraw,online,5
9314,482,2024-09-06,588.25,payment,online,15
9315,299,2025-08-22,1320.24,transfer,atm,17
9316,618,2024-05-10,78.09,deposit,branch,1
9317,284,2024-11-11,488.1,deposit,atm,7
9318,309,2024-01-16,1688.73,deposit,branch,3
9319,374,2024-08-27,3202.24,withdraw,branch,2
9320,386,2024-05-05,1726.02,payment,online,10
9321,239,2025-01-22,502.31,deposit,atm,9
9322,569,2023-12-19,1632.58,transfer,branch,1
9323,850,2024-04-18,2521.55,payment,online,14
9324,760,2025-04-28,4483.23,withdraw,atm,7
9325,195,2025-01-23,2241.96,withdraw,branch,18
9326,814,2025-01-03,235.96,withdraw,atm,2
9327,676,2024-12-26,2803.07,deposit,online,18
9328,683,2025-03-07,2839.48,payment,mobile,12
9329,658,2024-05-30,2323.38,deposit,atm,11
9330,801,2024-10-02,3293.71,withdraw,atm,8
9331,624,2025-06-19,2503.26,payment,online,13
9332,20,2024-09-07,1768.08,transfer,online,4
9333,354,2023-12-22,3131.84,withdraw,atm,7
9334,209,2025-02-24,1389.42,withdraw,online,16
9335,354,2025-09-05,206.49,deposit,online,5
9336,851,2024-01-31,2398.91,deposit,online,17
9337,534,2025-05-26,1394.49,transfer,atm,18
9338,154,2024-09-29,2616.27,payment,online,12
9339,440,2024-01-10,3500.79,withdraw,atm,11
9340,311,2024-12-01,619.73,withdraw,mobile,4
9341,501,2024-09-25,2716.38,deposit,mobile,3
9342,607,2024-05-30,1816.6,payment,online,17
9343,534,2024-08-11,2773.76,payment,atm,8
9344,879,2024-07-20,335.64,payment,branch,14
9345,230,2024-03-14,420.66,payment,atm,9
9346,760,2025-05-04,2089.18,transfer,branch,5
9347,877,2023-12-24,2552.31,transfer,branch,12
9348,806,2024-08-22,1307.33,deposit,mobile,4
9349,928,2025-08-07,2513.24,withdraw,atm,5
9350,83,2023-11-03,2717.58,payment,atm,5
9351,479,2024-01-11,2016.04,deposit,atm,16
9352,783,2025-03-24,1754.34,deposit,atm,1
9353,271,2023-11-14,2143.27,withdraw,atm,2
9354,670,2025-05-02,2904.82,payment,branch,2
9355,686,2024-06-29,3181.8,transfer,mobile,3
9356,756,2023-10-07,3833.58,deposit,branch,13
9357,52,2025-09-25,717.65,withdraw,atm,17
9358,8,2025-02-20,346.34,withdraw,atm,11
9359,707,2023-10-17,701.32,payment,mobile,11
9360,296,2025-01-06,2731.93,transfer,branch,12
9361,445,2024-11-06,1881.1,withdraw,branch,16
9362,577,2023-12-02,1446.91,payment,branch,13
9363,752,2024-10-26,2539.85,transfer,branch,12
9364,824,2025-05-08,421.48,withdraw,mobile,18
9365,613,2025-02-01,3388.97,deposit,atm,9
9366,449,2024-06-30,2793.95,payment,branch,3
9367,934,2024-02-16,831.09,payment,online,5
9368,119,2024-08-22,3369.95,deposit,mobile,13
9369,940,2024-05-18,614.69,withdraw,atm,14
9370,702,2024-02-26,3035.08,payment,atm,3
9371,61,2024-01-14,1640.06,withdraw,atm,11
9372,712,2025-04-09,1146.09,transfer,online,6
9373,120,2024-03-06,2457.93,withdraw,online,2
9374,479,2024-01-01,2868.08,transfer,online,9
9375,719,2024-08-29,1584.52,deposit,atm,5
9376,849,2025-01-03,2841.43,deposit,branch,3
9377,169,2024-06-20,4866.59,withdraw,mobile,17
9378,464,2023-10-19,3027.26,deposit,branch,12
9379,850,2025-01-07,364.72,payment,online,6
9380,648,2024-03-10,2405.19,withdraw,mobile,4
9381,112,2025-06-02,3567.3,payment,mobile,14
9382,775,2025-04-25,1132.94,payment,branch,19
9383,875,2025-07-25,248.85,deposit,branch,11
9384,553,2024-12-31,2530.74,withdraw,mobile,14
9385,387,2023-11-25,240.17,withdraw,mobile,5
9386,446,2024-04-26,2029.89,payment,online,6
9387,451,2025-01-27,3939.41,deposit,online,13
9388,184,2024-04-11,2692.01,transfer,atm,7
9389,624,2025-01-30,3204.67,payment,atm,17
9390,130,2025-06-23,283.23,transfer,mobile,16
9391,541,2025-06-17,1615.41,withdraw,atm,1
9392,787,2024-04-11,143.33,transfer,online,18
9393,365,2025-08-02,1493.13,deposit,online,11
9394,728,2025-03-27,2301.12,withdraw,branch,8
9395,861,2025-07-28,2301.41,withdraw,atm,16
9396,300,2024-11-04,1358.42,payment,online,14
9397,905,2024-09-17,2101.1,transfer,online,13
9398,804,2024-11-28,2013.27,payment,online,17
9399,782,2023-12-18,2391.1,payment,mobile,2
9400,657,2024-12-30,3002.87,payment,atm,1
9401,524,2024-01-08,2532.07,deposit,branch,18
9402,615,2023-12-08,2183.18,transfer,branch,15
9403,423,2024-06-22,2180.13,transfer,online,12
9404,840,2025-06-22,1742.3,payment,atm,6
9405,980,2024-08-19,2867.59,withdraw,mobile,11
9406,559,2024-05-28,2783.94,payment,atm,19
9407,500,2024-03-31,639.82,withdraw,mobile,8
9408,726,2023-10-08,3187.77,payment,online,18
9409,293,2025-05-20,1784.31,payment,online,14
9410,401,2025-02-27,2015.14,transfer,atm,4
9411,818,2024-02-26,791.05,transfer,online,12
9412,931,2024-07-04,1335.82,withdraw,mobile,1
9413,114,2024-12-07,3375.34,withdraw,mobile,13
9414,143,2024-11-23,3219.49,transfer,mobile,4
9415,612,2023-12-09,981.0,transfer,mobile,12
9416,67,2025-05-22,1889.91,transfer,mobile,9
9417,95,2024-08-05,2998.58,withdraw,atm,14
9418,977,2025-08-11,1541.3,transfer,online,15
9419,606,2024-05-02,891.92,transfer,branch,16
9420,411,2024-03-18,55.36,deposit,atm,17
9421,945,2024-02-06,2577.68,deposit,branch,12
9422,779,2024-02-08,4477.28,withdraw,atm,8
9423,62,2025-08-09,80.55,deposit,branch,16
9424,990,2024-02-29,265.32,deposit,online,11
9425,795,2023-11-17,190.04,payment,mobile,11
9426,596,2024-07-26,2757.87,deposit,online,4
9427,595,2024-04-09,3905.72,transfer,branch,14
9428,229,2025-06-05,1299.69,deposit,branch,17
9429,185,2024-05-09,2820.4,withdraw,atm,5
9430,286,2024-01-22,2200.74,withdraw,mobile,17
9431,724,2025-04-12,3763.92,payment,mobile,7
9432,776,2024-09-02,1259.91,withdraw,branch,2
9433,93,2024-03-16,2722.31,deposit,atm,2
9434,358,2024-09-10,2540.53,withdraw,mobile,5
9435,675,2024-04-04,678.46,payment,online,19
9436,257,2024-06-06,2364.83,withdraw,branch,11
9437,317,2024-11-03,68.83,withdraw,online,11
9438,737,2024-08-26,2652.05,payment,online,6
9439,363,2024-07-28,4599.85,withdraw,branch,5
9440,28,2025-04-23,2622.74,transfer,mobile,7
9441,753,2024-04-19,3161.64,deposit,atm,6
9442,731,2024-03-10,2109.16,payment,online,11
9443,683,2024-02-15,402.81,deposit,branch,10
9444,490,2024-11-29,2903.03,withdraw,branch,9
9445,932,2025-01-02,3051.02,withdraw,mobile,7
9446,607,2024-06-14,2401.67,payment,mobile,3
9447,997,2024-01-16,2087.37,payment,online,17
9448,27,2024-03-02,2109.31,deposit,mobile,19
9449,870,2025-07-29,2895.27,deposit,atm,2
9450,662,2024-07-27,167.41,transfer,online,12
9451,258,2025-05-01,1534.01,withdraw,online,17
9452,195,2024-02-01,3706.25,withdraw,online,17
9453,764,2024-12-01,2040.87,deposit,online,9
9454,523,2023-11-25,2592.98,deposit,atm,13
9455,853,2025-07-18,1326.74,deposit,mobile,11
9456,797,2024-07-12,922.48,transfer,online,5
9457,532,2024-11-12,3117.27,deposit,branch,1
9458,212,2025-06-25,2102.62,transfer,mobile,4
9459,399,2023-11-26,823.64,deposit,atm,5
9460,566,2024-01-13,2914.48,deposit,atm,4
9461,515,2024-08-14,2545.4,payment,mobile,8
9462,623,2024-08-23,2084.39,transfer,atm,13
9463,607,2025-05-06,1738.31,withdraw,atm,11
9464,737,2025-06-08,3666.59,deposit,online,13
9465,456,2025-10-05,877.29,withdraw,branch,13
9466,635,2025-05-22,3107.97,deposit,mobile,9
9467,436,2024-01-28,634.94,deposit,branch,11
9468,216,2024-01-21,2274.46,payment,mobile,1
9469,246,2025-06-19,1299.53,payment,branch,9
9470,514,2024-02-19,4081.57,deposit,online,17
9471,58,2024-09-10,1822.74,payment,online,11
9472,461,2023-10-17,2366.16,deposit,mobile,5
9473,210,2025-07-13,404.94,payment,mobile,13
9474,505,2024-11-02,2704.62,withdraw,atm,1
9475,711,2024-07-24,1200.07,transfer,atm,7
9476,251,2025-10-05,1469.5,transfer,branch,16
9477,987,2024-11-07,2925.02,withdraw,mobile,7
9478,426,2025-01-10,537.28,payment,branch,11
9479,849,2024-08-05,2370.74,payment,atm,5
9480,632,2025-09-28,4745.38,withdraw,branch,10
9481,434,2025-07-02,2322.32,deposit,online,3
9482,146,2024-09-18,3687.35,payment,online,17
9483,128,2025-03-28,2779.45,transfer,atm,1
9484,834,2024-04-19,2932.89,withdraw,atm,15
9485,993,2024-04-18,3339.48,payment,atm,9
9486,314,2025-07-31,1926.04,transfer,online,5
9487,370,2024-12-05,1709.56,payment,atm,1
9488,808,2024-03-24,2370.32,withdraw,branch,4
9489,149,2024-08-29,2242.27,payment,atm,19
9490,536,2024-06-20,2371.19,withdraw,mobile,13
9491,876,2025-01-07,1865.35,payment,mobile,3
9492,70,2024-08-01,1319.99,payment,atm,7
9493,379,2024-05-19,2455.04,payment,online,4
9494,277,2024-07-01,899.13,deposit,mobile,2
9495,293,2024-07-03,2300.23,withdraw,branch,6
9496,405,2024-06-14,1577.78,deposit,mobile,8
9497,21,2025-03-24,3104.92,deposit,atm,9
9498,623,2024-05-31,1038.3,transfer,online,8
9499,623,2024-05-27,431.42,withdraw,branch,8
9500,520,2025-07-04,2961.32,deposit,branch,14
9501,660,2025-07-28,2940.78,withdraw,mobile,16
9502,79,2025-02-12,1273.38,transfer,branch,6
9503,156,2025-04-05,1634.2,payment,atm,2
9504,974,2025-08-16,4717.8,deposit,atm,12
9505,419,2024-03-04,1952.68,payment,mobile,17
9506,905,2025-01-26,2978.89,transfer,branch,13
9507,325,2024-08-21,1424.75,transfer,branch,19
9508,357,2023-10-19,4728.61,transfer,branch,19
9509,408,2024-11-21,1987.57,transfer,mobile,10
9510,460,2024-07-13,1117.83,transfer,branch,2
9511,441,2025-05-31,3757.45,deposit,atm,12
9512,384,2025-06-20,2022.05,payment,mobile,13
9513,581,2024-01-28,4414.9,payment,online,5
9514,613,2025-04-14,2282.61,payment,atm,16
9515,498,2024-04-05,167.02,transfer,atm,4
9516,398,2025-01-22,3248.2,payment,online,16
9517,874,2025-02-25,2737.41,payment,mobile,7
9518,928,2024-02-19,2861.88,payment,online,12
9519,642,2024-07-06,2188.94,transfer,branch,4
9520,582,2024-04-15,1993.67,payment,branch,5
9521,422,2023-11-19,2011.63,transfer,atm,10
9522,861,2024-09-27,4149.81,transfer,mobile,17
9523,539,2024-03-20,508.26,withdraw,branch,2
9524,393,2024-06-26,331.23,payment,online,19
9525,113,2023-11-06,1257.6,withdraw,atm,4
9526,909,2024-01-16,2076.91,transfer,mobile,12
9527,661,2023-12-23,376.33,payment,branch,13
9528,365,2024-01-26,465.93,transfer,online,14
9529,139,2024-02-17,3635.8,withdraw,mobile,15
9530,871,2025-08-11,3427.84,transfer,atm,11
9531,201,2025-09-11,3335.27,payment,mobile,18
9532,29,2024-06-01,1583.67,withdraw,online,9
9533,96,2024-06-07,2805.9,transfer,mobile,17
9534,971,2025-09-08,1783.23,withdraw,online,4
9535,81,2024-08-17,3304.89,withdraw,branch,3
9536,981,2025-01-14,1582.63,withdraw,mobile,8
9537,325,2025-05-05,1418.39,payment,mobile,6
9538,291,2024-04-17,3472.95,payment,online,4
9539,603,2025-01-11,1058.97,payment,online,7
9540,375,2023-12-25,3504.99,payment,branch,13
9541,666,2024-01-17,1419.65,transfer,atm,1
9542,480,2024-06-03,5312.17,payment,branch,18
9543,949,2023-12-31,2162.65,deposit,branch,12
9544,733,2024-07-09,1160.94,deposit,atm,7
9545,144,2025-04-29,306.83,transfer,online,15
9546,508,2025-07-27,1789.29,payment,atm,8
9547,281,2025-01-10,442.59,withdraw,branch,6
9548,158,2024-05-25,440.39,transfer,branch,13
9549,86,2024-03-28,977.24,transfer,atm,13
9550,950,2025-07-30,371.91,transfer,online,6
9551,98,2024-04-05,1071.19,deposit,mobile,3
9552,534,2024-10-05,1532.68,transfer,online,9
9553,682,2024-05-13,2115.73,withdraw,mobile,5
9554,284,2025-09-16,627.85,deposit,mobile,5
9555,164,2025-03-22,2234.06,withdraw,mobile,14
9556,152,2025-08-18,2100.95,transfer,online,13
9557,243,2024-11-26,3077.3,transfer,online,19
9558,870,2024-10-04,3233.79,payment,branch,17
9559,193,2024-11-28,794.63,withdraw,mobile,7
9560,14,2025-04-11,2113.8,withdraw,online,16
9561,210,2025-01-14,1192.15,withdraw,branch,16
9562,290,2025-02-10,3136.6,transfer,mobile,16
9563,979,2025-02-07,880.63,payment,branch,17
9564,816,2024-02-12,2228.1,payment,atm,16
9565,745,2024-11-06,671.39,deposit,online,6
9566,318,2025-08-06,2575.69,withdraw,branch,3
9567,247,2024-05-12,2698.07,transfer,online,11
9568,28,2025-01-11,2254.07,transfer,branch,6
9569,664,2024-09-29,2431.14,payment,online,14
9570,102,2024-07-24,2157.59,transfer,mobile,14
9571,659,2024-09-22,2404.35,deposit,online,14
9572,664,2024-10-02,1526.1,transfer,online,12
9573,335,2023-12-20,1837.3,withdraw,branch,6
9574,219,2024-01-07,1796.2,payment,mobile,17
9575,513,2024-09-18,1843.27,deposit,mobile,14
9576,621,2024-12-16,1982.9,payment,atm,12
9577,550,2024-10-01,2.59,deposit,atm,15
9578,777,2024-01-02,2808.6,payment,branch,16
9579,318,2025-10-03,2962.44,payment,online,10
9580,974,2024-09-08,1337.63,payment,atm,9
9581,871,2024-07-31,1326.75,payment,branch,13
9582,38,2024-09-22,1752.44,payment,mobile,14
9583,635,2025-08-17,3198.71,transfer,online,10
9584,561,2024-07-14,679.12,deposit,mobile,7
9585,265,2024-07-19,2684.58,payment,online,12
9586,471,2025-05-22,1473.41,payment,mobile,3
9587,43,2025-03-12,2598.55,payment,atm,16
9588,174,2025-07-11,1384.72,payment,atm,10
9589,652,2024-12-27,2816.45,transfer,mobile,12
9590,74,2024-02-23,410.73,transfer,atm,7
9591,375,2025-08-21,876.84,payment,online,1
9592,165,2025-06-02,1344.07,withdraw,atm,7
9593,94,2024-10-15,2083.95,withdraw,mobile,8
9594,468,2024-10-26,1514.81,withdraw,online,5
9595,990,2024-10-22,450.58,deposit,atm,10
9596,36,2024-08-16,473.5,transfer,online,7
9597,749,2024-09-26,1525.12,transfer,branch,5
9598,200,2025-09-05,2984.24,payment,atm,2
9599,601,2024-08-30,2465.62,withdraw,atm,5
9600,790,2024-11-30,1778.93,payment,mobile,16
9601,969,2024-10-21,804.96,payment,mobile,18
9602,466,2024-04-04,2612.25,withdraw,atm,1
9603,682,2024-10-18,3425.74,deposit,online,11
9604,849,2024-08-11,2975.94,transfer,mobile,18
9605,703,2024-08-06,2607.17,deposit,mobile,7
9606,942,2024-04-04,3166.88,withdraw,atm,4
9607,616,2024-04-27,90.59,withdraw,online,8
9608,965,2023-11-21,1417.02,deposit,branch,19
9609,411,2025-06-07,1744.03,transfer,branch,13
9610,406,2025-09-24,2568.01,transfer,mobile,15
9611,895,2025-09-23,2218.51,withdraw,mobile,7
9612,593,2025-07-11,3352.42,transfer,mobile,6
9613,617,2024-04-23,2972.79,deposit,mobile,6
9614,55,2025-07-27,1983.64,transfer,atm,19
9615,710,2024-05-11,2973.36,payment,branch,10
9616,573,2024-01-20,3816.08,deposit,mobile,7
9617,722,2024-05-20,1388.82,payment,branch,7
9618,702,2025-02-02,469.49,withdraw,mobile,19
9619,702,2024-10-01,2505.16,payment,mobile,5
9620,640,2025-06-16,2592.76,deposit,mobile,14
9621,913,2024-05-15,4016.94,withdraw,branch,17
9622,265,2025-08-15,2863.12,payment,atm,15
9623,630,2025-02-19,1847.08,withdraw,atm,15
9624,764,2024-09-23,2282.18,deposit,mobile,11
9625,440,2024-07-02,3947.64,deposit,online,14
9626,653,2024-12-13,2953.8,deposit,branch,13
9627,750,2024-07-02,1787.69,payment,atm,19
9628,203,2025-09-16,3617.73,withdraw,branch,15
9629,30,2023-11-30,3179.76,payment,online,18
9630,489,2025-08-10,638.75,payment,atm,19
9631,440,2025-02-07,3589.51,deposit,mobile,12
9632,883,2024-12-01,2584.25,withdraw,mobile,4
9633,992,2025-09-14,112.79,payment,mobile,16
9634,74,2024-12-30,2055.72,payment,branch,1
9635,394,2025-08-31,2330.96,deposit,branch,3
9636,800,2023-12-09,2121.98,deposit,online,18
9637,939,2025-01-15,3840.27,payment,online,3
9638,785,2023-12-21,4860.22,withdraw,online,11
9639,816,2025-03-12,502.27,withdraw,online,19
9640,204,2023-11-14,926.24,payment,branch,10
9641,83,2025-06-06,3202.56,transfer,online,13
9642,734,2024-12-20,2290.0,payment,atm,13
9643,247,2024-07-31,733.31,deposit,mobile,15
9644,336,2024-04-04,1607.2,payment,atm,10
9645,810,2025-09-28,1607.36,transfer,online,17
9646,930,2023-10-15,3062.38,deposit,mobile,4
9647,711,2025-01-07,3782.19,withdraw,branch,3
9648,727,2024-10-19,1993.05,payment,branch,14
9649,625,2024-07-06,1522.49,transfer,mobile,1
9650,94,2023-10-29,1739.85,transfer,online,14
9651,914,2024-10-20,1229.53,payment,mobile,3
9652,167,2024-06-30,3230.52,withdraw,atm,15
9653,294,2024-07-14,2438.14,transfer,online,6
9654,978,2025-01-04,901.16,transfer,online,13
9655,80,2025-08-21,1999.61,withdraw,online,6
9656,494,2024-04-19,1439.44,payment,atm,3
9657,167,2024-05-21,857.26,transfer,branch,8
9658,438,2024-04-08,1137.64,transfer,mobile,19
9659,415,2024-02-09,4023.9,withdraw,online,13
9660,3,2025-06-11,2832.59,withdraw,online,13
9661,185,2024-04-15,2790.3,withdraw,atm,3
9662,472,2025-08-07,1263.41,withdraw,online,15
9663,165,2023-10-19,2744.3,payment,online,2
9664,596,2025-06-08,1387.2,payment,atm,8
9665,364,2025-01-16,1466.5,withdraw,branch,6
9666,744,2023-11-10,2270.4,deposit,branch,18
9667,417,2024-10-11,816.9,payment,mobile,19
9668,422,2023-12-28,2727.99,transfer,branch,17
9669,317,2024-10-17,3865.94,withdraw,branch,18
9670,49,2024-04-28,1700.2,withdraw,mobile,11
9671,697,2023-11-28,1690.44,deposit,branch,4
9672,509,2024-10-01,3108.74,payment,branch,12
9673,124,2025-01-19,2374.62,payment,branch,17
9674,183,2024-05-18,2459.41,transfer,online,10
9675,550,2023-12-09,3215.81,transfer,online,7
9676,161,2024-12-19,2189.58,deposit,atm,8
9677,682,2025-06-11,1501.74,payment,branch,4
9678,569,2024-10-17,1899.15,transfer,mobile,12
9679,919,2024-06-09,191.25,deposit,mobile,12
9680,151,2025-06-20,3238.75,transfer,atm,15
9681,642,2024-07-08,2719.0,deposit,mobile,18
9682,823,2024-04-04,2636.48,deposit,atm,6
9683,492,2024-05-28,6.6,withdraw,mobile,14
9684,667,2025-07-22,2419.04,payment,mobile,13
9685,761,2024-01-15,2946.74,transfer,online,12
9686,782,2025-06-12,2639.31,withdraw,branch,7
9687,389,2025-01-13,421.62,deposit,online,14
9688,260,2024-10-02,1098.1,payment,atm,11
9689,977,2024-05-14,2979.51,transfer,branch,5
9690,446,2024-10-27,2477.86,payment,mobile,8
9691,667,2024-10-09,908.84,payment,atm,10
9692,574,2023-10-21,2848.02,payment,online,18
9693,772,2024-12-20,358.59,deposit,atm,12
9694,282,2025-07-12,1813.82,deposit,branch,17
9695,404,2025-03-08,1754.72,withdraw,mobile,16
9696,96,2024-07-28,773.62,withdraw,branch,5
9697,91,2025-06-15,3895.66,payment,mobile,4
9698,64,2025-04-23,3357.54,deposit,branch,8
9699,397,2024-09-20,88.27,transfer,online,4
9700,349,2025-06-03,954.87,deposit,atm,17
9701,507,2024-08-30,20.63,deposit,mobile,13
9702,854,2024-10-12,1959.41,payment,atm,19
9703,541,2023-12-16,2099.93,payment,branch,3
9704,122,2024-02-13,1055.38,payment,atm,9
9705,947,2023-10-21,1325.64,payment,atm,18
9706,52,2025-06-07,3360.86,transfer,branch,12
9707,345,2024-02-26,3144.77,payment,mobile,15
9708,372,2023-10-07,2379.88,payment,branch,15
9709,392,2023-12-31,1581.57,deposit,mobile,12
9710,581,2024-09-23,2773.65,deposit,online,18
9711,706,2023-12-02,160.38,withdraw,atm,10
9712,259,2024-09-05,3660.08,deposit,mobile,3
9713,330,2025-01-30,57.74,deposit,mobile,15
9714,188,2025-04-10,1240.38,withdraw,mobile,2
9715,850,2024-03-17,2655.62,withdraw,mobile,3
9716,515,2023-11-29,1983.65,deposit,mobile,4
9717,912,2024-07-09,2378.55,payment,atm,2
9718,73,2024-11-16,3844.8,transfer,mobile,12
9719,674,2024-04-14,94.93,withdraw,online,2
9720,355,2025-01-09,1544.98,withdraw,atm,7
9721,429,2024-02-07,1614.56,deposit,mobile,11
9722,342,2025-03-05,1633.51,withdraw,atm,13
9723,426,2024-04-26,720.32,transfer,mobile,7
9724,439,2024-03-31,3140.21,payment,mobile,4
9725,82,2025-09-13,2082.15,transfer,branch,9
9726,701,2024-06-26,2775.42,payment,mobile,9
9727,884,2024-12-03,896.24,transfer,branch,17
9728,540,2025-02-21,3025.45,payment,mobile,9
9729,952,2024-09-15,1413.53,payment,atm,11
9730,157,2024-08-15,1523.97,transfer,atm,5
9731,895,2024-03-29,2024.22,transfer,atm,16
9732,834,2025-04-12,5042.62,deposit,atm,12
9733,806,2025-05-17,1949.06,deposit,online,4
9734,78,2025-03-10,1263.74,deposit,online,13
9735,337,2025-03-21,2618.73,deposit,branch,10
9736,870,2023-10-09,3446.08,deposit,online,9
9737,352,2024-05-09,2841.91,transfer,atm,1
9738,126,2024-10-06,1985.39,transfer,mobile,11
9739,501,2025-07-15,2794.73,transfer,branch,7
9740,578,2024-12-06,2513.12,withdraw,atm,5
9741,781,2024-10-15,2566.92,transfer,mobile,18
9742,625,2024-11-07,3339.08,deposit,online,8
9743,779,2025-03-01,2347.85,withdraw,branch,6
9744,2,2024-05-30,7.29,withdraw,branch,9
9745,695,2023-12-12,2793.32,deposit,branch,2
9746,944,2025-07-23,1844.83,withdraw,branch,8
9747,963,2024-01-10,2071.77,withdraw,online,11
9748,133,2024-02-14,1579.28,payment,online,3
9749,41,2024-11-28,376.69,payment,online,11
9750,514,2023-10-14,734.02,transfer,online,9
9751,838,2023-12-12,584.81,deposit,mobile,19
9752,964,2025-09-23,1553.95,payment,mobile,11
9753,757,2024-06-23,1023.44,transfer,online,5
9754,568,2023-10-08,4199.65,payment,branch,9
9755,986,2024-08-19,3002.15,deposit,online,2
9756,22,2023-10-21,1802.42,deposit,atm,15
9757,168,2024-04-24,1230.01,transfer,online,2
9758,834,2025-03-30,2460.98,transfer,online,6
9759,722,2024-12-01,5225.8,transfer,mobile,6
9760,308,2025-06-06,2336.54,transfer,branch,14
9761,997,2024-11-30,1593.02,payment,branch,9
9762,831,2025-10-05,63.39,withdraw,mobile,19
9763,925,2024-02-07,1449.61,payment,branch,2
9764,763,2024-09-28,2918.66,transfer,mobile,12
9765,229,2024-12-29,137.14,transfer,online,1
9766,478,2025-05-04,2156.63,withdraw,branch,11
9767,962,2023-11-18,2383.12,transfer,online,19
9768,20,2023-10-18,3085.63,transfer,mobile,11
9769,954,2024-01-20,2500.85,withdraw,online,4
9770,27,2024-11-27,2305.35,deposit,atm,8
9771,112,2024-11-27,632.55,deposit,branch,7
9772,562,2024-07-09,1788.14,payment,branch,3
9773,362,2024-05-26,368.5,payment,mobile,8
9774,800,2025-08-05,3537.29,transfer,branch,12
9775,313,2024-05-18,3059.51,deposit,online,4
9776,659,2024-07-26,48.64,deposit,atm,1
9777,456,2024-03-22,1677.0,payment,branch,4
9778,779,2024-05-16,2797.03,withdraw,mobile,1
9779,650,2025-02-15,2022.89,withdraw,branch,13
9780,310,2024-03-29,1960.93,transfer,online,6
9781,443,2024-10-18,2614.79,deposit,branch,6
9782,754,2025-05-29,2556.37,transfer,atm,15
9783,823,2025-07-12,3280.24,withdraw,mobile,6
9784,30,2025-01-09,1828.54,transfer,online,14
9785,121,2024-10-08,1557.48,withdraw,branch,17
9786,237,2023-10-17,2313.96,transfer,branch,4
9787,433,2024-12-30,2995.66,payment,branch,15
9788,435,2023-11-28,1655.67,transfer,online,16
9789,508,2023-11-11,2762.07,transfer,branch,18
9790,833,2023-11-16,377.6,payment,atm,6
9791,256,2025-06-16,3681.82,transfer,atm,16
9792,974,2025-07-28,2514.58,withdraw,atm,15
9793,921,2023-10-11,3345.43,deposit,mobile,3
9794,24,2025-01-08,2805.12,withdraw,online,19
9795,962,2025-08-16,2835.69,deposit,mobile,19
9796,621,2025-04-20,2283.9,deposit,mobile,6
9797,888,2024-03-17,2588.6,withdraw,atm,6
9798,176,2024-12-26,2325.14,payment,branch,12
9799,323,2024-12-11,283.55,payment,branch,18
9800,744,2025-06-30,1088.08,withdraw,online,10
9801,243,2025-01-19,2220.4,withdraw,branch,4
9802,319,2024-02-01,397.64,transfer,mobile,17
9803,476,2025-02-09,873.04,transfer,mobile,17
9804,751,2024-10-11,2545.48,withdraw,online,7
9805,456,2025-04-21,334.5,payment,atm,1
9806,931,2024-09-20,4188.65,withdraw,mobile,17
9807,606,2024-08-07,245.68,deposit,mobile,5
9808,14,2024-05-30,4012.34,transfer,branch,14
9809,470,2024-07-09,3673.77,payment,mobile,2
9810,938,2025-06-15,806.68,withdraw,mobile,7
9811,629,2025-05-13,1258.76,deposit,atm,10
9812,485,2025-03-10,736.32,deposit,online,5
9813,581,2025-03-16,2695.48,transfer,branch,12
9814,655,2024-10-27,1105.83,transfer,mobile,12
9815,365,2024-10-02,2952.13,payment,branch,14
9816,206,2025-01-10,1805.2,deposit,mobile,3
9817,958,2024-01-02,1440.74,withdraw,online,2
9818,513,2025-08-26,2893.58,payment,online,17
9819,730,2024-07-01,2114.8,payment,online,16
9820,499,2024-08-11,1688.64,transfer,mobile,7
9821,472,2024-09-11,2912.49,payment,atm,11
9822,815,2024-06-14,1814.73,payment,online,17
9823,951,2025-08-28,1283.87,deposit,atm,12
9824,676,2024-06-22,1488.92,deposit,atm,13
9825,634,2025-09-13,1644.68,deposit,mobile,5
9826,339,2025-02-08,300.87,payment,mobile,9
9827,17,2025-05-07,2089.75,payment,atm,2
9828,355,2024-11-29,1253.6,deposit,mobile,18
9829,955,2024-09-16,1886.3,transfer,atm,14
9830,581,2025-01-18,3375.4,withdraw,branch,19
9831,43,2025-09-10,2334.88,deposit,branch,14
9832,913,2024-07-29,3596.38,deposit,online,8
9833,295,2025-07-24,3264.84,withdraw,atm,12
9834,504,2023-11-12,957.61,payment,branch,1
9835,267,2025-02-11,2619.9,payment,mobile,7
9836,289,2025-02-26,3105.82,deposit,branch,2
9837,200,2024-05-12,2810.1,withdraw,atm,3
9838,922,2025-08-07,1720.16,deposit,branch,5
9839,915,2025-05-07,2024.71,payment,mobile,18
9840,830,2025-09-02,4684.74,withdraw,mobile,6
9841,630,2024-05-04,125.39,deposit,atm,17
9842,837,2024-09-17,2424.85,payment,online,7
9843,452,2024-03-07,1969.46,withdraw,mobile,2
9844,10,2024-10-31,4466.93,payment,online,2
9845,101,2024-04-11,382.76,deposit,online,14
9846,601,2025-01-22,1572.84,withdraw,online,8
9847,773,2025-03-11,3735.44,payment,branch,19
9848,985,2025-02-16,1488.86,transfer,mobile,4
9849,627,2025-09-23,138.31,withdraw,atm,16
9850,735,2024-02-07,1693.0,payment,online,2
9851,828,2025-01-19,2032.53,deposit,atm,17
9852,778,2023-11-05,2458.93,payment,branch,14
9853,83,2024-01-17,731.68,deposit,atm,14
9854,45,2025-01-19,624.53,payment,branch,6
9855,125,2024-05-27,4313.62,transfer,atm,13
9856,194,2024-10-13,3477.38,withdraw,online,15
9857,58,2024-12-08,2085.36,deposit,mobile,2
9858,244,2025-06-11,3260.26,transfer,mobile,11
9859,264,2025-04-25,1472.06,transfer,mobile,4
9860,931,2025-04-07,118.94,transfer,branch,11
9861,865,2025-05-01,991.26,transfer,mobile,16
9862,493,2024-12-22,4389.79,withdraw,branch,14
9863,197,2024-09-09,1715.34,withdraw,mobile,10
9864,402,2025-03-28,588.02,transfer,mobile,6
9865,789,2025-05-15,1373.42,withdraw,branch,12
9866,194,2024-09-13,3312.67,transfer,branch,3
9867,311,2024-04-25,2968.35,payment,atm,15
9868,170,2024-08-05,2843.9,withdraw,branch,15
9869,979,2024-03-02,1060.69,deposit,mobile,9
9870,121,2024-09-25,917.89,transfer,branch,14
9871,144,2024-09-04,2327.23,withdraw,mobile,12
9872,645,2023-10-22,324.93,deposit,atm,8
9873,988,2023-10-10,3853.45,deposit,online,10
9874,169,2023-11-24,1478.72,payment,online,1
9875,389,2024-07-24,2352.03,payment,branch,11
9876,678,2025-05-11,1567.66,transfer,branch,4
9877,231,2023-12-31,1870.77,transfer,branch,17
9878,792,2024-11-23,3082.57,deposit,mobile,17
9879,697,2025-05-13,2939.31,transfer,atm,2
9880,206,2025-01-31,3879.17,payment,mobile,18
9881,900,2025-01-28,844.29,transfer,branch,11
9882,943,2024-09-27,1749.98,deposit,mobile,2
9883,781,2024-10-21,3108.98,withdraw,atm,15
9884,912,2024-08-19,749.69,transfer,atm,12
9885,460,2025-02-10,3059.47,deposit,mobile,12
9886,826,2024-08-04,2766.26,transfer,branch,5
9887,180,2024-01-25,660.11,transfer,mobile,10
9888,642,2023-11-30,4471.49,deposit,atm,4
9889,452,2024-12-18,2223.85,deposit,branch,4
9890,104,2025-04-29,3107.61,payment,atm,15
9891,798,2024-07-06,2319.03,deposit,atm,8
9892,311,2023-12-01,1708.11,deposit,branch,2
9893,968,2024-05-06,741.18,transfer,atm,1
9894,160,2024-06-21,2070.75,deposit,online,16
9895,733,2025-07-04,1490.74,payment,online,15
9896,164,2025-04-03,3106.64,transfer,atm,2
9897,979,2024-08-16,4370.53,deposit,atm,13
9898,399,2024-06-01,1127.0,withdraw,online,3
9899,129,2025-01-02,1791.03,deposit,online,17
9900,604,2025-08-16,1495.12,transfer,atm,4
9901,893,2025-03-12,1451.13,deposit,mobile,12
9902,500,2024-01-24,660.28,deposit,mobile,11
9903,386,2024-12-04,2137.77,payment,online,16
9904,482,2024-04-29,4174.73,transfer,mobile,15
9905,178,2025-09-08,1831.5,transfer,atm,16
9906,353,2024-05-13,2067.57,payment,mobile,10
9907,831,2024-11-30,2714.19,transfer,branch,11
9908,490,2024-05-10,1940.69,transfer,atm,5
9909,847,2025-01-25,495.11,deposit,atm,14
9910,890,2024-11-27,1583.78,transfer,mobile,19
9911,746,2024-08-03,3381.12,deposit,atm,3
9912,524,2024-05-10,2244.34,transfer,atm,5
9913,411,2024-01-10,2916.11,transfer,mobile,16
9914,14,2025-02-24,704.48,transfer,branch,14
9915,664,2025-08-29,4447.98,deposit,branch,13
9916,370,2025-08-09,3175.8,deposit,mobile,13
9917,376,2025-01-25,624.37,deposit,online,15
9918,729,2024-07-31,1164.77,transfer,mobile,11
9919,776,2025-08-26,503.61,transfer,branch,10
9920,250,2025-07-18,2193.63,deposit,online,9
9921,789,2024-03-19,2854.19,withdraw,mobile,19
9922,521,2025-07-04,1368.69,deposit,atm,5
9923,484,2024-05-29,4241.86,deposit,branch,7
9924,134,2024-06-26,3048.53,transfer,mobile,14
9925,202,2025-07-15,3002.47,payment,mobile,13
9926,14,2024-05-05,2568.29,deposit,mobile,19
9927,201,2025-08-12,2654.55,deposit,branch,11
9928,755,2024-12-13,1914.97,deposit,branch,10
9929,335,2025-01-18,1063.74,transfer,online,3
9930,888,2025-09-13,2159.36,payment,mobile,17
9931,932,2024-05-02,3015.02,transfer,online,4
9932,381,2024-03-10,4230.84,payment,mobile,18
9933,22,2024-08-14,2835.5,withdraw,atm,13
9934,37,2024-03-04,695.94,transfer,online,11
9935,772,2024-03-15,2382.17,transfer,atm,12
9936,580,2025-09-02,1727.81,payment,online,9
9937,617,2024-04-02,3138.51,payment,atm,4
9938,797,2024-03-05,937.56,deposit,mobile,19
9939,237,2025-08-24,2128.88,payment,online,14
9940,681,2024-05-10,1619.88,deposit,online,17
9941,400,2024-03-20,2610.37,withdraw,atm,5
9942,400,2025-03-24,1119.8,deposit,mobile,18
9943,450,2023-12-27,1800.4,payment,mobile,3
9944,421,2024-05-29,2836.01,payment,online,8
9945,54,2024-04-03,4413.79,payment,mobile,8
9946,636,2024-08-01,850.63,deposit,mobile,5
9947,125,2025-03-17,2787.56,payment,branch,14
9948,998,2025-06-11,1860.8,transfer,mobile,14
9949,78,2025-05-09,1020.54,deposit,mobile,7
9950,602,2024-07-30,4520.94,transfer,atm,12
9951,634,2024-11-12,2995.24,payment,mobile,13
9952,353,2024-03-10,2010.73,deposit,atm,6
9953,884,2024-05-23,862.66,payment,branch,8
9954,337,2025-10-06,3932.03,transfer,mobile,18
9955,729,2025-02-09,2570.12,payment,branch,16
9956,190,2025-06-20,1470.51,withdraw,branch,4
9957,642,2024-01-28,3340.95,transfer,mobile,13
9958,248,2024-04-18,2401.9,transfer,online,4
9959,850,2024-05-21,2219.56,payment,atm,2
9960,545,2024-08-22,2422.8,deposit,branch,18
9961,722,2024-11-03,3625.35,transfer,mobile,6
9962,517,2023-12-20,1552.56,deposit,branch,16
9963,942,2024-12-20,1728.17,transfer,mobile,12
9964,818,2024-06-04,2631.21,deposit,mobile,17
9965,113,2024-03-14,791.39,transfer,branch,15
9966,417,2025-01-17,1517.1,transfer,atm,10
9967,489,2025-04-15,2909.29,deposit,online,10
9968,395,2024-09-19,3212.64,payment,branch,3
9969,422,2025-01-31,1607.46,payment,atm,8
9970,821,2025-05-06,2998.77,transfer,mobile,4
9971,67,2025-09-01,2006.03,deposit,atm,12
9972,677,2024-12-13,1321.59,deposit,branch,18
9973,596,2024-07-29,2482.61,deposit,mobile,17
9974,460,2024-11-02,3093.57,deposit,branch,1
9975,609,2024-01-26,3431.83,withdraw,mobile,12
9976,692,2025-04-13,1465.34,payment,branch,12
9977,965,2023-12-07,704.1,transfer,branch,3
9978,837,2025-03-05,2506.44,transfer,branch,11
9979,819,2025-04-15,3297.16,deposit,online,14
9980,635,2024-07-13,2466.08,deposit,online,16
9981,186,2025-07-21,3765.75,withdraw,atm,3
9982,446,2025-09-01,408.61,withdraw,online,8
9983,147,2025-05-11,2127.09,payment,atm,2
9984,328,2025-01-30,1312.39,deposit,branch,19
9985,199,2025-06-17,1109.83,withdraw,atm,15
9986,964,2024-01-31,2473.24,deposit,atm,6
9987,785,2024-10-08,1284.33,withdraw,atm,18
9988,120,2024-03-17,1137.25,payment,online,1
9989,470,2025-02-11,2426.06,payment,mobile,17
9990,674,2024-08-17,2492.92,deposit,branch,1
9991,695,2023-12-19,2035.32,withdraw,online,17
9992,802,2025-01-21,1508.84,withdraw,atm,2
9993,680,2024-02-21,983.45,deposit,atm,17
9994,863,2025-04-07,3498.45,transfer,mobile,5
9995,446,2025-06-17,2480.33,withdraw,mobile,13
9996,708,2023-11-25,3633.07,payment,branch,14
9997,544,2024-02-18,3893.42,deposit,mobile,14
9998,605,2024-07-28,3346.68,withdraw,mobile,17
9999,733,2024-07-31,1542.64,transfer,online,11
10000,508,2024-03-31,3158.82,transfer,branch,7
